cik,symbol,security_id,company_name,exchange,industry_code
0001090872,A,7595a8d2-68a6-46d7-910c-6b1958491f5c,"AGILENT TECHNOLOGIES, INC.",NYSE,
0001675149,AA,3ca0202f-01f4-41a0-bb0c-c8864e767ebd,Alcoa Corp,NYSE,
0002034334,AACBU,eaa62d1d-4ff8-4df6-8b0a-80387c77f6b3,Artius II Acquisition Inc.,NASDAQ,
0001420529,AACG,013c1653-577e-4267-8956-3c9d0aa0eca2,ATA Creativity Global,NASDAQ,
0002092897,AACIU,163944b9-0e5d-4b60-b058-c6130f290392,Armada Acquisition Corp. III,NASDAQ,
0002099906,AACOU,1703e0ab-23e9-4c37-b81b-e45de437b87f,Abony Acquisition Corp. I,NASDAQ,
0002102123,AACPU,1d4b38db-1d49-4f61-9c66-70ce08b79c12,Apogee Acquisition Corp,NASDAQ,
0002118195,AADX,c7c1a847-5c4f-4839-a7b2-a945df9bf88e,"Applied Aerospace & Defense, Inc.",NYSE,
0000006201,AAL,41b54729-8470-4593-be38-b3a681871f81,American Airlines Group Inc.,NASDAQ,
0000008177,AAME,66120c4a-e8d8-46d9-a044-efb573abbc7a,ATLANTIC AMERICAN CORP,NASDAQ,
0001748824,AAMI,d13ff42b-699a-448a-b744-5bb2d170b9c2,Acadian Asset Management Inc.,NYSE,
0001158114,AAOI,16a4a26f-e78e-4e9f-8438-b6fe63aa861d,"APPLIED OPTOELECTRONICS, INC.",NASDAQ,
0001158449,AAP,8c14dacf-c722-437a-b798-4b00842e7072,ADVANCE AUTO PARTS INC,NYSE,
0002023311,AAPG,5f2f64bf-844c-4b5a-849b-e1b302a9db6d,ASCENTAGE PHARMA GROUP INTERNATIONAL,NASDAQ,
0001774857,AARD,91a4d574-32bc-4b1e-a88f-c5b8ec9e6ca7,"Aardvark Therapeutics, Inc.",NASDAQ,
0001500217,AAT,f8ec3897-1bc8-4cba-9a68-fd7d85782d02,"American Assets Trust, Inc.",NYSE,
0001993344,AAUC,33a1e434-1d33-4e0f-989f-ceabbc9592ac,Allied Gold Corp,NYSE,
0000825313,AB,50b58aef-2843-4a52-8a21-60b9f23cf5da,ALLIANCEBERNSTEIN HOLDING L.P.,NYSE,
0001576873,ABAT,f4c872be-0acf-49c1-b1b1-41255309ce11,AMERICAN BATTERY TECHNOLOGY Co,NASDAQ,
0001551152,ABBV,09a51104-980a-47b6-ad4d-e4f04059be4a,AbbVie Inc.,NYSE,
0000351569,ABCB,0b666f8b-ad53-4c8e-b200-a47693ab24bf,Ameris Bancorp,NYSE,
0001703057,ABCL,2652df43-e5bd-4504-80f2-4d4d672090bd,AbCellera Biologics Inc.,NASDAQ,
0000318306,ABEO,6d35b483-0aee-4113-9724-8af3157cb72f,ABEONA THERAPEUTICS INC.,NASDAQ,
0001565025,ABEV,38515140-4e0e-4ec4-bb1b-0c2994491efc,AMBEV S.A.,NYSE,
0001144980,ABG,fd7ecda8-13ff-43e3-81cd-50a95a5f3bc9,ASBURY AUTOMOTIVE GROUP INC,NYSE,
0001957489,ABLVW,73111bdf-aac2-493c-bbf5-4507e8115bb2,Able View Global Inc.,NASDAQ,
0000771497,ABM,6b84cb5b-cd55-4951-bc51-2adc2929571d,ABM INDUSTRIES INC /DE/,NYSE,
0001576885,ABOS,25419c82-8fd5-44b7-a6c5-a29c292c8f1b,"Acumen Pharmaceuticals, Inc.",NASDAQ,
0001253986,ABR,8eac17c1-3373-4a13-b935-bd59da5d5d8e,ARBOR REALTY TRUST INC,NYSE,
0000001800,ABT,a097c03a-7ebe-4de6-b729-a82370cd2a6e,ABBOTT LABORATORIES,NYSE,
0001755953,ABTC,d30b2bee-298c-4f5c-b4bc-1cb58fe47fcb,American Bitcoin Corp.,NASDAQ,
0001864055,ABTS,ac93c119-c43a-4fa4-9e84-e6357756edc4,Abits Group Inc,NASDAQ,
0001447028,ABUS,0f148c0c-7f48-4453-ad89-379f25c3cfea,Arbutus Biopharma Corp,NASDAQ,
0001173313,ABVC,0925232d-fb28-467e-8c08-c1a83578408f,"ABVC BIOPHARMA, INC.",NASDAQ,
0001814287,ABX,bfea535d-14c9-4fbb-b0bb-bf16f5415d76,"Abacus Global Management, Inc.",NYSE,
0001739445,ACA,34413a95-ef4a-4a33-97cb-7a852a93dac6,"Arcosa, Inc.",NYSE,
0002096900,ACAAU,715b73cd-a88b-4fa3-a67a-3d209e0ee537,Averin Capital Acquisition Corp.,NASDAQ,
0001070494,ACAD,739b64f4-2873-48f9-99a8-fcc2977cd19a,ACADIA PHARMACEUTICALS INC,NASDAQ,
0001683541,ACB,ae2ee160-8d1f-4eb4-b294-11fb7b75d927,AURORA CANNABIS INC,NASDAQ,
0000712034,ACCO,681115d1-0667-442c-aa0b-c46e79ec5424,ACCO BRANDS Corp,NYSE,
0000843006,ACCS,4302f6f9-a8b0-4dbe-9f6b-72a6e4b38723,ACCESS Newswire Inc.,AMEX,
0001698991,ACEL,ca05c7af-bccb-4818-9c4f-3d1947b04cd9,"Accel Entertainment, Inc.",NYSE,
0001720580,ACET,2072901a-ab82-4531-bb92-596cd420a40b,"Adicet Bio, Inc.",NASDAQ,
0000880984,ACFN,6e7cf729-a99c-43df-bf93-642e98bc3359,"ACORN ENERGY, INC.",NASDAQ,
0002111542,ACGCU,a16a9521-5368-41ab-9579-95ed1c758cff,ACP Holdings Acquisition Corp.,NASDAQ,
0000947484,ACGL,c42feb70-c4a1-48a3-869b-d94eb3998f6e,ARCH CAPITAL GROUP LTD.,NASDAQ,
0000075252,ACH,928a9ce6-11ec-4692-9b71-3c6a06f5f2ff,ACCENDRA HEALTH INC/VA/,NYSE,
0001520697,ACHC,ab41d7a3-9cb3-47a3-bd32-3db84a6d4806,"Acadia Healthcare Company, Inc.",NASDAQ,
0001824502,ACHR,7137e75b-df3b-48d3-9f1c-5750ae9dfb93,Archer Aviation Inc.,NYSE,
0000949858,ACHV,7b73b6ff-3413-46ce-91cc-79f886694810,"ACHIEVE LIFE SCIENCES, INC.",NASDAQ,
0001646972,ACI,e6afb8f5-64ff-4a09-8bf7-e2ba891e0ae8,"Albertsons Companies, Inc.",NYSE,
0001401521,ACIC,fbe1444b-7cab-4445-b587-41ee33a1612f,AMERICAN COASTAL INSURANCE Corp,NASDAQ,
0001651625,ACIU,ca10bf40-6b75-4e5f-9301-e753876c9b9f,AC Immune SA,NASDAQ,
0000935036,ACIW,0f0cb890-5126-41a8-8755-b6ee60b6bb0e,"ACI WORLDWIDE, INC.",NASDAQ,
0001113232,ACLS,82ea58a2-4bf9-424d-b00a-c718f7e07836,AXCELIS TECHNOLOGIES INC,NASDAQ,
0000868857,ACM,d3b26730-a352-406c-95a7-502a8b1c40bc,AECOM,NYSE,
0001680062,ACMR,12774bd5-d688-43b4-b4eb-faea73c7d0fa,"ACM Research, Inc.",NASDAQ,
0001467373,ACN,6eace613-5882-4eca-8635-d1c41ee9e260,Accenture plc,NYSE,
0000095953,ACNT,d740f981-cda8-4ad4-9eba-3e3351644cb5,ASCENT INDUSTRIES CO.,NASDAQ,
0001655923,ACOG,9c825138-9fcf-4611-8598-80f63d692554,Alpha Cognition Inc.,NASDAQ,
0001635077,ACONW,af53fab9-18ef-4e61-a32b-e87beedfb16b,"Aclarion, Inc.",NASDAQ,
0001503290,ACP,9265b10f-5896-4b5e-a488-bd9e45cebb52,abrdn Income Credit Strategies Fund,NYSE,
0001332551,ACR,452a0c9e-c37a-4b22-97f5-a6fc9a1d5a0d,ACRES Commercial Realty Corp.,NYSE,
0001529377,ACRE,dedf640f-d82d-4ba2-816d-ed2e60e25d05,Ares Commercial Real Estate Corp,NYSE,
0001557746,ACRS,3a353cfc-aca3-470a-b987-588e1f4a9751,"Aclaris Therapeutics, Inc.",NASDAQ,
0001781174,ACRV,4f972d18-24b2-46b3-a7a9-e9d7bc8c907e,"Acrivon Therapeutics, Inc.",NASDAQ,
0000934549,ACTG,057ad2b8-3ab2-4a77-90af-a7ecced9fc92,ACACIA RESEARCH CORP,NASDAQ,
0001652935,ACTU,bd4cf004-3bd9-4374-85c9-eef9ca7cc75c,"ACTUATE THERAPEUTICS, INC.",NASDAQ,
0000002098,ACU,c3ee079f-1a30-4fa7-ab1c-36e4631bdd66,ACME UNITED CORP,AMEX,
0001636289,ACV,29f8c27e-3284-4f6d-8f56-9713b020ecdc,Virtus Diversified Income & Convertible Fund,NYSE,
0001637873,ACVA,88a56b45-2db5-49e7-8558-c0b95f23d5a4,ACV Auctions Inc.,NYSE,
0001736243,ACXP,57ad4f96-1a68-463b-b776-63125da9f182,"Acurx Pharmaceuticals, Inc.",NASDAQ,
0000821130,AD,49704554-3c47-4175-b52c-1019b09ed904,"ARRAY DIGITAL INFRASTRUCTURE, INC.",NYSE,
0002083002,ADACU,a82018fa-d123-4e46-8d32-ee88751ba9c4,American Drive Acquisition Co,NASDAQ,
0001273685,ADAM,be02efe5-b7b6-41a3-99bc-ef3f35dbd06c,"ADAMAS TRUST, INC.",NASDAQ,
0000917251,ADC,165eb374-e115-4dfe-9da7-5963c4056890,AGREE REALTY CORP,NYSE,
0001771910,ADCT,ceae9986-29f0-493a-8919-3d370b35912a,ADC Therapeutics SA,NYSE,
0002006986,ADGM,a42106f2-bb9f-47ea-b6ba-4bcdf0b221e9,"Adagio Medical Holdings, Inc.",NASDAQ,
0000006281,ADI,e72fbd29-be6b-43c2-80c6-b6e80d5b23db,ANALOG DEVICES INC,NASDAQ,
0002105139,ADIG,dc37b944-b9e1-4a57-911c-586bb4ee2154,ADI GLOBAL DISTRIBUTION INC.,NYSE,
0001513525,ADIL,8cc066c7-5d4c-4205-b7f7-fa4941bdfa7a,"ADIAL PHARMACEUTICALS, INC.",NASDAQ,
0000007084,ADM,41e7c72d-bf5f-4ff9-9813-387ef5038cf3,Archer-Daniels-Midland Co,NYSE,
0001368514,ADMA,8ece6223-c699-4d88-b50f-4170ed6fd724,"ADMA BIOLOGICS, INC.",NASDAQ,
0000008670,ADP,6ca2e51d-21df-4ff0-a134-abfdbe084142,AUTOMATIC DATA PROCESSING INC,NASDAQ,
0001478320,ADPT,6e1ee27c-582e-4d0c-bf03-9dbb4f6cef6a,Adaptive Biotechnologies Corp,NASDAQ,
0001879248,ADSEW,f6e3182d-d1ab-4f73-bb65-3b332f1c12a1,Ads-Tec Energy Public Ltd Co,NASDAQ,
0000769397,ADSK,a21ecb08-ff55-4c19-94d3-a8d607d91be8,"Autodesk, Inc.",NASDAQ,
0001703056,ADT,89250558-f610-43ad-984d-bf8e8543f6a4,ADT Inc.,NYSE,
0000926282,ADTN,a18a1262-cfa0-4e86-a555-c885e7b87e5a,"ADTRAN Holdings, Inc.",NASDAQ,
0001863934,ADUR,da8d7282-9815-4557-88b8-d7327775e46b,ADURO CLEAN TECHNOLOGIES INC.,NASDAQ,
0001468328,ADUS,1099a725-d87f-4e76-916c-2121e03bd592,Addus HomeCare Corp,NASDAQ,
0001776661,ADV,2cc5ff82-fd0c-4c65-881c-ad748298d42a,Advantage Solutions Inc.,NASDAQ,
0001941029,ADVB,ff925deb-27f7-402c-8bd1-9c74ea92c85b,Advanced Biomed Inc.,NASDAQ,
0000002230,ADX,a0e4339c-2522-4025-a960-d8fd15a6726b,"ADAMS DIVERSIFIED EQUITY FUND, INC.",NYSE,
0001574232,ADXN,ce2c48fb-daf5-4db7-aef5-1a88cd2d8f06,Addex Therapeutics Ltd.,NASDAQ,
0002083689,AEAQU,4bc915ea-1679-429e-9cef-e56a9432c112,Activate Energy Acquisition Corp.,NASDAQ,
0002048519,AEBI,5ffc5640-8113-4b74-ae05-713d76d6ea8b,Aebi Schmidt Holding AG,NASDAQ,
0001519469,AEC,976a8ea6-16a1-4fd2-9955-528cfb5e9146,ANFIELD ENERGY INC.,NASDAQ,
0001002910,AEE,98ce4784-3b9a-4a4f-88ec-f2db2f1e8961,AMEREN CORP,NYSE,
0000846676,AEF,4a63bc78-fa4c-494a-836c-467cccb1d17a,"abrdn Emerging Markets ex-China Fund, Inc.",AMEX,
0000769218,AEG,df6b5e7d-ea5e-4670-b2a0-3a107d748bf3,AEGON LTD.,NYSE,
0001470683,AEHL,373a1796-2fd2-48d7-b2ca-03ad82662c11,Antelope Enterprise Holdings Ltd,NASDAQ,
0001040470,AEHR,93cb6292-56c4-4531-b65e-e92e1dc9d0e5,AEHR TEST SYSTEMS,NASDAQ,
0000927003,AEIS,80149eab-4700-4a98-ba25-2fff713c38ca,ADVANCED ENERGY INDUSTRIES INC,NASDAQ,
0000002809,AEM,0610e7b1-1113-47f5-bc4b-971e0bd5cce4,AGNICO EAGLE MINES LTD,NYSE,
0000882291,AEMD,9f12aa38-030f-406d-937e-9d9fe46e1dad,AETHLON MEDICAL INC,NASDAQ,
0001823584,AENTW,b3222c9d-2314-4320-b1f0-ac22e7405dee,ALLIANCE ENTERTAINMENT HOLDING CORP,NASDAQ,
0000919012,AEO,be507550-631b-4803-b496-107adf9dd698,AMERICAN EAGLE OUTFITTERS INC,NYSE,
0001837607,AEON,eaf11ce5-3ff2-49ec-8a4f-65e73403195d,"AEON Biopharma, Inc.",AMEX,
0001378789,AER,34ed070f-b027-4163-9fd8-68cf19df451b,AerCap Holdings N.V.,NYSE,
0001561861,AERO,c04c36a0-5abc-4c15-beb3-33ca83888192,"Grupo Aeromexico, S.A.B. de C.V.",NYSE,
0001853044,AERTW,dc77c47f-22fa-40f5-a61d-5981b3dabb42,"Aeries Technology, Inc.",NASDAQ,
0000874761,AES,13488509-3dd7-4e28-9ede-1531dc353354,AES CORP,NYSE,
0001984060,AESI,08aae246-03b9-4954-b604-1832c55343e7,Atlas Energy Solutions Inc.,NYSE,
0002082526,AESPU,6c3e642d-43f0-4462-868e-ca1144a1c001,Aeon Acquisition I Corp.,NASDAQ,
0001789029,AEVA,320f6c7a-687f-46e4-b82b-8512dc4ccf2f,"Aeva Technologies, Inc.",NASDAQ,
0002079173,AEXA,5ca2b5bc-cdf5-4af7-b23b-9069fb6bde59,American Exceptionalism Acquisition Corp. A,NYSE,
0001362190,AEYE,8d2d7604-d0b5-4cc4-8934-e66169e8baad,AUDIOEYE INC,NASDAQ,
0001162027,AFB,9b86acc6-a596-4db8-9aa0-65725df18b7f,ALLIANCEBERNSTEIN NATIONAL MUNICIPAL INCOME FUND,NYSE,
0001822523,AFCG,fe9317e8-465c-44d1-bcdc-27d00427641a,Advanced Flower Capital Inc.,NASDAQ,
0001042046,AFG,f3932bee-ebd2-4962-8717-6511f2125275,AMERICAN FINANCIAL GROUP INC,NYSE,
0001979005,AFJKU,de35eee1-cbf8-40dd-90d2-233b0c714bd1,"Aimei Health Technology Co., Ltd.",NASDAQ,
0000004977,AFL,25335910-dc9d-45fe-bc65-dc6b0ff5e2f4,AFLAC INC,NYSE,
0001903870,AFRIW,f0d5ed70-8822-4e40-b961-ca0a60d08be1,Forafric Global PLC,NASDAQ,
0001308648,AG,36913529-0b3c-4349-8360-e266720c49a2,FIRST MAJESTIC SILVER CORP,NYSE,
0002081206,AGBK,496f9c1a-14f2-401f-97ef-4dc1e05cd9b7,AGI Inc,NYSE,
0002060016,AGCC,50b5e9e4-2676-46e0-a53d-f1b16c127e6e,Agencia Comercial Spirits Ltd.,NASDAQ,
0000880266,AGCO,bfc3650e-2637-4080-90bf-8c235aa78774,AGCO CORP /DE,NYSE,
0001362481,AGD,084a1c38-56ff-47d0-a847-2372b4c4007f,abrdn Global Dynamic Dividend Fund,NYSE,
0001098972,AGEN,177c72c9-99a2-4c98-96cc-c782f83dd45d,AGENUS INC,NASDAQ,
0001178819,AGI,0d3076c3-d05c-4930-93ed-cc634512af40,ALAMOS GOLD INC,NYSE,
0001156041,AGIG,d7e4d334-ef01-4760-8bfe-ab76d6bfc2e6,"ABUNDIA GLOBAL IMPACT GROUP, INC.",AMEX,
0001439222,AGIO,00f336cc-8448-4c78-aba4-be5e38b4b102,"AGIOS PHARMACEUTICALS, INC.",NASDAQ,
0001831097,AGL,76ab3f85-6bf3-444a-a27c-6587d7bee2a1,"agilon health, inc.",NYSE,
0000845877,AGM,b954684f-bd77-4f2d-a885-ba23bcacaeb8,FEDERAL AGRICULTURAL MORTGAGE CORP,NYSE,
0002020932,AGMB,0f207a70-64ae-4212-8616-cf84de8adab4,Agomab Therapeutics NV,NASDAQ,
0001423689,AGNC,7c719276-2ed5-4cec-a0f8-1a74c5dc484f,AGNC Investment Corp.,NASDAQ,
0001273813,AGO,38e7f438-3375-4b6b-939d-f2d20d787799,ASSURED GUARANTY LTD,NYSE,
0001446159,AGPU,d644c750-748b-4522-8aa6-17b19c018c3d,Axe Compute Inc.,NASDAQ,
0001499505,AGRO,3fd9b547-db79-4b47-a6bf-8b633d85cccf,Adecoagro S.A.,NYSE,
0000100591,AGX,59a754e4-e566-43e2-ac4f-35f4f674f9b0,ARGAN INC,NYSE,
0000078749,AGYS,b45e789e-a06e-4864-a5e9-0f0daa5d613a,AGILYSYS INC,NASDAQ,
0001725255,AHCO,54583565-a561-472d-85de-a2a30470af64,AdaptHealth Corp.,NASDAQ,
0001702318,AHG,f1c25463-c59c-4495-aca5-594138c687dd,Akso Health Group,NASDAQ,
0002010959,AHMA,d1775d03-093a-4e5a-aea8-1002e448eae4,AMBITIONS ENTERPRISE MANAGEMENT CO. L.L.C,NASDAQ,
0001632970,AHR,e9e567d4-a59a-44a2-8b27-d3dec0ce67ab,"American Healthcare REIT, Inc.",NYSE,
0001569187,AHRT,1f688063-e2c7-463c-9cf5-ae9124bc4326,"AH Realty Trust, Inc.",NYSE,
0001232582,AHT,33bd8bcd-0c1d-4ea6-96a9-be61554b5516,ASHFORD HOSPITALITY TRUST INC,NYSE,
0001577526,AI,5c7ab212-95bc-489b-ad35-7b63ad1cc0b8,"C3.ai, Inc.",NYSE,
0002070542,AIB,28ef66ec-d92d-478b-9bab-80a589f09d25,AIB Data Centers Inc.,AMEX,
0002100457,AIBZ,9f568cd6-e43f-4ae8-8042-491b7ba2f05b,Bitzero Holdings Inc.,NASDAQ,
0001139685,AIDX,a6713b29-7bb6-4c8a-96f8-7ab2dd1b0b23,"20/20 Biolabs, Inc.",NASDAQ,
0001708341,AIFA,9115983c-4ed6-4043-9a61-f65ec6bcc8ec,"All In FutureTech Alliance, Inc.",NASDAQ,
0000862861,AIFC,d1c4b955-813f-40ad-b970-1eadb3687096,AI Financial Corp,NASDAQ,
0000803578,AIFF,45493508-1c78-4693-bde2-83921ad223f1,"FIREFLY NEUROSCIENCE, INC.",NASDAQ,
0000005272,AIG,1ca76fea-6487-4cde-a341-07517b3286a0,"AMERICAN INTERNATIONAL GROUP, INC.",NYSE,
0001711012,AIHS,b808ba69-61f6-4a44-97a9-7705182a71e4,Senmiao Technology Ltd,NASDAQ,
0002007587,AII,51d23885-2d04-4531-b10f-0388bd2c9432,"American Integrity Insurance Group, Inc.",NYSE,
0002073553,AIIA,1081abad-186b-4c15-96b5-99694da6ff49,AI Infrastructure Acquisition Corp.,NYSE,
0001932737,AIIOW,1d78f9d6-18c6-483b-8cee-985bbff97014,ROBO.AI INC.,NASDAQ,
0002097725,AIIR,486cba7d-6ab2-40c7-a529-1bc4a80e56a1,AIR Global PLC,NASDAQ,
0000946644,AIM,b87e759b-e395-4428-8059-44bda5054edc,AIM ImmunoTech Inc.,AMEX,
0001014763,AIMDW,2dc893b5-3456-413f-8009-68b4425350a4,"Ainos, Inc.",NASDAQ,
0000819793,AIN,8d934924-6384-4e85-ba00-894cc0c42c6b,ALBANY INTERNATIONAL CORP /DE/,NYSE,
0001778114,AIO,3ee94cdb-4e5a-4d7f-960b-43ac0ce13780,Virtus Artificial Intelligence & Technology Opportunities Fund,NYSE,
0001774170,AIOT,5979ee0a-0429-43d9-8050-09a5dd604dd3,"Powerfleet, Inc.",NASDAQ,
0001667011,AIP,0f5d6f35-3003-4b0b-8773-c7952c219e30,"Arteris, Inc.",NASDAQ,
0000001750,AIR,5374cd41-8d77-4515-89d3-1947acd33e7b,AAR CORP,NYSE,
0001859199,AIRE,99cb22c8-5a74-4019-b2fc-d9b87d8a5487,reAlpha Tech Corp.,NASDAQ,
0001272842,AIRG,d57a439c-92b0-4953-9952-57c432b5ad9e,AIRGAIN INC,NASDAQ,
0001009891,AIRI,c04c503b-4a00-4713-b665-f805d5c2c180,AIR INDUSTRIES GROUP,AMEX,
0001855474,AIRJW,98421180-3453-4110-a4e0-aafd1f9719b8,AirJoule Technologies Corp.,NASDAQ,
0001927958,AIRO,5b4083f4-b283-4129-b605-bde41ba93823,"AIRO Group Holdings, Inc.",NASDAQ,
0001870940,AIRS,67658b71-3bfb-42f5-8fc9-3b3f6e13da07,"Airsculpt Technologies, Inc.",NASDAQ,
0001842566,AISPW,c43a9d27-bccd-4914-8c09-b70ac169eed6,"Airship AI Holdings, Inc.",NASDAQ,
0000109563,AIT,e921e6ad-d446-4f92-b21e-a644a9f5add6,APPLIED INDUSTRIAL TECHNOLOGIES INC,NYSE,
0000922864,AIV,20998f07-245e-4265-9521-5d2dd0b42b47,APARTMENT INVESTMENT & MANAGEMENT CO,NYSE,
0001460702,AIXC,f47bd162-033d-4ec3-bd84-760fa1d08c66,"AIxCrypto Holdings, Inc.",NASDAQ,
0001267238,AIZ,85000f80-734c-4f0c-b20a-7b7c1e9ec200,"ASSURANT, INC.",NYSE,
0000354190,AJG,661531e0-6ce1-4238-b3d7-7247ddf8a99c,Arthur J. Gallagher & Co.,NYSE,
0001865107,AKA,8adce423-ee4a-4291-9833-316f982e2bf3,A.K.A. BRANDS HOLDING CORP.,NYSE,
0001086222,AKAM,b8af2065-5072-453b-9d95-5c3934c2fba7,AKAMAI TECHNOLOGIES INC,NASDAQ,
0001517022,AKBA,03d52475-5033-4a90-be28-2d3c174f0e86,"Akebia Therapeutics, Inc.",NASDAQ,
0000899629,AKR,e3fc6492-a60d-47bb-89cb-35b4a233794e,ACADIA REALTY TRUST,NYSE,
0002035832,AKTS,9ba501bf-963c-4314-bba4-c9a0e2092785,"Aktis Oncology, Inc.",NASDAQ,
0001541157,AKTX,1199d0f5-95d6-4261-b260-4d80f0f47929,Akari Therapeutics Plc,NASDAQ,
0001736297,ALAB,9c4f8e1f-1d92-4b53-b7c8-b5678f972259,"Astera Labs, Inc.",NASDAQ,
0001725332,ALAR,28e143ba-b3a5-46fe-b4f4-ce2b83dbe2c2,Alarum Technologies Ltd.,NASDAQ,
0000915913,ALB,90771657-de50-427a-9042-6b257dae4b7d,ALBEMARLE CORP,NYSE,
0002031561,ALDFU,2647d55e-37e5-4665-bd2d-5580e29a7daa,Aldel Financial II Inc.,NASDAQ,
0001341235,ALDX,0f617181-38fb-4f29-9029-4e8948d383f2,"Aldeyra Therapeutics, Inc.",NASDAQ,
0001653087,ALEC,76325347-e438-4483-ba55-222dc32022a8,"Alector, Inc.",NASDAQ,
0002010930,ALFUU,e81cf95b-7681-46ad-83a5-49b2c83d58e4,Centurion Acquisition Corp.,NASDAQ,
0000897077,ALG,d87c5a0c-907d-4740-8ea8-c5f962b4fa34,ALAMO GROUP INC,NYSE,
0000866291,ALGM,ac4b1970-44ac-4584-a2bc-081b1afe2430,"ALLEGRO MICROSYSTEMS, INC.",NASDAQ,
0001097149,ALGN,53833666-cd3e-442c-8d59-3c4af8ce7aa4,ALIGN TECHNOLOGY INC,NASDAQ,
0001799448,ALGS,b3d8ece1-289b-4682-869a-ed0b8b4d2daf,"Aligos Therapeutics, Inc.",NASDAQ,
0001362468,ALGT,5823671d-c4d2-4981-b21b-62ddcb304f5b,Allegiant Travel CO,NASDAQ,
0001317685,ALH,5a2810c3-65a4-4ef5-be66-ab8c4ff1c79b,Alliance Laundry Holdings Inc.,NYSE,
0001832466,ALHC,18657e1e-1800-4127-84cd-260ec8fdbbe6,"Alignment Healthcare, Inc.",NASDAQ,
0002026767,ALISR,9f94dbb9-e6e5-4874-bab7-89978c902a35,Calisa Acquisition Corp,NASDAQ,
0001809104,ALIT,cc7b4823-f5db-4a3a-a1f6-a94cef83e1d1,"Alight, Inc. / Delaware",NYSE,
0000766421,ALK,706a4e67-10db-4ca5-9d05-5163302d734d,"ALASKA AIR GROUP, INC.",NYSE,
0001520262,ALKS,c8309058-b324-4afc-af7d-b45f288c975e,Alkermes plc.,NASDAQ,
0001529274,ALKT,066be470-40f2-4e18-a4b4-5ef406b5b961,"ALKAMI TECHNOLOGY, INC.",NASDAQ,
0000899051,ALL,9f5ab4fb-335d-41ef-83d9-4d0abbd61fde,ALLSTATE CORP,NYSE,
0001579241,ALLE,2f630203-b16e-463e-95a9-9f2a585138c4,Allegion plc,NYSE,
0001737287,ALLO,eac6e562-5b04-4b6a-9abe-7b1e3c9f5008,"Allogene Therapeutics, Inc.",NASDAQ,
0001860657,ALLR,a5fdfbe8-dd62-49af-8c76-e8f372836ef1,"Allarity Therapeutics, Inc.",NASDAQ,
0000040729,ALLY,d9229b92-203e-44c8-a622-fcdf13e47aa1,Ally Financial Inc.,NYSE,
0001670061,ALM,ca5335ad-f7fb-4010-aced-89a51bc8eb16,Almonty Industries Inc.,NASDAQ,
0002104204,ALMR,f315ad95-a309-42b1-9168-6a4b07a4cd34,"Alamar Biosciences, Inc.",NASDAQ,
0001847367,ALMS,7513234e-00e1-4a46-90a7-2f5e7d4430c2,ALUMIS INC.,NASDAQ,
0001828805,ALMU,2fdadc5a-ac5e-42aa-a6af-4db9b1747233,"Aeluma, Inc.",NASDAQ,
0000046129,ALNT,6daa3635-4360-4f03-9d01-09232cd92f2b,ALLIENT INC,NASDAQ,
0001178670,ALNY,5d676c76-d368-455c-91a5-e349a883ac15,"ALNYLAM PHARMACEUTICALS, INC.",NASDAQ,
0000008146,ALOT,b0ff2d40-6ec2-4fc2-a52a-a1109314114f,"AstroNova, Inc.",NASDAQ,
0002083989,ALOVU,321ebe37-28c7-42f1-b5c4-22087e009506,"Aldabra 4 Liquidity Opportunity Vehicle, Inc.",NASDAQ,
0001567900,ALOY,8161fe5b-92b8-444f-81cd-7a429d0a21b6,REALLOYS INC.,NASDAQ,
0001095435,ALP,8d550304-2154-4db9-9ccd-86e82b2bf18d,Alpha Compute Corp,NASDAQ,
0002125551,ALPXU,5c72bc00-9c3f-4814-9f6c-eb347c84574e,Alpex Acquisition Corp,NASDAQ,
0001459200,ALRM,93c9d209-0a8f-4a9a-b6af-66876bcfcbeb,"Alarm.com Holdings, Inc.",NASDAQ,
0000903419,ALRS,c797f82d-04e2-43b7-9c96-4610d65e5dd4,ALERUS FINANCIAL CORP,NASDAQ,
0001411207,ALSN,4a1a9d7f-76d9-4701-9cd3-754f8568a3e4,Allison Transmission Holdings Inc,NYSE,
0001326190,ALT,9c377ef8-cfba-48a3-83f2-ee4b91d2fe21,"Altimmune, Inc.",NASDAQ,
0001759824,ALTG,99aa6bc3-7192-4cc4-b2fe-9cb4d9652a35,ALTA EQUIPMENT GROUP INC.,NYSE,
0001838615,ALTI,b1efa3bb-fc33-439f-a644-7bcb189ab0fb,"AlTi Global, Inc.",NASDAQ,
0000778164,ALTO,21cbbcc1-f2ea-4a04-ba88-4fb25ded52fa,"Alto Ingredients, Inc.",NASDAQ,
0002041493,ALUB,03fe1f63-ad30-46d6-b8dd-88cc26120fd8,Alussa Energy Acquisition Corp. II,NYSE,
0001034670,ALV,5bb869bb-1ef2-4644-a0c2-a9289a597262,AUTOLIV INC,NYSE,
0001898416,ALVOW,7b0580ef-bc7d-4431-826f-76ccb39a6165,Alvotech,NASDAQ,
0000003499,ALX,0b91d22e-c6d5-4d4b-a467-da65b5faa12d,ALEXANDERS INC,NYSE,
0001810182,ALXO,b20a488e-0fd5-4d4a-8ef8-96af8d78cf52,ALX ONCOLOGY HOLDINGS INC,NASDAQ,
0001677077,ALZN,e1b49847-5c55-41c7-a81b-a812a91d1c78,"Alzamend Neuro, Inc.",NASDAQ,
0001623925,AM,b7c91d5a-cf61-4cca-ba92-596c4b4bb6dc,Antero Midstream Corp,NYSE,
0002110119,AMACU,7a83dba3-08ca-4922-bde9-5afabb7dd9f5,AMR Resources Acquisition Corp.,NASDAQ,
0001823608,AMAL,47edadbb-bb3a-44cc-88e9-78f93bf5390e,Amalgamated Financial Corp.,NASDAQ,
0002112457,AMAN,5001e104-1341-495d-a493-61f58cf3a2a5,Amanat Acquisition Corp.,NASDAQ,
0000006951,AMAT,ce4833e1-c561-492a-aace-7eb451d09e02,APPLIED MATERIALS INC /DE,NASDAQ,
0001280263,AMBA,f976cf34-2854-4b40-91d7-d846ad3a3633,AMBARELLA INC,NASDAQ,
0001845097,AMBP,8d056e56-eb70-4254-ba10-e009a826842f,Ardagh Metal Packaging S.A.,NYSE,
0001500412,AMBQ,88e76d24-518c-498f-b12c-9fc027c7e7ba,"Ambiq Micro, Inc.",NYSE,
0001697818,AMBR,53144ef6-2be8-4d3d-84d8-c58a1ba5912b,Amber International Holding Ltd,NASDAQ,
0001411579,AMC,b1dca6a5-6502-455d-8c80-de5b83faba76,"AMC ENTERTAINMENT HOLDINGS, INC.",NYSE,
0001937891,AMCI,4a438a0a-2946-4957-9627-918c673de24c,AMC Robotics Corp,NASDAQ,
0001514991,AMCX,f54d13d4-86f0-4ea3-8c1b-ab21e25ff3ff,AMC Global Media Inc.,NASDAQ,
0000002488,AMD,03fb07bb-5db1-4077-8dea-5d711b272625,ADVANCED MICRO DEVICES INC,NASDAQ,
0001037868,AME,6642e128-03ee-4bc9-bd3f-8f49424480d7,AMETEK INC/,NYSE,
0001004434,AMG,495fe213-8b70-4585-994b-6b8efa4bbfaf,"AFFILIATED MANAGERS GROUP, INC.",NYSE,
0001562401,AMH,a1f891ac-00b7-41e0-a0b7-018525c90095,American Homes 4 Rent,NYSE,
0001617867,AMIX,7f5623de-e58b-4279-b51a-b1ad1dc6f363,"Autonomix Medical, Inc.",NASDAQ,
0001047127,AMKR,f5021fca-425e-4b09-af64-deb575d21931,"AMKOR TECHNOLOGY, INC.",NASDAQ,
0001658551,AMLX,c3fbfebb-ec36-4697-b927-d65d68fe1603,"Amylyx Pharmaceuticals, Inc.",NASDAQ,
0001142750,AMN,c3dc5059-729f-4ac0-9f97-ec0579c0ae96,AMN HEALTHCARE SERVICES INC,NYSE,
0001862463,AMODW,8d8ff2c4-9052-4590-acaa-366f19f664b8,"ALPHA MODUS HOLDINGS, INC.",NASDAQ,
0000820027,AMP,764073e3-4e48-4a2c-aee2-45b0a0dfb9cc,AMERIPRISE FINANCIAL INC,NYSE,
0001518461,AMPG,2ee997d7-9cb4-4568-8d5e-39f0de478468,"AmpliTech Group, Inc.",NASDAQ,
0001297184,AMPH,4665ba15-b2ea-434b-9e6d-af198446ad5e,"Amphastar Pharmaceuticals, Inc.",NASDAQ,
0001899287,AMPX,76189e24-7e6f-4483-a6c9-d8fa278340c5,"Amprius Technologies, Inc.",NYSE,
0001533924,AMPY,1bd79a4c-40e4-445b-848a-0feeec0579cd,Amplify Energy Corp.,NYSE,
0001704715,AMR,79320709-15b7-40df-b55e-dcae42788ca2,"Alpha Metallurgical Resources, Inc.",NYSE,
0001488139,AMRC,a2192ded-0453-47c1-9428-bc023efb35f8,"Ameresco, Inc.",NYSE,
0000897448,AMRN,8c35598c-38db-4a86-8eb5-619dc075d9f0,AMARIN CORP PLCUK,NASDAQ,
0001723128,AMRX,ddac09a2-793e-416a-b96b-a44c5f21ef65,"Amneal Pharmaceuticals, Inc.",NASDAQ,
0002035989,AMRZ,244d2d43-7e79-4e1e-848b-dc1a686b5d00,Amrize Ltd,NYSE,
0000744825,AMS,326d2437-4fb8-49b1-b81f-0f375c4e872e,AMERICAN SHARED HOSPITAL SERVICES,AMEX,
0000880807,AMSC,69930a89-3f91-401c-8771-a92ff46c9559,AMERICAN SUPERCONDUCTOR CORP /DE/,NASDAQ,
0001018979,AMSF,ad349cf6-ecb0-43c5-bf45-9cf7f09a1112,AMERISAFE INC,NASDAQ,
0001851491,AMSS,11cce6f9-e840-4a0f-9d03-1bb73ac03d8b,AMASS BRANDS,NASDAQ,
0001807166,AMST,cc3687fd-f901-49b2-bc7f-6357e9c17ca3,Amesite Inc.,NASDAQ,
0001053507,AMT,a148da60-6af9-443b-a3a9-9d3e65eb91e9,AMERICAN TOWER CORP /MA/,NYSE,
0001734342,AMTB,b700cfbc-d082-4890-ade5-99e228f45ed2,Amerant Bancorp Inc.,NYSE,
0002011286,AMTM,ea8dfe3f-1aaa-44ed-8e8f-c6733aeb95e9,"Amentum Holdings, Inc.",NYSE,
0000738214,AMTX,4a29d4bb-3f2c-420a-899b-5351dce8879e,"AEMETIS, INC",NASDAQ,
0001393584,AMWL,69cc6dc0-9744-49c5-9881-bee678ccf58e,American Well Corp,NYSE,
0001880343,AMZE,65f4d15a-3dc8-4d21-97a3-1a6bf27e7276,"AMAZE HOLDINGS, INC.",AMEX,
0001018724,AMZN,f801f835-bfe6-4a9d-a6b1-ccbb84bfd75f,AMAZON COM INC,NASDAQ,
0000350698,AN,fe3f7d4c-cb53-4767-ad24-61520d0529f1,"AUTONATION, INC.",NYSE,
0001370053,ANAB,2e7053d2-eaff-4f03-a506-7aa5f475dca6,"ANAPTYSBIO, INC",NASDAQ,
0000821026,ANDE,04b736d9-5a2d-43aa-99b8-a92764c9daf2,"Andersons, Inc.",NASDAQ,
0002065708,ANDG,adbf9f43-6e86-435d-bfa1-266b0beb4665,Andersen Group Inc.,NYSE,
0001596532,ANET,0f1e6e45-a44d-4e3e-a53a-ffbdf25eb283,"Arista Networks, Inc.",NYSE,
0001018840,ANF,d01c9857-0023-4252-acb6-02dfd409159f,ABERCROMBIE & FITCH CO /DE/,NYSE,
0001871983,ANGHW,b95ca5e6-413f-491b-97bb-7b00aafb0998,Anghami Inc,NASDAQ,
0001275187,ANGO,329802fe-c400-439b-bc8a-7f98107281ff,ANGIODYNAMICS INC,NASDAQ,
0001865200,ANGX,6758042f-547d-45b7-ab50-2fae00951df7,"Angel Studios, Inc.",NYSE,
0000898437,ANIK,0856f372-5648-4670-8495-65660015b4ef,"Anika Therapeutics, Inc.",NASDAQ,
0001023024,ANIP,c867d500-0293-4c79-920e-b261b23b33b0,ANI PHARMACEUTICALS INC,NASDAQ,
0000715446,ANIX,24508c9c-900f-49d0-824a-33e5f1fd52e2,Anixa Biosciences Inc,NASDAQ,
0001944552,ANL,c42ead92-28f3-41c3-98f9-5cfa87ca8158,Adlai Nortye Ltd.,NASDAQ,
0001845123,ANNAW,b8be8354-3303-4c28-9f95-37cae7399da7,"AleAnna, Inc.",NASDAQ,
0001528115,ANNX,f526a517-ec3c-4da6-9682-58effb465ddd,"Annexon, Inc.",NASDAQ,
0002031688,ANPA,fc54f7d7-2f18-49c4-aac8-b04053397886,Rich Sparkle Holdings Ltd,NASDAQ,
0001999480,ANRO,17cd67cb-3032-4878-ad0d-74dab1e56efe,"Alto Neuroscience, Inc.",NYSE,
0001854149,ANSCU,1547ecd8-3d9e-4a94-89d9-8bc2fd40c8a9,Agriculture & Natural Solutions Acquisition Corp,NASDAQ,
0002044255,ANTA,b28698e0-1206-4990-a49b-ddee65cfd349,Antalpha Platform Holding Co,NASDAQ,
0001880438,ANTX,262ea88e-21f6-4117-ab07-1b159538dbfd,"AN2 Therapeutics, Inc.",NASDAQ,
0001477845,ANVS,d99a209f-9648-4d14-a80a-121ce2c57672,"Annovis Bio, Inc.",NYSE,
0001591956,ANY,093d9e06-cc4d-4ee2-9694-6a44b6fe1e59,Sphere 3D Corp.,NASDAQ,
0001379400,AOD,ecd5c7b6-757f-4b29-b093-24f0a08197e5,abrdn Total Dynamic Dividend Fund,NYSE,
0001766478,AOMR,9c0b8321-3a9e-4fea-8b7c-9a4009941339,"Angel Oak Mortgage REIT, Inc.",NYSE,
0000784199,AORT,0e1806f4-a00b-48bc-ab50-596304e196f9,"ARTIVION, INC.",NYSE,
0000091142,AOS,f07f3cff-5ef1-4892-bd34-a4155d984226,SMITH A O CORP,NYSE,
0001387467,AOSL,54d10647-e403-4657-b713-ca4d75c58629,ALPHA & OMEGA SEMICONDUCTOR Ltd,NASDAQ,
0001808997,AOUT,80aa483e-ab53-4e5b-a80f-45cdc7367200,"American Outdoor Brands, Inc.",NASDAQ,
0000006176,AP,ba197d1c-8104-4aed-9331-e2507fe04fa1,AMPCO PITTSBURGH CORP,NYSE,
0002043630,APACU,84d7ffe1-70b9-4bfb-9b48-16ccfacae310,StoneBridge Acquisition II Corp,NASDAQ,
0001517302,APAM,5cdb627c-4917-4da4-b4d3-22f3a6747aca,Artisan Partners Asset Management Inc.,NYSE,
0002080921,APC,492d6f8c-7dbc-44b2-8927-d684d56650cc,ARKO Petroleum Corp.,NASDAQ,
0000002969,APD,57ca9916-468b-4c77-8be7-2495a7c17df2,"Air Products & Chemicals, Inc.",NYSE,
0001201792,APEI,01c893ba-85d6-4ff8-93cd-6c6d6972465c,AMERICAN PUBLIC EDUCATION INC,NASDAQ,
0001796209,APG,206a6bf6-82f4-4a16-ba29-88f9ee0918c2,APi Group Corp,NYSE,
0001974640,APGE,1c43c65b-7efd-4a58-89e9-84764eb71a17,"Apogee Therapeutics, Inc.",NASDAQ,
0000820313,APH,4b36cdb2-64e4-4f6c-9dd6-8c1326cf5829,AMPHENOL CORP /DE/,NYSE,
0001144879,APLD,f39e42cd-b178-4015-97f9-76d07b0654e6,Applied Digital Corp.,NASDAQ,
0001418121,APLE,aea77940-44d6-4423-afce-59b5476bed42,"Apple Hospitality REIT, Inc.",NYSE,
0001944885,APLMW,086eb1de-0eed-4ff7-a23f-7f8701265998,Apollomics Inc.,NASDAQ,
0002101393,APMCU,68353a43-ec72-4cd6-abde-d2845b4ffaf1,AmperCap Acquisition Co,NASDAQ,
0001745648,APMD,c5f5b08f-e4f3-440f-90c4-ddfa6c855dde,"Apnimed, Inc.",NASDAQ,
0001858681,APO,4493d0ec-797a-4e84-a849-06aa60fb726f,"Apollo Global Management, Inc.",NYSE,
0000006845,APOG,6986c745-f1c7-4ec1-a37e-3d00c276fdd2,"APOGEE ENTERPRISES, INC.",NASDAQ,
0000317788,APPS,a3f6daaa-b2f2-4973-9eeb-a6c4f397c044,"Digital Turbine, Inc.",NASDAQ,
0001781983,APRE,2a5acbe7-37e1-47e1-a23e-775c5c27bd80,"Aprea Therapeutics, Inc.",NASDAQ,
0000884269,APT,37d3a85b-8812-4e2d-9c6b-4c877a2b6e00,ALPHA PRO TECH LTD,AMEX,
0001521332,APTV,372dd257-daba-4869-8495-a42fbe748204,Aptiv PLC,NYSE,
0002093524,APURR,bdbde08d-d8c3-43d7-aa72-8d4e46941619,Aperture AC,NASDAQ,
0001894525,APUS,f111fde6-b722-4610-b0ab-9dd9a0a2999d,"Apimeds Pharmaceuticals US, Inc.",AMEX,
0001671584,APVO,e4d24b0c-50de-4a1e-89ed-bcf9d06eb359,Aptevo Therapeutics Inc.,NASDAQ,
0001026980,APWC,4adf8b2a-f712-488e-b76a-9470a6ceaf41,ASIA PACIFIC WIRE & CABLE CORP LTD,NASDAQ,
0002079253,APXTU,f88ae11c-5d75-4d0a-a7f4-18fc649c6631,Apex Treasury Corp,NASDAQ,
0000719135,APYX,1bd12b7c-6ccf-4407-a852-ab834ba2f0cc,Apyx Medical Corp,NASDAQ,
0001603978,AQB,b5d80641-5bf6-441e-99e9-f016e2c48e60,AQUABOUNTY TECHNOLOGIES INC,NASDAQ,
0001621832,AQMS,b1a2574e-2927-43f7-9356-f97cceb244f2,"Aqua Metals, Inc.",NASDAQ,
0001174169,AQN,0ca1915e-e5ff-453b-8538-40f854dfc487,ALGONQUIN POWER & UTILITIES CORP.,NYSE,
0001398733,AQST,52ae873c-bfcb-491b-b944-1f3ddff43420,"Aquestive Therapeutics, Inc.",NASDAQ,
0001433270,AR,9909bb5d-3381-4f5a-aed1-5c9dbae24bec,ANTERO RESOURCES Corp,NYSE,
0001818274,ARAI,755aef0b-11d3-4d9a-9798-18af4503375a,Arrive AI Inc.,NASDAQ,
0001138723,ARAY,03e488a8-46db-4a17-bd5a-7571f9f48eb1,ACCURAY INC,NASDAQ,
0001930179,ARBB,7b2bdd1e-48d5-4163-a649-3a19e8e6549a,ARB IOT Group Ltd,NASDAQ,
0001861841,ARBEW,a15f1213-7d55-4786-8ef9-3bf040730500,Arbe Robotics Ltd.,NASDAQ,
0001841675,ARBK,2849fa73-d979-4406-a700-a1d1be2e8105,Argo Blockchain Plc,NASDAQ,
0000894405,ARCB,b5147342-a726-4a8d-a235-26c6164bcff0,ARCBEST CORP /DE/,NASDAQ,
0001287750,ARCC,b183f6a9-9f0c-430f-9b32-9b230d4e521b,ARES CAPITAL CORP,NASDAQ,
0002083910,ARCIU,766050ae-a2b0-468a-9147-89c588b09d57,Archimedes Tech SPAC Partners III Co.,NASDAQ,
0002073515,ARCLU,e6ab3319-f4a7-4f1d-b4b1-94dc17c1b26d,ARC Group Acquisition I Corp.,NASDAQ,
0001508478,ARCO,4fa13998-eadb-440f-b351-91a251c3ff95,Arcos Dorados Holdings Inc.,NYSE,
0001768224,ARCT,16dde8a1-5755-456a-a40e-04271df46f0e,Arcturus Therapeutics Holdings Inc.,NASDAQ,
0001515324,ARDC,0cf87795-c679-44a8-9c72-6a8ea4eaa14f,"Ares Dynamic Credit Allocation Fund, Inc.",NYSE,
0001756655,ARDT,f593ba75-3f6f-43fa-b5ba-bb7bc7b181c1,"Ardent Health, Inc.",NYSE,
0001437402,ARDX,4f8b7479-8e2f-4791-b257-cd7f3f7f8545,"ARDELYX, INC.",NASDAQ,
0001035443,ARE,5a7450bd-6796-4631-845e-d3facc79ff1a,"ALEXANDRIA REAL ESTATE EQUITIES, INC.",NYSE,
0001590715,AREC,974fb40c-dd2c-4aaa-a97e-3aca8b0bca77,American Resources Corp,NASDAQ,
0000894871,AREN,f49adab0-929d-4b9b-a199-505338d29e12,"Arena Group Holdings, Inc.",AMEX,
0001176948,ARES,849c6721-e693-4bd9-9d04-8d924fccfc3e,Ares Management Corp,NYSE,
0001467760,ARI,573f1dda-3c90-4c47-90d3-052b6526dc6e,"Apollo Commercial Real Estate Finance, Inc.",NYSE,
0001964504,ARIS,d8228a03-900f-4128-8632-03db07a1aa26,Aris Mining Corp,NYSE,
0000779544,ARKR,cb187f4a-0037-4780-a2c2-7bcd30c81af3,ARK RESTAURANTS CORP,NASDAQ,
0001102238,ARL,ca73967a-2ce1-4436-a61f-eb777e7bfdfe,AMERICAN REALTY INVESTORS INC,NYSE,
0001736946,ARLO,eeb3c89a-c1f7-41dc-bf36-73609621f07c,"Arlo Technologies, Inc.",NYSE,
0001086600,ARLP,a09d3642-ddd5-46b8-9783-b681346cfdd3,ALLIANCE RESOURCE PARTNERS LP,NASDAQ,
0001584509,ARMK,760af2a5-e132-48ef-8425-835299e05427,Aramark,NYSE,
0000921114,ARMP,660a0d41-93fe-48cd-b359-a39c94bbf15f,"Armata Pharmaceuticals, Inc.",AMEX,
0001389050,AROC,2df91295-6d5b-4d28-840c-c934bd6dd5ac,"Archrock, Inc.",NYSE,
0000717538,AROW,fc85b4c2-6139-40f6-a225-2f67b7eb3645,ARROW FINANCIAL CORP,NASDAQ,
0001859690,ARQQW,7803c561-25c9-4941-ab21-370bb9d8ab38,Arqit Quantum Inc.,NASDAQ,
0001787306,ARQT,2cf4f71c-d90f-4e0b-92be-8c4dd24a0c11,"Arcutis Biotherapeutics, Inc.",NASDAQ,
0001428205,ARR,13e014aa-b047-4d15-95aa-8e6bff71fb9d,"Armour Residential REIT, Inc.",NYSE,
0001820721,ARRY,fc5dacba-4890-4e7c-bf8e-edbdce826fb8,"Array Technologies, Inc.",NASDAQ,
0002086545,ARTCU,38010b86-e5d8-4959-a702-11e6fd303c05,Art Technology Acquisition Corp.,NASDAQ,
0001621221,ARTL,4816b8b8-0719-4b25-89c0-16ddd5552655,"ARTELO BIOSCIENCES, INC.",NASDAQ,
0000863110,ARTNA,bd3819a2-2109-4a1a-a6eb-eae95501bc7e,ARTESIAN RESOURCES CORP,NASDAQ,
0001817241,ARTV,92e4171d-476f-496a-88a8-beaf60de09df,"Artiva Biotherapeutics, Inc.",NASDAQ,
0000007623,ARTW,dce5ee9d-fd93-42c6-b6a5-410bceeb8e1a,ARTS WAY MANUFACTURING CO INC,NASDAQ,
0001655759,ARVN,885b161a-89cf-471e-9d4f-8454fd7d48c3,"ARVINAS, INC.",NASDAQ,
0000007536,ARW,882decf1-d315-46bd-87cf-cccb407a47ec,"ARROW ELECTRONICS, INC.",NYSE,
0000879407,ARWR,69c43ee8-7b78-4e1c-9c00-0fc76a5b72fc,"ARROWHEAD PHARMACEUTICALS, INC.",NASDAQ,
0001997350,ARX,05a1ea89-1e9d-4d17-b950-9958382b1d6d,Accelerant Holdings,NYSE,
0001988894,AS,ecfbbf22-07e0-4f7a-866f-752179ba9894,"Amer Sports, Inc.",NYSE,
0001230869,ASA,258b7e12-7f42-4c09-8004-2ba8837f295a,ASA Gold & Precious Metals Ltd,NYSE,
0000007789,ASB,5cfffa5c-348e-4194-bd43-77f9e32bc09e,ASSOCIATED BANC-CORP,NYSE,
0001847345,ASBPW,198c2e80-6a21-4875-bafd-0129afb40063,"Aspire Biopharma Holdings, Inc.",NASDAQ,
0001577437,ASC,d6695dec-cfe9-4be8-981d-ebac8559aede,Ardmore Shipping Corp,NYSE,
0000786035,ASG,30c73022-80a1-4a82-b2dc-7cf7b6d84d59,LIBERTY ALL STAR GROWTH FUND INC.,NYSE,
0001793855,ASGI,777183f4-d7f3-473b-a1c1-ff81cee377f0,abrdn Global Infrastructure Income Fund,NYSE,
0001674862,ASH,84299156-28e6-4746-a1c8-e91bf21cf128,ASHLAND INC.,NYSE,
0002040491,ASIC,6f8fc3b3-1ecf-4ba0-ae0d-c06c7b221363,Ategrity Specialty Insurance Co Holdings,NYSE,
0001673985,ASIX,8e219d9f-7a29-4922-bbb2-3085467b3d5d,AdvanSix Inc.,NYSE,
0001754170,ASLE,9a9df15a-d304-411b-911b-83c9ee523064,AerSale Corp,NASDAQ,
0000316888,ASM,40deb6ad-8472-4a72-98ec-741844c4c756,AVINO SILVER & GOLD MINES LTD,AMEX,
0001426800,ASMB,ee3318ad-ff8b-45a5-a573-320524668790,"ASSEMBLY BIOSCIENCES, INC.",NASDAQ,
0001612042,ASND,deff9fc8-6ae6-4a80-afbb-1b630c8d9b38,Ascendis Pharma A/S,NASDAQ,
0001817358,ASO,c2218aea-b3d5-4112-9b8b-6a94e4bb276e,"Academy Sports & Outdoors, Inc.",NASDAQ,
0001890361,ASPCU,6e738267-f47b-4ac4-81f3-1e45c2892d9a,ASPAC III Acquisition Corp.,NASDAQ,
0001921865,ASPI,e98b6eda-b443-415f-ade3-60cf7a248b57,ASP Isotopes Inc.,NASDAQ,
0001145986,ASPN,bd8d7ea4-531a-4642-b081-7ec28be4d6d7,ASPEN AEROGELS INC,NYSE,
0001462418,ASPS,024dcd14-1b1c-4be2-b35e-bc35cf48f93a,ALTISOURCE PORTFOLIO SOLUTIONS S.A.,NASDAQ,
0000707605,ASRV,874a85ef-bf6a-42cf-9ef9-b6400a0c932c,AMERISERV FINANCIAL INC /PA/,NASDAQ,
0001001907,ASTC,fc97a6c4-a999-4197-bee6-879d4b69dd6e,ASTROTECH Corp,NASDAQ,
0000792987,ASTE,e5138c9b-4aca-4fd2-bbb5-0cb55caac3a4,ASTEC INDUSTRIES INC,NASDAQ,
0001083446,ASTH,991516ea-ea2e-40d6-b907-86eeda843720,"Astrana Health, Inc.",NASDAQ,
0001350102,ASTI,e97dcc39-69b1-432d-bc30-66bd00b36b93,"Ascent Solar Technologies, Inc.",NASDAQ,
0001860805,ASTLW,250149d8-a82a-48d4-9720-0f3937561147,Algoma Steel Group Inc.,NASDAQ,
0001780312,ASTS,548bb94e-da40-4dba-9b1f-5770d31d66f1,"AST SpaceMobile, Inc.",NASDAQ,
0000884144,ASUR,a90f5eda-bad6-4b59-90de-efe3379d7983,ASURE SOFTWARE INC,NASDAQ,
0001122411,ASX,08233bb4-4948-4d18-b742-294f3b0e9fba,"ASE Technology Holding Co., Ltd.",NYSE,
0000720500,ASYS,e6cc60f2-95a2-4ac6-83a2-cd2f80e37021,AMTECH SYSTEMS INC,NASDAQ,
0002081043,ATAI,30317461-5668-4ba7-826a-2d2c6d748f2d,AtaiBeckley Inc.,NASDAQ,
0001853717,ATAT,bf8fa395-7524-4eda-86f7-8bb7b5aba67e,Atour Lifestyle Holdings Ltd,NASDAQ,
0001963088,ATCH,1fab6af4-6046-432e-9610-87824ec1445c,"AtlasClear Holdings, Inc.",AMEX,
0001684688,ATCX,975ed4a4-f9df-41be-9c87-ef6cbbf68a9c,ATLAS CRITICAL MINERALS Corp,NASDAQ,
0001350653,ATEC,8aa2e376-49cf-4d79-abb7-ec0b91c640df,"Alphatec Holdings, Inc.",NASDAQ,
0001580808,ATEN,378b735c-c3ba-4a80-8e9d-677eb7113fd5,"A10 Networks, Inc.",NYSE,
0001757715,ATER,b4f75714-d2a2-44bf-af15-d76bfe9d4a6a,"Aterian, Inc.",NASDAQ,
0001304492,ATEX,b0af96af-2ce5-4253-8538-cb46452afd0d,Anterix Inc.,NASDAQ,
0001967621,ATGL,8eb46455-df8a-43b1-8d22-c10c439d9bed,Alpha Technology Group Ltd,NASDAQ,
0001131343,ATHE,70ba70bc-f3a8-4c83-9154-c3eaa94b4c12,ALTERITY THERAPEUTICS LTD,NASDAQ,
0002026353,ATHR,c1135c69-56ec-4afa-a959-5a99891dc850,"Aether Holdings, Inc.",NASDAQ,
0001018963,ATI,97ec1eec-a5c8-4206-9401-e34e931d21fd,ATI INC,NYSE,
0002028516,ATIIU,94158dc8-c46e-4749-bc43-a8a661a65777,Archimedes Tech SPAC Partners II Co.,NASDAQ,
0001666138,ATKR,5e91fe88-55e8-4534-b434-dcd1bf045a2a,Atkore Inc.,NYSE,
0001464343,ATLC,655444f6-4df8-4fc7-829b-cb7e2dd6805a,Atlanticus Holdings Corp,NASDAQ,
0001132651,ATLO,9083e8c7-4f7f-4a91-8bd5-94f9d00f1a96,AMES NATIONAL CORP,NASDAQ,
0001540684,ATLX,2b94234a-f5ee-4df2-814e-217e74320af2,Atlas Lithium Corp,NASDAQ,
0001921963,ATMU,46c45083-4081-486b-99b2-ca28e2741459,Atmus Filtration Technologies Inc.,NYSE,
0000879585,ATNI,bdd15afb-4fca-4932-9542-62aaa42004ae,"ATN International, Inc.",NASDAQ,
0001388320,ATNM,85567807-bf3d-4d69-89f3-02e6d34a3860,"Actinium Pharmaceuticals, Inc.",AMEX,
0000731802,ATO,f521def1-4e5b-4401-b97d-98b17388d151,ATMOS ENERGY CORP,NYSE,
0001420520,ATOM,81e7231c-45c0-423d-935f-de0176a00be3,Atomera Inc,NASDAQ,
0001488039,ATOS,61ca5d10-2105-4445-9a84-9593b9351a2f,"ATOSSA THERAPEUTICS, INC.",NASDAQ,
0001713210,ATPC,9dadcecf-2e26-4dae-bac7-4fc1cd0af148,Agape ATP Corp,NASDAQ,
0000896622,ATR,5ef384a5-6de0-4b62-ad5e-6656ba99dd06,"APTARGROUP, INC.",NYSE,
0001604464,ATRA,2529ea59-3f2b-408e-9172-37e3c97cdbc8,"Atara Biotherapeutics, Inc.",NASDAQ,
0001323885,ATRC,86100f20-5a55-43bc-be15-fa2a4f3ad5bb,"AtriCure, Inc.",NASDAQ,
0000008063,ATRO,bb553128-8da7-4b18-9a10-9c60e55f1e0e,ASTRONICS CORP,NASDAQ,
0001394832,ATS,0f699e6f-183e-49ec-bbec-bb807a58a5d1,ATS Corp /ATS,NYSE,
0001650101,ATXG,87e6ec11-dd71-4637-9a19-9ee6d5780e6f,ADDENTAX GROUP CORP.,NASDAQ,
0001339970,ATYR,4e1ac3f6-0795-4f8b-8f7e-363661cd37c3,aTYR PHARMA INC,NASDAQ,
0001973832,AU,8d3e2784-8bb7-46cf-9f69-76fea41e6820,AngloGold Ashanti PLC,NYSE,
0000883948,AUB,bc4e1402-280a-4e82-8412-140b085e875e,Atlantic Union Bankshares Corp,NYSE,
0000750574,AUBN,ab5e8c82-9fab-4cda-88c4-0f0001a55b40,"AUBURN NATIONAL BANCORPORATION, INC",NASDAQ,
0001086434,AUDC,81b69550-541f-4992-9456-33051e08e02f,AUDIOCODES LTD,NASDAQ,
0001468642,AUGO,14a3d27e-0a48-4788-881e-2971ebeaddc1,Aura Minerals Inc.,NASDAQ,
0001534154,AUID,7f139045-a252-4b53-ad6e-7f18e976c0b6,authID Inc.,NASDAQ,
0001799207,AUNA,96b4a3e0-9a47-4c13-a338-bceaf0887baa,AUNA S.A.,NYSE,
0001600620,AUPH,e7ead0e7-11f9-4be6-8668-c9a23a5a498a,Aurinia Pharmaceuticals Inc.,NASDAQ,
0001501796,AURA,8c9a647d-a67d-432e-985a-2f3f6bcc7d27,"Aura Biosciences, Inc.",NASDAQ,
0001828108,AUROW,67a48eca-e4ab-4e24-8ec3-50f75f7e2ef7,"Aurora Innovation, Inc.",NASDAQ,
0001817740,AUST,3b95e292-3073-42cf-aedf-c8aad91c0484,Austin Gold Corp.,AMEX,
0001730463,AUTL,166d3217-4ca5-423b-ba26-1066addfe402,Autolus Therapeutics plc,NASDAQ,
0001554818,AUUD,1187cc3f-6773-4d0f-bc15-905297cb50dd,AUDDIA INC.,NASDAQ,
0000104918,AVA,67486dc8-a475-4513-b381-c75b0f94f859,AVISTA CORP,NYSE,
0001832332,AVAH,049ef930-0ac7-49ef-b7c4-d45b5269af2b,"Aveanna Healthcare Holdings, Inc.",NASDAQ,
0001504764,AVAL,fc43d32a-2fcc-4b9d-a7bf-cbc5f6612d15,Grupo Aval Acciones Y Valores S.A.,NYSE,
0002092446,AVAT,469248d4-0c1e-4231-9841-f6df5c7b1ea5,Avalanche Treasury Corp,NASDAQ,
0001368622,AVAV,e45456c5-9320-4e50-a357-1c0836890c06,AeroVironment Inc,NASDAQ,
0000915912,AVB,6e7afb17-d4ff-499e-9c9d-ddc853786501,AVALONBAY COMMUNITIES INC,NYSE,
0002058758,AVBC,60fc98e3-1391-4730-bc3d-5775aaca9538,"Avidia Bancorp, Inc.",NYSE,
0001443575,AVBH,274cefaf-2054-4a9b-b509-589ffb9d4677,"Avidbank Holdings, Inc.",NASDAQ,
0001868279,AVBP,c2eee2a8-0448-463f-9485-42d78acc7ed9,"ArriVent BioPharma, Inc.",NASDAQ,
0000005981,AVD,03b99498-d5d1-4334-98be-8c589f50628d,AMERICAN VANGUARD CORP,NYSE,
0002096300,AVEX,1b848b2c-e2cc-45c5-bdb3-f0d74300d972,AEVEX Corp.,NYSE,
0001730168,AVGO,7a8b4fcf-0622-47ef-8541-de7f70ffc0c4,Broadcom Inc.,NASDAQ,
0001593899,AVIR,8fcc8313-7ae5-450d-9371-fe1c8ad1c859,"Atea Pharmaceuticals, Inc.",NASDAQ,
0001219120,AVK,df4dc8fb-4f6a-44ef-a507-e0c2b0c8ff40,ADVENT CONVERTIBLE & INCOME FUND,NYSE,
0001540171,AVLN,cd9e4ca8-9582-4991-bb5f-69c80f29c782,Avalyn Pharma Inc.,NASDAQ,
0001122976,AVNT,2b4e8100-4aad-4ed1-8922-44d07e1831f7,AVIENT CORP,NYSE,
0001377789,AVNW,71042085-f498-4e39-a384-32067aa53527,"AVIAT NETWORKS, INC.",NASDAQ,
0001802974,AVO,92dcc985-62bd-451b-b17f-2ab745e7bdbc,"Mission Produce, Inc.",NASDAQ,
0002011514,AVR,5dcee599-06a6-40f2-892d-0dbef015634f,Anteris Technologies Global Corp.,NASDAQ,
0001722482,AVTR,1f30d2d9-e77b-43e4-b632-a800d9300c43,"Avantor, Inc.",NYSE,
0001534120,AVTX,4b1a3937-4336-4cd4-9b8e-a0982502882e,"Avalo Therapeutics, Inc.",NASDAQ,
0001826397,AVX,5f3dc678-4c84-47f4-bb10-db8e9e943a19,AVAX ONE TECHNOLOGY LTD.,NASDAQ,
0001314052,AVXL,1228d25f-b143-4ece-a7e5-16744a2c3e70,ANAVEX LIFE SCIENCES CORP.,NASDAQ,
0000008818,AVY,d45b711e-b63e-4e33-baef-65c63b8c8185,Avery Dennison Corp,NYSE,
0000906013,AWF,e35aadf3-be99-4de9-95c7-12d4926795ce,ALLIANCEBERNSTEIN GLOBAL HIGH INCOME FUND INC,NYSE,
0000007431,AWI,d33977fd-6f9e-4fad-a055-87540c1be4b2,ARMSTRONG WORLD INDUSTRIES INC,NYSE,
0001410636,AWK,70d6a48c-21e2-4b31-a66a-9a993fa1509c,"American Water Works Company, Inc.",NYSE,
0001390195,AWP,65a57049-c303-4a12-94e2-666f64180e64,abrdn Global Premier Properties Fund,NYSE,
0001056903,AWR,864e59b3-dff5-4f49-9c25-9e25307fcf0a,AMERICAN STATES WATER CO,NYSE,
0001015739,AWRE,46c128f4-6978-410d-86ae-2a5b3fc315ae,AWARE INC /MA/,NASDAQ,
0001061069,AWX,a062ed2e-77e5-4fff-92a0-9f96427f46a6,AVALON HOLDINGS CORP,AMEX,
0001299709,AX,53607cdd-d91b-4f73-97bd-68b45c1204c9,"Axos Financial, Inc.",NYSE,
0000805928,AXGN,69bff51d-e8f6-42a6-82f7-cb10bb4556d0,"Axogen, Inc.",NASDAQ,
0001718500,AXIL,a3c991a0-3134-4c9c-b8d6-89454ad066e3,"Axil Brands, Inc.",AMEX,
0002057030,AXINR,79dc16c1-b8c4-4455-a4a2-2fcf429285ff,Axiom Intelligence Acquisition Corp 1,NASDAQ,
0001069183,AXON,28d765e8-8085-4716-bde2-de0182b644e5,"AXON ENTERPRISE, INC.",NASDAQ,
0000004962,AXP,49b90cdc-f6f5-4a7c-807a-ed172e6017af,AMERICAN EXPRESS CO,NYSE,
0000006207,AXR,c2e8c21e-5644-4e04-9f7c-bef1ff01fb8c,AMREP CORP.,NYSE,
0001214816,AXS,19241ce0-c212-48ae-86f4-969d143b48da,AXIS CAPITAL HOLDINGS LTD,NYSE,
0001579428,AXSM,ca938579-1007-4580-af05-8ee45a6c68d4,"Axsome Therapeutics, Inc.",NASDAQ,
0001616862,AXTA,0f5602b1-d02e-4e2a-ae8b-b374c1ac9fca,Axalta Coating Systems Ltd.,NYSE,
0001826836,AYA,8d21889f-d874-4705-8b00-e94e295a0b60,Aya Gold & Silver Inc.,NASDAQ,
0001144215,AYI,aeb97d70-a6f7-4602-8330-54b48a626d27,ACUITY INC. (DE),NYSE,
0001362988,AYR,9ac71004-7545-4eb9-b321-100c1c1f8e76,Aircastle LTD,NYSE,
0001385818,AYTU,778c1229-8a01-4338-9dca-3bc32227fa26,"AYTU BIOPHARMA, INC",NASDAQ,
0001866030,AZ,740978b8-c966-40c1-9b2a-f516beeec3b9,A2Z CUST2MATE SOLUTIONS CORP.,NASDAQ,
0001959726,AZI,586890fd-fe18-4fde-a215-44fc8e44979b,Autozi Internet Technology (Global) Ltd.,NASDAQ,
0001563568,AZIO,855b39e3-732f-486f-af7d-8a8b21eea0b4,"AZIO AI HOLDINGS, INC.",NASDAQ,
0000901832,AZN,7b60bc3b-8715-4e23-a5df-19642434f7a7,ASTRAZENECA PLC,NYSE,
0000866787,AZO,dae5e891-472a-42a9-8638-cc67023813f4,AUTOZONE INC,NYSE,
0000933974,AZTA,2636a08b-553a-4def-82f2-c75be63c0501,"Azenta, Inc.",NASDAQ,
0001701478,AZTR,10d0e486-b43a-4cd8-9ecc-6cb82a6ed014,"Azitra, Inc.",AMEX,
0000008947,AZZ,bbbe1e51-231e-4428-9dc2-3d2e43cb059f,AZZ INC,NYSE,
0000756894,B,aef25bf7-87b7-483b-816c-aa76834b96dd,BARRICK MINING CORP,NYSE,
0000012927,BA,3bed4fb2-4093-4433-b887-770ae3defd3a,BOEING CO,NYSE,
0000070858,BAC,061588a3-d70b-4b9c-a3f6-636aaa16acc4,BANK OF AMERICA CORP /DE/,NYSE,
0002059654,BACCU,d442ff41-0565-44eb-8b5c-5e36cc4b5022,Blue Acquisition Corp/Cayman,NASDAQ,
0001941536,BAERW,b0fd8f6f-1399-4f96-aeff-be78ae7199dc,"Bridger Aerospace Group Holdings, Inc.",NASDAQ,
0001649739,BAFN,5df04566-bc07-4b4c-80b8-22d5ef021deb,BayFirst Financial Corp.,NASDAQ,
0001443646,BAH,9301692b-d5f0-4464-8e49-17c5053f673b,Booz Allen Hamilton Holding Corp,NYSE,
0000009389,BALL,b6383ccc-bc48-40a3-8e30-58583c49322b,BALL Corp,NYSE,
0001747079,BALY,525a996e-88d6-4eab-8729-a1597813184a,Bally's Corp,NYSE,
0001937926,BAM,985c16d7-1b3d-48e5-9f69-740dffaf87e9,Brookfield Asset Management Ltd.,NYSE,
0001169770,BANC,374f1a2a-696a-4bdc-8840-0043a8f2328b,"BANC OF CALIFORNIA, INC.",NYSE,
0000760498,BANF,5a5e840b-cfe4-447d-afa5-27a796d858fc,BANCFIRST CORP /OK/,NASDAQ,
0001914805,BANL,9c4a0adf-a7ed-4337-ac0e-92d81a4fd19a,CBL International Ltd,NASDAQ,
0000946673,BANR,8a78ef57-66c2-46c3-829e-7235d228c5df,BANNER CORP,NASDAQ,
0001578987,BANX,70e01908-2599-4206-a60e-31e7e05b5a6d,ArrowMark Financial Corp.,NASDAQ,
0001811216,BAOS,a67f5f10-c5a8-4453-96d7-91b674e15f64,Baosheng Media Group Holdings Ltd,NASDAQ,
0001001290,BAP,06181684-06e8-4d43-ae14-476c5a3afa09,CREDICORP LTD,NYSE,
0001690437,BAR,7e39a66a-a5ae-44bc-9b48-5ad7337dde93,GraniteShares Gold Trust,ARCA,
0001819574,BARK,98eb77e8-a774-471d-b500-7b12e375c0a3,"Bark, Inc.",NYSE,
0001282648,BATL,61fe23ac-970e-4274-b7e0-b1ab376e1e43,BATTALION OIL CORP,AMEX,
0001958140,BATRA,8f98009e-b374-4530-887c-af492137bd98,"Atlanta Braves Holdings, Inc.",NASDAQ,
0002086017,BAVA,5740e11a-817f-4d60-b182-b69906eda56c,Bitwise Avalanche ETF,ARCA,
0000010456,BAX,feee4056-913c-46be-8e7e-71ee600bfe18,BAXTER INTERNATIONAL INC,NYSE,
0001070235,BB,d58d9d02-8c6e-471a-bb96-9dcf0e1ca49c,BLACKBERRY Ltd,NYSE,
0001836981,BBAI,b60c5d7d-4a21-42ec-8a35-088a64b9c238,"BigBear.ai Holdings, Inc.",NYSE,
0000913059,BBAR,1094117a-0453-42fa-8bfa-21eedcb6747d,Banco BBVA Argentina S.A.,NYSE,
0001130713,BBBY,34479ce5-4d55-4d85-8ff4-25d08f908979,"BED BATH & BEYOND, INC.",NYSE,
0001703956,BBCP,63fbac9b-5486-401d-a22d-64069c4e4a5b,"Concrete Pumping Holdings, Inc.",NASDAQ,
0002088295,BBCQU,b8a051ab-26a3-4b53-86df-33f20f465515,Bleichroeder Acquisition Corp. II,NASDAQ,
0001379785,BBDC,f87d9065-2ff7-40a1-8620-7077020785d7,"Barings BDC, Inc.",NYSE,
0001099160,BBGI,de0f74e1-0ed3-448a-84ad-47a88744125f,BEASLEY BROADCAST GROUP INC,NASDAQ,
0001743881,BBIO,4c0b0770-66a1-41df-a15d-d01878eadab0,"BridgeBio Pharma, Inc.",NASDAQ,
0001419554,BBLGW,e9c7e775-ac7b-434f-b55b-a29165485999,Bone Biologics Corp,NASDAQ,
0001493683,BBN,6bc1fb75-bd91-46b0-ac93-88b87b5359cd,BlackRock Taxable Municipal Bond Trust,NYSE,
0001674632,BBNX,8dc36ba1-8fe2-4250-b10a-d899ecffa4e9,"Beta Bionics, Inc.",NASDAQ,
0001869105,BBOT,03dfcbc2-1bba-4997-934d-498ba7b0bdf7,"BridgeBio Oncology Therapeutics, Inc.",NASDAQ,
0000902791,BBSI,55f756ba-36b4-45bd-a699-2e98fa39ab75,BARRETT BUSINESS SERVICES INC,NASDAQ,
0001108134,BBT,09d13f10-3e93-45ba-b6db-31e1a2e8d59e,Beacon Financial Corp,NYSE,
0001654795,BBUC,03842e4d-5121-4cef-bfb2-b2ba37dce852,Brookfield Business Corp,NYSE,
0000842180,BBVA,92babe46-2f6c-4eef-badf-e295463516d0,"BANCO BILBAO VIZCAYA ARGENTARIA, S.A.",NYSE,
0001113809,BBW,f153ce06-519e-41ac-aefb-fdebd45991ea,BUILD-A-BEAR WORKSHOP INC,NYSE,
0000701985,BBWI,b629ac0e-69a0-4256-8682-b8a394552128,"Bath & Body Works, Inc.",NYSE,
0000764478,BBY,a5a7a7b7-5a80-44c6-8051-989b3bb4a1c2,BEST BUY CO INC,NYSE,
0000014930,BC,2a718b9a-5cfc-45db-94a1-bf4679d82c54,BRUNSWICK CORP,NYSE,
0001826892,BCAB,0dea9408-62f4-486c-9d09-7c7e1d2fec28,"BioAtla, Inc.",NASDAQ,
0001795815,BCAL,86c1ab4d-8f38-4699-bde5-54a3e5338d9c,California BanCorp \ CA,NASDAQ,
0002065779,BCARU,772ef78a-68dd-424e-8699-b70f9d38afb8,D. Boral ARC Acquisition I Corp.,NASDAQ,
0001809541,BCAT,af95fb7b-7eab-4007-a1a1-46cd7d5a8a49,BlackRock Capital Allocation Term Trust,NYSE,
0002023658,BCAX,0da4b4a5-b158-4c6a-b3ad-2cbd53cc92b1,Bicara Therapeutics Inc.,NASDAQ,
0001228454,BCBP,0671c74e-a03c-4ea0-bab3-594c39ffba87,BCB BANCORP INC,NASDAQ,
0001328581,BCC,ca843a13-c16d-4294-8d77-ed5fbec9b3c9,BOISE CASCADE Co,NYSE,
0002128045,BCCQU,f5042116-3618-4ef9-8117-b13922dbdb7d,Bleichroeder Acquisition Corp. III,NASDAQ,
0000925741,BCDA,e2360a41-a4ae-4203-abd1-b5cf6350170d,"BioCardia, Inc.",NASDAQ,
0000718940,BCE,10625a42-dfbf-4761-a4c5-7aacc3cffccb,BCE INC,NYSE,
0001953984,BCGWW,1886cc27-06ee-4e50-86b2-0797d5cfeb0d,"Binah Capital Group, Inc.",NASDAQ,
0000728385,BCHT,f351956a-89c3-42bb-8e8b-0013edca7e8d,Birchtech Corp.,AMEX,
0001372807,BCIC,ff5ea29b-28bc-4d06-8499-bc3464844c88,BCP Investment Corp,NASDAQ,
0001730984,BCML,19a4132e-968c-48cb-96dc-95c681880f23,BayCom Corp,NASDAQ,
0000078890,BCO,0b691153-c942-4113-8d40-1d9d463ddd81,BRINKS CO,NYSE,
0000009326,BCPC,70e85c10-80b5-42b7-8c81-8d47d68cf433,BALCHEM CORP,NASDAQ,
0000882796,BCRX,7762253d-c416-4650-b6a3-0436a781fc83,BIOCRYST PHARMACEUTICALS INC,NASDAQ,
0000312069,BCS,e0dfb038-0b8d-4309-9d6f-1ab3faceb281,BARCLAYS PLC,NYSE,
0001655050,BCSF,3fc9963e-7110-477d-b1a4-727c8b3b4acc,"Bain Capital Specialty Finance, Inc.",NYSE,
0002064355,BCSS,c5a1f2dc-3a6b-453f-ba7c-8eb43ea403f4,Bain Capital GSS Investment Corp.,NYSE,
0001610820,BCTX,4a662c55-d742-458f-8ab2-fe2cb8e5bd61,BriaCell Therapeutics Corp.,NASDAQ,
0000009521,BCV,e4370ef7-2f61-4f51-a81a-080326deda74,BANCROFT FUND LTD,AMEX,
0001506289,BCX,be1e4358-469c-4eef-a1d2-5a34546b747b,BlackRock Resources & Commodities Strategy Trust,NYSE,
0001761612,BCYC,5725b02b-6680-46e4-9539-b377fa7b0134,BICYCLE THERAPEUTICS PLC,NASDAQ,
0000913142,BDC,0ad668aa-6edf-494a-9220-0f18c3f02e8d,BELDEN INC.,NYSE,
0002042292,BDCIU,db580ead-9d37-4654-82f6-563fea20503c,BTC Development Corp.,NASDAQ,
0001332283,BDJ,98f4d6a8-18ba-4fd6-ba10-3bb9f8a3bd69,BlackRock Enhanced Equity Dividend Trust,NYSE,
0000012040,BDL,1db22ad2-36a1-4b6b-953b-26b014084fad,FLANIGANS ENTERPRISES INC,AMEX,
0001982444,BDMDW,c205af11-2ea1-4bc2-a2de-5780f5acbd45,Baird Medical Investment Holdings Ltd,NASDAQ,
0000790816,BDN,cfd6ea36-2ada-4781-a6db-af087cfd5790,BRANDYWINE REALTY TRUST,NYSE,
0001643918,BDRX,7abc0315-89eb-4926-8d5a-1d7d1795dde0,Biodexa Pharmaceuticals Plc,NASDAQ,
0001439725,BDSX,4b217eb3-ae7e-4c7c-9be8-a03f7cdc89dc,BIODESIX INC,NASDAQ,
0001701541,BDTX,c1853bd7-f488-4647-8ab4-7ec39ca1ed3c,"Black Diamond Therapeutics, Inc.",NASDAQ,
0000010795,BDX,419e89a6-efe2-4773-ba4f-1bf5dca33cb2,BECTON DICKINSON & CO,NYSE,
0001664703,BE,b46a6a71-7b7b-4cd1-a70a-163125cd2dc7,Bloom Energy Corp,NYSE,
0001852207,BEAGR,a5cec803-f28f-42db-9d85-0b3802a3d4b3,Bold Eagle Acquisition Corp.,NASDAQ,
0001745999,BEAM,bf6c1e55-a7ef-4701-9e30-3c43db26b103,Beam Therapeutics Inc.,NASDAQ,
0001779372,BEATW,37981538-5749-429c-b590-e89133dd6d68,"HeartBeam, Inc.",NASDAQ,
0002079933,BEBE,78dda1ee-a389-4f74-a853-b04a2be641f1,TGE Value Creative Solutions Corp,NYSE,
0001398805,BEEM,e40920c0-93d6-4b35-a177-7aee3165162c,Beam Global,NASDAQ,
0001847874,BEEP,4f90aaef-abf5-4091-a841-c7ba7ac66cc6,Mobile Infrastructure Corp,NASDAQ,
0000729580,BELFA,288386c3-ac2e-42ff-81be-4f96d180926d,BEL FUSE INC /NJ,NASDAQ,
0000038777,BEN,12344127-983c-4142-b3cf-97bc15a8ba70,FRANKLIN RESOURCES INC,NYSE,
0001775734,BENFW,f62a7d4d-04a8-46d7-905d-d5ff02a378ef,Beneficient,NASDAQ,
0001533232,BEP,b09155f3-0afa-401f-ac94-fc1f6480eee6,Brookfield Renewable Partners L.P.,NYSE,
0001066764,BESS,7228b4ce-16d1-41d8-9d0f-87227cf7840d,Bimergen Energy Corp,AMEX,
0001784570,BETA,35338e4b-1b55-472e-bf02-f18780650ae0,"BETA Technologies, Inc.",NYSE,
0001835856,BETRW,8b61aadf-7d51-42c4-b31d-0f8894a78364,Better Home & Finance Holding Co,NASDAQ,
0000014693,BF.A,664c71d6-c62a-4618-9831-756a3ef74ae8,BROWN FORMAN CORP,NYSE,
0001437578,BFAM,63d19f94-1da7-46ee-a9ae-8b1a527e3ce1,BRIGHT HORIZONS FAMILY SOLUTIONS INC.,NYSE,
0001746109,BFC,9cb847ae-be45-4601-90b7-d1a94561fc4b,Bank First Corp,NASDAQ,
0001101215,BFH,a75fec50-9c3a-4806-ad72-a4f27e22db28,"BREAD FINANCIAL HOLDINGS, INC.",NYSE,
0001804176,BFLY,38d18a63-8c52-4986-bddd-a69d9b5e9190,"Butterfly Network, Inc.",NYSE,
0001829247,BFRGW,43ee0a47-c06f-4f0a-a068-b35b99e87a43,"BullFrog AI Holdings, Inc.",NASDAQ,
0001858685,BFRIW,dfdadd60-19d0-4aa3-b22f-74de5416c5c1,Biofrontera Inc.,NASDAQ,
0000907254,BFS,351ab861-0f87-4a9d-8e5b-1cc7907241da,"SAUL CENTERS, INC.",NYSE,
0001624322,BFST,a37e5a10-8083-432c-bfb5-dd6013472641,"Business First Bancshares, Inc.",NASDAQ,
0001996862,BG,bd953d3b-1aca-4ee5-9ae8-974d793c5638,Bunge Global SA,NYSE,
0001546429,BGB,b9facfff-a1b9-4c24-812d-775ec4dcd7b6,Blackstone Strategic Credit 2027 Term Fund,NYSE,
0001218683,BGDE,84ae2d71-0c2c-43fe-9d94-ec90cc011e1b,"Big Digital Energy, Inc.",NASDAQ,
0001521404,BGH,c80fa1fd-9e0f-46ed-8667-d30cafd38ac8,BARINGS GLOBAL SHORT DURATION HIGH YIELD FUND,NYSE,
0001179821,BGI,b091b660-ceee-44d5-a798-9aed3973c71c,BIRKS GROUP INC.,AMEX,
0001945565,BGIN,087066bc-494b-4dfe-ae17-b34ae7ac05db,BGIN BLOCKCHAIN Ltd,NASDAQ,
0001737523,BGLC,0caff19e-2261-437c-aa92-22fc25d63888,BioNexus Gene Lab Corp,NASDAQ,
0002019435,BGLWW,017ca54c-10b1-4183-848c-352e5a03d692,Blue Gold Ltd,NASDAQ,
0001130166,BGMS,f1fbd846-40a3-4009-8f32-21ca5238fda2,"Bio Green Med Solution, Inc.",NASDAQ,
0001306550,BGR,c90d283f-4f76-4b34-aba2-21d028b6ed1f,BlackRock Energy & Resources Trust,NYSE,
0001278027,BGS,b86456db-ab89-4135-85c6-45bfa595b85c,"B&G Foods, Inc.",NYSE,
0001474903,BGSF,a27e0729-a3ac-4d50-ab13-e62a9e26a0fa,"BGSF, INC.",NYSE,
0002091467,BGSI,5eee3fea-b120-484d-b7fe-df8d154101ba,Boyd Group Services Inc.,NYSE,
0001287480,BGT,08c5c613-3a75-459c-b87d-108466899813,BLACKROCK FLOATING RATE INCOME TRUST,NYSE,
0001504234,BGX,8e88bbf6-b03a-4f04-be18-3499275a6da9,Blackstone Long-Short Credit Income Fund,NYSE,
0001393299,BGY,511b9132-ad9b-413e-8ac3-62144e41ad36,BlackRock Enhanced International Dividend Trust,NYSE,
0002097288,BHAVU,3800c838-eb60-45d1-a6ed-4966bb8f9943,BHAV Acquisition Corp,NASDAQ,
0000743367,BHB,55b25313-9628-4edf-a0a0-f46d19e03740,BAR HARBOR BANKSHARES,AMEX,
0000885590,BHC,a666c932-85ed-41ba-a197-1d2a8655bd04,Bausch Health Companies Inc.,NYSE,
0000863436,BHE,a75e07dc-2a4f-40b7-999c-4bb08eedd345,BENCHMARK ELECTRONICS INC,NYSE,
0001685040,BHF,d4f2e183-f6fa-4187-bb2a-d6bc15956c6f,"Brighthouse Financial, Inc.",NASDAQ,
0001160864,BHK,4ea58c84-7de9-469b-ba4a-228d3a678403,BLACKROCK CORE BOND TRUST,NYSE,
0001903382,BHM,21c979dd-c1d3-4d62-94ca-dd01560a38d5,"Bluerock Homes Trust, Inc.",AMEX,
0001574085,BHR,c59097fb-6c78-4f2b-9927-b80a37bb22ef,Braemar Hotels & Resorts Inc.,NYSE,
0001964333,BHRB,02bf6044-f958-42a5-80da-e371915c4c55,Burke & Herbert Financial Services Corp.,NASDAQ,
0001723464,BHST,53392964-a800-4940-ba52-54d6a6fb3ff2,BIOHARVEST SCIENCES INC.,NASDAQ,
0001169034,BHV,1454ca6b-44a6-4d5a-a4b3-5f4f052eb626,BLACKROCK VIRGINIA MUNICIPAL BOND TRUST,NYSE,
0001935979,BHVN,55665476-e1e6-42c8-b4da-1834b0b0e4c9,Biohaven Ltd.,NYSE,
0002088139,BHYP,9eb154ec-98f3-47e7-8d0f-c7c402d492e3,Bitwise Hyperliquid ETF,ARCA,
0001712762,BIAFW,c69a30cf-ce94-46eb-945b-ce2b1ceb7a76,"bioAffinity Technologies, Inc.",NASDAQ,
0001329099,BIDU,0ad15daa-ecfa-48e5-85e7-e9f5af988904,"Baidu, Inc.",NASDAQ,
0002094919,BIDWU,9cf5cfc7-d723-4f28-906e-4493d5728811,Tribeca Strategic Acquisition Corp.,NASDAQ,
0000875045,BIIB,0ebf2aad-3ac3-4274-9710-d4aaf455636f,BIOGEN INC.,NASDAQ,
0002087087,BIII,4e90a3d0-a7fc-4ce7-b2bc-f76ab89e4c13,Black Spade Acquisition III Co,NYSE,
0001786352,BILL,f076dc69-51aa-4df8-a464-05d6de1d419c,"BILL Holdings, Inc.",NYSE,
0000012208,BIO,caf7642c-fc69-429f-9476-02a36e8ac8b0,"BIO-RAD LABORATORIES, INC.",NYSE,
0001709941,BIOA,64f979fd-1532-4289-be3c-e468b547336d,"BioAge Labs, Inc.",NASDAQ,
0002072188,BIOTW,6fd35884-d2a0-4e23-a928-1f259ca4ae3f,INSTINCT BIO TECHNICAL CO HOLDINGS INC.,NASDAQ,
0001769484,BIOX,5225e559-5482-473a-b855-3a5f07f3c06e,Bioceres Crop Solutions Corp.,NASDAQ,
0001406234,BIP,614c071c-cf26-49d2-a4a9-b82ac75127bb,Brookfield Infrastructure Partners L.P.,NYSE,
0001788348,BIPC,ca3ef9ad-2f48-4ae9-b84e-8432e9c06a7f,Brookfield Infrastructure Corp,NYSE,
0001977102,BIRK,1ca8c1c4-4bac-4b40-98b3-6e9b3d6c9c1b,Birkenstock Holding plc,NYSE,
0001562818,BIT,12d328d4-4568-41a2-8d94-95cf7f9e3bca,BlackRock Multi-Sector Income Trust,NYSE,
0002089969,BITA,d605882f-0029-40d6-a094-bd69cbe360a8,iShares Bitcoin Premium Income ETF,NASDAQ,
0001763415,BITB,8295a53a-81ae-4db6-9c56-5e58495004ad,Bitwise Bitcoin ETF,ARCA,
0001723788,BITW,9e48778e-6aa8-47f8-a556-3f5844f50b38,Bitwise 10 Crypto Index ETF,ARCA,
0001580149,BIVIW,69de07e6-3b64-4f39-a5b2-72d56e412b31,BIOVIE INC.,NASDAQ,
0002082542,BIXIU,f8246fce-0a02-43c7-8352-9208eb12203a,Bitcoin Infrastructure Acquisition Corp Ltd,NASDAQ,
0001944712,BIYA,78d5d2dd-88a4-4857-865b-7e8c71fc62f2,Baiya International Group Inc.,NASDAQ,
0001531152,BJ,5aedb37d-0461-4d32-8068-8da62fef963b,"BJ's Wholesale Club Holdings, Inc.",NYSE,
0001704287,BJDX,9e21056f-fa84-4a43-a74d-d17cb8714aa3,"Bluejay Diagnostics, Inc.",NASDAQ,
0001013488,BJRI,14172293-6d6f-4864-ae6b-97855774ef2c,BJs RESTAURANTS INC,NASDAQ,
0001332349,BKD,08c26e6b-c9ff-44fe-9f5f-39c038b2e397,Brookdale Senior Living Inc.,NYSE,
0000885245,BKE,a773c6ef-59f0-4575-beee-483a5e55d623,BUCKLE INC,NYSE,
0001130464,BKH,292acece-c634-4b98-afa8-e01434536636,BLACK HILLS CORP /SD/,NYSE,
0002000775,BKHAU,4bdf1c49-02e8-475c-8160-576d7c0a5150,Black Hawk Acquisition Corp,NASDAQ,
0001820302,BKKT,5e6abf89-0ffe-4ec0-a6e5-d881567266cd,"Bakkt, Inc.",NYSE,
0001075531,BKNG,c50070cd-18b4-4f29-ae0f-f192e4cc4553,Booking Holdings Inc.,NASDAQ,
0001701605,BKR,d5f668a3-682f-474a-84e2-d340593dd94c,Baker Hughes Co,NASDAQ,
0001753539,BKSY,a09da076-d5ca-4a9c-b1bd-a577a434a647,BlackSky Technology Inc.,NYSE,
0000832327,BKT,30171d0b-54de-49b0-b61b-782f3b995f5b,"BLACKROCK INCOME TRUST, INC.",NYSE,
0000002186,BKTI,d346acf6-d458-4a53-bd0f-5561bf4ce4af,BK Technologies Corp,AMEX,
0001504008,BKU,348caefb-e753-4bae-abc5-40f88b4e1f16,"BankUnited, Inc.",NYSE,
0001838406,BKV,44693648-ae81-4229-9384-363b5ac5eb69,BKV Corp,NYSE,
0001019034,BKYI,39a3cfdf-5700-4c9a-abf7-bc09fb669d30,BIO KEY INTERNATIONAL INC,NASDAQ,
0001666134,BL,dc2d94ad-ffdc-4864-b19c-a70fbadb6b31,"BLACKLINE, INC.",NASDAQ,
0001589526,BLBD,ad679a05-59f0-4eec-89be-409a912e8ad3,Blue Bird Corp,NASDAQ,
0001860742,BLCO,7b79a62b-e099-4330-8e87-fa7f2a392c68,Bausch & Lomb Corp,NYSE,
0001453015,BLDP,9741c5b9-03a3-4624-a6c5-cc64b628faf1,Ballard Power Systems Inc.,NASDAQ,
0001316835,BLDR,f6738e19-c8c9-43be-9709-02dfe0252603,"Builders FirstSource, Inc.",NYSE,
0000834365,BLFS,c44c6319-1af0-4ca7-9dc9-0caccce1ea78,BIOLIFE SOLUTIONS INC,NASDAQ,
0001378590,BLIN,73e0743a-ec89-4ad7-bd68-132d2f7eef0b,"Bridgeline Digital, Inc.",NASDAQ,
0002012383,BLK,467bc92e-332b-4f62-95c7-3c9288c20018,"BlackRock, Inc.",NYSE,
0001280058,BLKB,17290626-8e0f-4773-bd85-7e9dca27bc4b,BLACKBAUD INC,NASDAQ,
0002070849,BLLN,330a908d-5027-4ace-82c8-c5eef4d8a178,"BillionToOne, Inc.",NASDAQ,
0001546417,BLMN,060174a7-8675-45d9-8c81-4024fa3b8539,"Bloomin' Brands, Inc.",NASDAQ,
0001855747,BLND,38f1c0db-40d4-453c-8f6d-202ab296e846,"Blend Labs, Inc.",NYSE,
0001534708,BLNE,80f15001-188f-43b2-bbbf-e7b205a3561c,"Beeline Holdings, Inc.",NASDAQ,
0001429764,BLNK,37e8204c-b392-41bb-b49b-c6edb8f667c1,Blink Charging Co.,NASDAQ,
0002081532,BLRKU,e92406f6-bb11-4f70-b00d-7d993c4a4385,Bluerock Acquisition Corp.,NASDAQ,
0001872195,BLSH,3d42e2e7-f7b6-4ed1-8221-46eb2b923b8a,Bullish,NYSE,
0002050501,BLUWU,bbc3d04e-e5f7-4be2-a5f6-4efbd1550f1f,Blue Water Acquisition Corp. III,NASDAQ,
0001233681,BLW,a54d4a11-ecfb-4169-960b-197c0647d4dd,BLACKROCK Ltd DURATION INCOME TRUST,NYSE,
0000890541,BLX,e0c53c29-6bb8-4e99-ac2d-14209494e96d,"BLADEX, INC.",NYSE,
0002075310,BLZRU,c951813c-98e3-4ee4-bc7f-c5075daba052,Trailblazer Acquisition Corp.,NASDAQ,
0001347426,BMA,328dd39b-e571-4f85-bc93-387a58c5b61c,Macro Bank Inc.,NYSE,
0001314966,BME,2eb818c3-8d7e-4875-b75f-8d30de60188b,BlackRock Health Sciences Trust,NYSE,
0001840439,BMEA,02d66b3b-8a2d-487e-9abe-c818d22cceb7,"Biomea Fusion, Inc.",NASDAQ,
0001785971,BMEZ,a01b02fa-537b-4708-939d-0e7465cd6f8d,BlackRock Health Sciences Term Trust,NYSE,
0002004489,BMGL,0fb80635-aca2-4a39-81df-80e5954bd8a0,Basel Medical Group Ltd,NASDAQ,
0000009092,BMI,b0bced12-6cec-4f01-abe3-4802a09e0206,BADGER METER INC,NYSE,
0001732379,BMM,10766a11-036b-4abe-b370-9942874f4ae4,Blue Moon Metals Inc.,NASDAQ,
0001832871,BMN,accd2c1b-3f5d-4948-a01e-f581e663efed,BlackRock 2037 Municipal Target Term Trust,NYSE,
0001829311,BMNR,f465153d-9f1b-4d1b-88f5-26f55856911d,"BITMINE IMMERSION TECHNOLOGIES, INC.",NYSE,
0000927971,BMO,3646339e-1f43-4ae2-8bc4-23950153da88,BANK OF MONTREAL /CAN/,NYSE,
0001899005,BMR,8e087179-242f-4c50-adcb-5688fd5436ea,Beamr Imaging Ltd.,NASDAQ,
0000073290,BMRA,f991ffc4-8d1b-484a-9904-d39f3e57698b,BIOMERICA INC,NASDAQ,
0001403475,BMRC,4ea961ea-4e88-43f4-9645-51dafc84c611,Bank of Marin Bancorp,NASDAQ,
0001048477,BMRN,561bbead-ae6e-4c02-8f65-bd97b7a29c3c,BIOMARIN PHARMACEUTICAL INC,NASDAQ,
0000014272,BMY,ad22d1ca-8bfc-45cc-ae7f-5f091bbc8c7c,BRISTOL MYERS SQUIBB CO,NYSE,
0001001085,BN,b4ce5e01-97f4-468a-b157-439ee3eecdf1,BROOKFIELD Corp /ON/,NYSE,
0001838163,BNAIW,6c6b66f4-8d52-402c-a6d4-6342cd659375,Brand Engagement Network Inc.,NASDAQ,
0001482541,BNCWW,546457e2-cf06-4777-907f-2b230c7177a4,CEA Industries Inc.,NASDAQ,
0001634117,BNED,065a368f-5125-454c-9ef9-d969c39cdda1,"Barnes & Noble Education, Inc.",NYSE,
0001411690,BNGO,a5e79d8f-e3db-4463-a091-690f86784796,"Bionano Genomics, Inc.",NASDAQ,
0001424182,BNL,1c414f9f-9c0a-4a50-8e91-b9cee25862b5,"Broadstone Net Lease, Inc.",NYSE,
0001472494,BNO,437a075d-4d03-498f-96ea-0e6bdce1c2b5,"United States Brent Oil Fund, LP",ARCA,
0001792267,BNR,36096759-952d-4ec5-8f48-ffacf1367dd2,Burning Rock Biotech Ltd,NASDAQ,
0001901215,BNRG,a65a6eaa-81a2-4051-a125-57e382aadc88,Brenmiller Energy Ltd.,NASDAQ,
0000009631,BNS,9e44e5b1-e6cc-44ba-aed0-9984e61efbec,BANK OF NOVA SCOTIA,NYSE,
0001837429,BNT,8d508655-d4a2-4ad5-840c-4ac741cf8c83,Brookfield Wealth Solutions Ltd.,NYSE,
0001808898,BNTC,6f3db5ef-12fc-458b-836c-d308ca0cf61c,Benitec Biopharma Inc.,NASDAQ,
0001390777,BNY,64d27c2a-18a1-4848-b205-73b5d428d5f9,Bank of New York Mellon Corp,NYSE,
0001826011,BNZIW,83b3589c-3de4-42d1-a9b7-902a1f7086d7,"Banzai International, Inc.",NASDAQ,
0002085187,BOBS,f3cee9d4-21ef-4840-b9be-8437a7442e07,"Bob's Discount Furniture, Inc.",NYSE,
0001494582,BOC,d44c0d4e-c3fc-498b-9f40-522232e4c37f,BOSTON OMAHA Corp,NYSE,
0001320375,BOE,29891b4d-fc39-4529-ab6c-2b9f5aeb5fa9,BlackRock Enhanced Global Dividend Trust,NYSE,
0001962481,BOF,702f74a6-4ec5-4225-8c4f-386bf3c14f1e,BranchOut Food Inc.,NASDAQ,
0000046195,BOH,236dfbc0-edd1-439f-8ebd-532f6f7161f2,BANK OF HAWAII CORP,NYSE,
0000875357,BOKF,84a32b07-cbbf-4d00-8020-4d0f7cf70e0c,BOK FINANCIAL CORP,NASDAQ,
0001782303,BOLD,4f7cdca0-35ed-48f1-8b44-d5891b192343,"Boundless Bio, Inc.",NASDAQ,
0001641281,BOLT,aab4dc0f-7ae8-4a27-a421-5fb95fc3301b,"Bolt Biotherapeutics, Inc.",NASDAQ,
0001816815,BON,07a500d0-fd77-49cb-bc12-f31464386974,Bon Natural Life Ltd,NASDAQ,
0000034067,BOOM,548b8133-308b-4c9f-bee8-c33a23072c80,DMC Global Inc.,NASDAQ,
0001610250,BOOT,514cbba7-7df8-45c6-9795-bc7890423e40,"Boot Barn Holdings, Inc.",NYSE,
0001715497,BORR,40072a28-0e2f-4b21-867f-2c196afe5b0e,Borr Drilling Ltd,NYSE,
0001005516,BOSC,9143227f-3cee-452e-b25d-c88a3a2ef906,BOS BETTER ONLINE SOLUTIONS LTD,NASDAQ,
0002081119,BOT,ff3e3328-f1c6-4723-a905-af08f5479638,"RoboStrategy, Inc.",NASDAQ,
0001275101,BOTJ,7fac6914-13e6-4b32-8a40-00598048f3ea,BANK OF THE JAMES FINANCIAL GROUP INC,NASDAQ,
0002002473,BOW,5a8577d4-4cd1-4e0f-9bc2-413932259aae,Bowhead Specialty Holdings Inc.,NYSE,
0001372612,BOX,a33fb18b-cb85-4c58-b45d-2f68a2d7cee2,BOX INC,NYSE,
0002064177,BPACU,c055a9dc-e555-4a6d-aba3-99e5f98551a6,Blueport Acquisition Ltd,NASDAQ,
0000763901,BPOP,5ce6fa4e-521b-4f27-aaee-23121ec78b64,"POPULAR, INC.",NASDAQ,
0001551047,BPRE,93cfff69-db3b-44bf-8d4c-8fd9f5bc0dfa,Bluerock Private Real Estate Fund,NYSE,
0001913971,BPRN,dd42c5cd-c5f7-41f5-874b-f19cbf6f5ef5,"Princeton Bancorp, Inc.",NASDAQ,
0001545772,BPYPM,abb69115-5d84-4cf0-8409-75ac11f82f43,Brookfield Property Partners L.P.,NASDAQ,
0001815021,BQ,dcf7d256-bf04-4f16-bb9a-3e55714b9826,Boqii Holding Ltd,AMEX,
0001383312,BR,b5452b1a-9dad-44bc-982d-b632243366be,"BROADRIDGE FINANCIAL SOLUTIONS, INC.",NYSE,
0001867834,BRAG,0a7d4bfa-3b65-4fde-a52b-45377d771cd2,Bragg Gaming Group Inc.,NASDAQ,
0002076975,BRAI,87be0bd1-ea96-45f6-b710-f8c9447d1704,Braiin Ltd,NASDAQ,
0002058601,BRBI,6b91f87d-8a54-492f-a02c-968ea428559c,BRBI BR Partners S.A.,NASDAQ,
0001772016,BRBR,e76711e3-7b45-46f7-8a81-f5509d07dfcd,"BELLRING BRANDS, INC.",NYSE,
0000842717,BRBS,6a795f8f-78af-437e-a022-a73f016225b4,"BLUE RIDGE BANKSHARES, INC.",AMEX,
0000746598,BRC,afca0434-74da-4b39-9459-8c6fd347e256,BRADY CORP,NYSE,
0002068577,BRCB,3f783a8d-32b4-4859-9000-337ae56978e7,"Black Rock Coffee Bar, Inc.",NASDAQ,
0001891101,BRCC,31601003-b8d2-aa5b-3d8e-2a8791981bbe,BRC Inc.,NYSE,
0002095443,BREZR,a7830e86-336b-4d6f-bf00-7c726a932448,Breeze Acquisition Corp. II,NASDAQ,
0001487197,BRFH,da2e8558-9a77-4538-bc83-18d32cfebf85,BARFRESH FOOD GROUP INC.,NASDAQ,
0002000230,BRIA,7c9c644b-4dbe-433b-8c0b-b95c2d8ae7f8,BrilliA Inc,AMEX,
0000014177,BRID,9cdb7bb7-0a46-4b45-82d7-776c34118502,BRIDGFORD FOODS CORP,NASDAQ,
0001067983,BRK.A,20801ccb-9347-4f2e-8860-2bfb77816275,BERKSHIRE HATHAWAY INC,NYSE,
0002098707,BRKHU,e26675fb-37f8-4be6-8d73-c095e180b02e,Burtech Acquisition Corp II,NASDAQ,
0001109354,BRKR,b8ad92b2-afb5-4a57-b541-2af82ebdbb34,BRUKER CORP,NASDAQ,
0001852973,BRLSW,ac9a2fef-ffe4-44be-a2de-fd7e22edaad3,Borealis Foods Inc.,NASDAQ,
0001866757,BRLT,6a7dff6f-4a4a-477d-8d2c-ab36eb50c215,"Brilliant Earth Group, Inc.",NASDAQ,
0000010048,BRN,37d99b49-8ae4-4f81-9086-8239829a3e27,BARNWELL INDUSTRIES INC,AMEX,
0001828185,BRNS,cfaefbf7-b9fe-4749-8185-41c7416a7b3f,Barinthus Biotherapeutics plc.,NASDAQ,
0000079282,BRO,9f2f3d77-47e0-4e88-a13f-30a752b5dd5d,"BROWN & BROWN, INC.",NYSE,
0001866581,BROS,ac21fbd4-c718-4d67-b956-4e8b5a2a0af9,Dutch Bros Inc.,NYSE,
0001841175,BRRR,5d2c8d20-62f8-4c0d-aff7-f3d9d9bc26bd,CoinShares Bitcoin ETF,NASDAQ,
0002076163,BRRWW,b1031650-3b8f-4afa-a28c-db6a1ca9987d,"ProCap Financial, Inc.",NASDAQ,
0001619762,BRSL,25b00b14-1aef-42f4-9975-750dbcb3e67d,Brightstar Lottery PLC,NYSE,
0001717547,BRSP,a17b3e1c-5ed9-4096-9658-b3cedd962375,"BrightSpire Capital, Inc.",NYSE,
0000014846,BRT,1e7697ee-db12-4bb6-8d64-79d89a42b2a9,BRT Apartments Corp.,NYSE,
0002131350,BRTMU,0269f8cd-7415-4de6-ba3f-a378fa5c2998,B&R Technology Merger Corp.,NASDAQ,
0001505497,BRTX,8051fd15-eca6-414d-8eb2-818f9d9f963f,"BioRestorative Therapies, Inc.",NASDAQ,
0002090646,BRUNW,4433c082-698b-4f9a-b5dc-993368ff66ac,Boost Run Inc.,NASDAQ,
0000826020,BRW,3a951eff-a329-460e-a085-144beda964c8,Saba Capital Income & Opportunities Fund,NYSE,
0001581068,BRX,9becfb9a-cb75-4f32-a2c7-7beb939c08ff,Brixmor Property Group Inc.,NYSE,
0002051587,BSAAU,1c7b40a1-3560-4d69-87a6-ae6296bbc4a1,BEST SPAC I Acquisition Corp.,NASDAQ,
0001027552,BSAC,04915b62-d77e-4b80-8ded-7e3819952eca,BANCO SANTANDER CHILE,NYSE,
0001787414,BSBK,14c8fb92-605f-42d3-b9c5-adc0d770e467,Bogota Financial Corp.,NASDAQ,
0001471055,BSBR,8dd45eba-7b1b-48ef-b37e-8a9f4f520f64,Banco Santander (Brasil) S.A.,NYSE,
0000010329,BSET,725012dc-b757-46f7-ae6f-5c89b1acdc38,BASSETT FURNITURE INDUSTRIES INC,NASDAQ,
0000101594,BSIN,b5e2e7a5-101f-478d-805d-57d50dd5ce2b,BIG SKY INDUSTRIAL INC.,NASDAQ,
0001486298,BSL,f5b65bb1-abc1-48a2-8897-36efff3b22e8,Blackstone Senior Floating Rate 2027 Term Fund,NYSE,
0001621434,BSM,bee3ae01-b1f1-4f85-9020-8c4eb748fba9,"Black Stone Minerals, L.P.",NYSE,
0002045872,BSOL,47d7a68b-b59d-44a9-81dd-c04fd28b9a5b,Bitwise Solana Staking ETF,ARCA,
0002004711,BSP,e6e4191d-393e-4513-84fd-e2cb5e2dc9a5,Bending Spoons S.p.A.,NASDAQ,
0001130144,BSRR,6b0137a2-4efb-4fba-aa39-9f64f6afe5f4,SIERRA BANCORP,NASDAQ,
0001616678,BST,41b24326-7a12-488c-9346-f91f6fddd907,BlackRock Science & Technology Trust,NYSE,
0001768666,BSTZ,4baf9a0a-e65d-44be-b017-6a21e24ac7d1,BlackRock Science & Technology Term Trust,NYSE,
0000885725,BSX,2652a688-e44c-469e-92f8-8ece2594d4c0,BOSTON SCIENTIFIC CORP,NYSE,
0001031308,BSY,3ba7e95b-c560-4426-94f6-1099bbd6bbef,BENTLEY SYSTEMS INC,NASDAQ,
0001720893,BTAI,08e02146-475f-4f4d-a8a8-fed4c5466b01,"BioXcel Therapeutics, Inc.",NASDAQ,
0001718224,BTBDW,b5e58f94-89a0-4950-8f95-3d852074587f,"BT Brands, Inc.",NASDAQ,
0001710350,BTBT,b3d1dc0a-3d59-4314-9ad2-e542adfcddbf,"Bit Digital, Inc",NASDAQ,
0002015034,BTC,798c7614-54a3-4512-8213-9aa1273e4e3e,Grayscale Bitcoin Mini Trust ETF,ARCA,
0001796514,BTCT,7e07df8a-bb46-418e-aaee-cdf180ce827c,BTC Digital Ltd.,NASDAQ,
0001899123,BTDR,78db003d-3ef6-4d25-975f-f3f2f33989d6,Bitdeer Technologies Group,NASDAQ,
0001279495,BTE,9c028c5a-14bd-4d11-b388-5cca57ee9ef3,BAYTEX ENERGY CORP.,NYSE,
0001429937,BTG,bf349818-9efe-4d59-b413-a35e3b831dbd,B2GOLD CORP,AMEX,
0001740604,BTGO,ea30601b-e58a-4e5c-8489-6a5dfc14cd3d,"BITGO HOLDINGS, INC.",NYSE,
0000925683,BTO,36cc4a34-97dc-4e51-8ced-f9ac21cedd52,JOHN HANCOCK FINANCIAL OPPORTUNITIES FUND,NYSE,
0001972529,BTOC,59802b0d-5d85-49f3-8023-486b1c805506,Armlogi Holding Corp.,NASDAQ,
0001821866,BTQ,43aee6bb-ae29-4349-bb77-887a64534787,BTQ Technologies Corp.,NASDAQ,
0001865782,BTSG,ca08c1cf-6b0e-450f-b926-a786a10e29bd,"BrightSpring Health Services, Inc.",NASDAQ,
0001528437,BTT,4ecfc5e4-e0f0-4706-b82e-f12252b86dd4,BlackRock Municipal 2030 Target Term Trust,NYSE,
0002034400,BTTC,1b212671-da50-4174-a6fc-d36d1a8bd5ca,Black Titan Corp,NASDAQ,
0001064728,BTU,02487c82-115a-4bf8-91fc-023537b346ae,PEABODY ENERGY CORP,NYSE,
0001836057,BTX,f3486b2d-eaff-4fce-a8ca-0f061ef02b7d,BlackRock Technology & Private Equity Term Trust,NYSE,
0001379384,BTZ,be19c81e-37f0-447d-bd14-87366698af57,BLACKROCK CREDIT ALLOCATION INCOME TRUST,NYSE,
0001668717,BUD,60a314b3-778b-4e9e-9822-d1bfdfd0fcb5,Anheuser-Busch InBev SA/NV,NYSE,
0002079720,BUDA,310ebb86-c087-4207-a747-78b0e3b10ea6,"BUDA JUICE, INC.",AMEX,
0001528988,BUI,c019614b-9fd2-4a06-b589-02768651ddb3,"BlackRock Utilities, Infrastructure & Power Opportunities Trust",NYSE,
0001866364,BULLW,ffb43cc9-a3d1-43ac-a37c-9e0df8c87ef8,Webull Corp,NASDAQ,
0001714174,BUR,ae697746-2c5b-45d1-bc22-213b422673f1,Burford Capital Ltd,NYSE,
0001579298,BURL,e00cd19c-7957-4a0b-872f-b5f43abd2244,"Burlington Stores, Inc.",NYSE,
0000314489,BUSE,05e0f6bd-66a0-4331-a677-d810389f2bc6,FIRST BUSEY CORP /NV/,NASDAQ,
0002047273,BUUU,9291d5c1-0ea8-4f77-bd60-0db3da827180,BUUU Group Ltd,NASDAQ,
0001734713,BV,71784bba-902f-4822-86a4-823f3e27a095,"BrightView Holdings, Inc.",NYSE,
0001785680,BVC,149f7765-e4d4-467b-9e1e-84ab785a7624,BitVentures Ltd,NASDAQ,
0001302387,BVFL,e09536e4-e9aa-468f-b36a-ed9f3dd94407,"BV Financial, Inc.",NASDAQ,
0001013131,BVN,fe621d18-ea23-43d4-aaa0-0bed86f9aef0,BUENAVENTURA MINING CO INC,NYSE,
0001630805,BW,8f16c04e-23e5-41ad-b936-1427433c44f4,"Babcock & Wilcox Enterprises, Inc.",NYSE,
0000908255,BWA,b65e1cd5-0682-4eb3-844c-8901712b9cc4,BORGWARNER INC,NYSE,
0001341317,BWB,2a472c23-fe16-4be6-8ff7-8d6129435e63,Bridgewater Bancshares Inc,NASDAQ,
0001120370,BWEN,f0af009e-2857-468e-99fe-a04b8f0a3586,"BROADWIND, INC.",NASDAQ,
0001505732,BWFG,342faa61-1f26-48f3-9786-1ad08db333bc,"Bankwell Financial Group, Inc.",NASDAQ,
0001504545,BWG,b970561c-8fb4-4083-abf1-d52527bd26af,BrandywineGLOBAL-Global Income Opportunities Fund Inc,NYSE,
0001781755,BWIN,1a48b240-ec1a-4b1e-bf16-e76e0236c968,"Baldwin Insurance Group, Inc.",NASDAQ,
0002082847,BWIV,4c6a80de-16a0-4766-97d8-3c91a941599a,Blue Water Acquisition Corp. IV,NYSE,
0001649313,BWLP,c1340a5d-469a-4b89-9139-89cfd4317680,BW LPG Ltd,NYSE,
0001847590,BWMN,2526cf29-cc72-4d73-9570-f81229bbfb8e,Bowman Consulting Group Ltd.,NASDAQ,
0001788257,BWMX,9d4ab425-0708-40b3-b3d3-460bf79b6063,"BETTERWARE DE MEXICO, S.A.P.I. DE C.V",NYSE,
0002053791,BWOW,8bfa1ef4-2456-4ec2-8905-805c7c534b78,Bitwise Dogecoin ETF,ARCA,
0001486957,BWXT,0625cb55-1ebf-44c9-b6a4-f780168a5cb0,"BWX Technologies, Inc.",NYSE,
0001393818,BX,c9cc0895-bbca-47fb-be9e-e70e4a7eb94d,Blackstone Inc.,NYSE,
0001906364,BXBL,75b0f496-ec89-4f0e-81b0-3df3283d9a58,BOXABL Inc.,NASDAQ,
0001301787,BXC,85c48443-bc91-4fbd-8c34-eae418b1ffde,BlueLinx Holdings Inc.,NYSE,
0002100161,BXDC,4af2a8c5-aa03-4793-b99b-62c9b67f3424,Blackstone Digital Infrastructure Trust Inc.,NYSE,
0001061630,BXMT,5af35f48-4be9-4c4d-82ff-6597bd42cb2d,"BLACKSTONE MORTGAGE TRUST, INC.",NYSE,
0001037540,BXP,ae42e050-a162-421b-afaf-e32f63d78219,"BXP, Inc.",NYSE,
0001736035,BXSL,0f3c805d-71f8-4f53-b131-ff1c58c06369,Blackstone Secured Lending Fund,NYSE,
0001702750,BY,ddaa9dd1-27b5-4964-945f-7b22a9970883,"BYLINE BANCORP, INC.",NYSE,
0001986247,BYAH,fb8819cb-5fc7-4688-b3fb-10ed5a869849,"Park Ha Biological Technology Co., Ltd.",NASDAQ,
0000906553,BYD,867dc633-442c-43a2-811e-4af36226c056,BOYD GAMING CORP,NYSE,
0001001171,BYFC,2b054f04-346a-41a7-9dc2-9b561704bed6,BROADWAY FINANCIAL CORP \DE\,NASDAQ,
0001655210,BYND,317faf0e-4956-4d40-b3eb-3fba8af59dca,"BEYOND MEAT, INC.",NASDAQ,
0001354866,BYRN,dbeb878c-cc6f-476b-a10d-becb7d25e3fa,Byrna Technologies Inc.,NASDAQ,
0001677940,BYSI,f3edeefb-d85e-4b3e-8762-e33582978666,BeyondSpring Inc.,NASDAQ,
0001871638,BZAIW,aa162c84-d6e8-4c21-90dc-cb0db0967328,"Blaize Holdings, Inc.",NASDAQ,
0001828972,BZFDW,4a6aaf09-35c3-4448-bcac-f87c6a6ae0ef,"BuzzFeed, Inc.",NASDAQ,
0000915840,BZH,af120e75-727d-4c7c-ace0-cefe64c7c12a,BEAZER HOMES USA INC,NYSE,
0000831001,C,36c8d04d-be51-476c-9382-0b6ea3bf1a26,CITIGROUP INC,NYSE,
0001717393,CAAP,34cc1ebc-b835-4555-b4e2-f3c1c500f8d8,CORPORACION AMERICA AIRPORTS S.A.,NYSE,
0002037400,CAAS,db5d5de3-9e1f-4931-9fad-838e376741a3,"China Automotive Systems, Inc.",NASDAQ,
0001759138,CABA,04ae889b-48cf-4b61-adb6-710551441d5b,"Cabaletta Bio, Inc.",NASDAQ,
0001632127,CABO,e9c4f8f9-7c4c-4205-990a-7ba0ba5b7bb6,"Cable One, Inc.",NYSE,
0002020737,CABR,8a555d3c-4cf4-4a63-940b-94d8d99b0084,"Caring Brands, Inc.",NASDAQ,
0000750686,CAC,75295c7d-c132-4142-b1db-5a6ce80ea6bf,CAMDEN NATIONAL CORP,NASDAQ,
0000885550,CACC,5b2fa624-77b3-46c7-8691-29e265c410cc,CREDIT ACCEPTANCE CORP,NASDAQ,
0000016058,CACI,f0d1d78e-5a77-41bd-85de-0c1d0832001b,CACI INTERNATIONAL INC /DE/,NYSE,
0001841387,CADL,c8a9ac0a-524e-49a9-bfac-d0c406abc73d,"Candel Therapeutics, Inc.",NASDAQ,
0002087965,CAES,ff373407-682a-4093-a87a-7009ba2e440c,"Cantor Equity Partners VII, Inc.",NASDAQ,
0001368493,CAF,80fd58f9-d647-4f21-a7ee-cc3bacf42372,"Morgan Stanley China A Share Fund, Inc.",NYSE,
0000023217,CAG,eac9a256-6d4b-4b77-921c-80e2735f0963,CONAGRA BRANDS INC.,NYSE,
0000721371,CAH,3c1286a9-21d1-45cf-b569-502c86ff121d,CARDINAL HEALTH INC,NYSE,
0002019410,CAI,9336d1c5-543d-4b94-b0ed-27c35a9f7e59,"Caris Life Sciences, Inc.",NASDAQ,
0002115404,CAIIU,28fd93fa-ca7d-437f-be13-38af9cab2254,Collective Acquisition Corp. II,NASDAQ,
0000887596,CAKE,87143b9c-229d-4dfd-ba0b-e9e9e818b111,CHEESECAKE FACTORY INC,NASDAQ,
0000014707,CAL,7f04bc1e-7578-4007-b442-3da52dc7b8b8,CALERES INC,NYSE,
0001534133,CALC,3c182021-3b0e-44cb-8d46-9bde7d79ff99,"CalciMedica, Inc.",NASDAQ,
0000016160,CALM,9c06cd9c-c852-4632-b84c-db172160e38f,CAL-MAINE FOODS INC,NASDAQ,
0001406666,CALX,7c711b94-75e7-4818-a576-2f01b3e5db09,"CALIX, INC",NYSE,
0000837465,CALY,fef1ff58-a1ba-4e5f-a6eb-59c4f7fc4d83,Callaway Golf Co,NYSE,
0001736730,CAMP,b03e2fd9-5119-478f-9d62-f6d23efb8dce,Camp4 Therapeutics Corp,NASDAQ,
0001725123,CANG,c1aebbe4-eda0-4929-80c3-139d8b110559,Cango Inc.,NYSE,
0001538849,CAPL,264e6532-a1ee-456e-bfb8-e3f5f5be5d41,CrossAmerica Partners LP,NYSE,
0002024203,CAPNU,19dc41e4-aaee-4ff7-bd5f-2ac6697fea3f,Cayson Acquisition Corp,NASDAQ,
0001133869,CAPR,c1ba40e4-61d5-4940-9d7a-eba2f8ad9e38,"CAPRICOR THERAPEUTICS, INC.",NASDAQ,
0000887151,CAPS,64aeb78f-2140-4679-8433-d335cb1cfae2,Capstone Holding Corp.,NASDAQ,
0002100125,CAQUU,750155a9-50ac-4a6e-8ba6-9d4426a92974,Cambridge Acquisition Corp.,NASDAQ,
0000723612,CAR,fde51067-f3b9-49cb-8e6d-b0219e212f46,"AVIS BUDGET GROUP, INC.",NASDAQ,
0001829576,CARE,8649ee73-0adc-47dd-9cf1-23c7ff00717e,"Carter Bankshares, Inc.",NASDAQ,
0001794546,CARL,37158510-501d-42ef-8047-26c35cb04ac1,"CARLSMED, INC.",NASDAQ,
0001783180,CARR,ca43f7b9-bc0c-4cd5-a930-a4c823be5bb7,CARRIER GLOBAL Corp,NYSE,
0001683606,CARS,fd544a69-68a9-43b6-9b36-662f01e8fadd,Cars.com Inc.,NYSE,
0001579091,CART,5fe8dafa-8d92-4c64-a3c5-26c582991911,Maplebear Inc.,NASDAQ,
0000907471,CASH,123aafa2-a3d4-4bc3-b506-5b43075e5556,"PATHWARD FINANCIAL, INC.",NASDAQ,
0000708781,CASS,4a0d2ab4-8091-4b80-8d25-7ba2ff417116,CASS INFORMATION SYSTEMS INC,NASDAQ,
0000726958,CASY,661997db-e507-415e-9f06-c4c2d9d4227b,CASEYS GENERAL STORES INC,NASDAQ,
0000018230,CAT,e7535ed9-c182-41ef-80f6-ee08f4166b6c,CATERPILLAR INC,NYSE,
0002104391,CATLU,0c20118a-3d46-4ecc-a122-1471133ee4cc,Catalyst Acquisition Corp.,NASDAQ,
0000018255,CATO,08c4d1c2-a56d-4e99-9634-98f9ac218fc2,CATO CORP,NYSE,
0000728387,CATX,d8fdf5bb-8886-42b9-996b-2c425f967853,"Perspective Therapeutics, Inc.",AMEX,
0000861842,CATY,29cf5b98-20d7-4989-b004-7ca1b7098826,CATHAY GENERAL BANCORP,NASDAQ,
0001639438,CAVA,0d5bc332-b7d0-4f8d-8ae3-eb84b5369f99,"CAVA GROUP, INC.",NYSE,
0000896159,CB,2453845c-4785-46de-b332-6ee2438da196,Chubb Ltd,NYSE,
0000711669,CBAN,e0f23b6b-c77f-456b-b563-aa2cf9655637,COLONY BANKCORP INC,NYSE,
0002086841,CBAT,ebc95e94-ed6c-438e-b78b-95ec919bcb38,CBAK Energy Technology Ltd,NASDAQ,
0002065601,CBC,a7fc68bd-5d17-47fc-9162-56690758b925,"Central Bancompany, Inc.",NASDAQ,
0001605301,CBFV,84a52ec8-c3c0-4c2f-81cd-b54fe97d1f05,"CB Financial Services, Inc.",NASDAQ,
0001253689,CBIO,0a36358c-4b48-4b39-bea7-47b7b5172e79,"CRESCENT BIOPHARMA, INC.",NASDAQ,
0001981546,CBK,73514445-fe71-4380-9d2b-7ca5de8ebebe,"Commercial Bancgroup, Inc.",NASDAQ,
0000910612,CBL,062a5484-8dcf-43ba-b21f-b860ff6b4c23,CBL & ASSOCIATES PROPERTIES INC,NYSE,
0001861107,CBLL,d1e6053c-8cc3-4dec-afdf-98b4fe72561b,"Ceribell, Inc.",NASDAQ,
0001392272,CBNA,4ce03385-ed0c-4fa0-92af-c33c984722ad,CHAIN BRIDGE BANCORP INC,NYSE,
0001419536,CBNK,5ed4a28c-8c68-4973-a73e-fc0ef537dc47,Capital Bancorp Inc,NASDAQ,
0001138118,CBRE,19020a7c-7741-401b-8422-37ad25d044b7,"CBRE GROUP, INC.",NYSE,
0001067294,CBRL,2f9d9107-0063-49f2-afd9-9393b8045ec2,"CRACKER BARREL OLD COUNTRY STORE, INC",NASDAQ,
0002021728,CBRS,84aabac1-3749-43ab-9a9e-271d2a09a308,Cerebras Systems Inc.,NASDAQ,
0000022356,CBSH,dae7e245-724c-4e86-9bcf-50fb937079ba,COMMERCE BANCSHARES INC /MO/,NASDAQ,
0000016040,CBT,24ecf2f4-8364-4bb0-b9dc-6e68b642870f,CABOT CORP,NYSE,
0000723188,CBU,5a570769-f24b-4d3a-a218-cfa59b6fdbb1,"COMMUNITY FINANCIAL SYSTEM, INC.",NYSE,
0000944148,CBZ,22f1489d-0770-4096-9458-4a490d8f09a8,"CBIZ, Inc.",NYSE,
0001627223,CC,500f4a73-50aa-4ab5-8be0-f1344d6f7181,Chemours Co,NYSE,
0001633336,CCAP,13f70e84-accc-4cc6-ab7e-8e8bf6937c53,"Crescent Capital BDC, Inc.",NASDAQ,
0002041047,CCAQU,e489ec17-5b07-4ded-abb5-5103514f7c68,COLLECTIVE ACQUISITION CORP.,NASDAQ,
0001437958,CCB,6b5584c8-7ca5-47df-bacc-175f7208f581,COASTAL FINANCIAL CORP,NASDAQ,
0000726601,CCBG,d556014c-b195-4e79-b9a8-ceb6a3ab36b5,CAPITAL CITY BANK GROUP INC,NASDAQ,
0001818201,CCC,ca7088b7-73db-4d51-84f2-8974415837aa,CCC Intelligent Solutions Holdings Inc.,NASDAQ,
0001662579,CCCC,5475546d-6deb-44df-a4b3-00b6f538b068,"C4 Therapeutics, Inc.",NASDAQ,
0002123471,CCCTU,c0eee915-0d8b-4cf6-96d6-b55b70c82ae9,Columbus Circle Capital Corp III,NASDAQ,
0001602584,CCD,1fea5157-6d79-4afa-9390-0d63ce89b7a3,Calamos Dynamic Convertible & Income Fund,NASDAQ,
0001392326,CCEC,f917be0a-7bb7-4f39-823b-f3d87f5152cf,Capital Clean Energy Carriers Corp.,NASDAQ,
0000862692,CCEL,a0c7d363-46c0-4d58-bf9d-390aeb935c76,CRYO CELL INTERNATIONAL INC,AMEX,
0001650107,CCEP,37f1fb30-cffa-4c00-8776-22ddd6563bb3,COCA-COLA EUROPACIFIC PARTNERS plc,NASDAQ,
0001965473,CCGWW,8caab0da-c1a2-446b-8030-f54f107c63e2,Cheche Group Inc.,NASDAQ,
0001051470,CCI,dd72d233-d85d-499d-9dc4-4b407bcdb734,CROWN CASTLE INC.,NYSE,
0001517767,CCIF,97a9bc0a-0e62-4536-a880-4e906e50d5f6,Carlyle Credit Income Fund,NYSE,
0002064683,CCIIU,5f05b39f-fc48-4f77-bd24-6bf0e6aab235,Cohen Circle Acquisition Corp. II,NASDAQ,
0001009001,CCJ,bb802c69-9df2-42ab-9b9c-058698d7617b,CAMECO CORP,NYSE,
0001219601,CCK,93882ca3-11f6-49ab-a399-6b62c0cd78e8,"CROWN HOLDINGS, INC.",NYSE,
0000815097,CCL,d8917341-9b29-4fe9-a373-c8ddd6d5ae86,Carnival Corp Ltd.,NYSE,
0001582982,CCLD,ddfde275-92a9-47ad-af86-914798831d2c,"CareCloud, Inc.",NASDAQ,
0001472072,CCM,d3ab1a98-03d1-49e9-9c3c-5ba76aef8cba,Concord Medical Services Holdings Ltd,NYSE,
0000736772,CCNE,1e0b356e-5299-452a-9730-98bb9c65d7f4,CNB FINANCIAL CORP/PA,NASDAQ,
0001334978,CCO,08a3c4eb-a864-422d-977d-528691a1adbf,"Clear Channel Outdoor Holdings, Inc.",NYSE,
0001158324,CCOI,49eb282c-94ba-45b9-83cf-e70b88e2c952,"COGENT COMMUNICATIONS HOLDINGS, INC.",NASDAQ,
0001576940,CCS,c20c981a-128b-4b4f-83c6-2c6d49cb4885,"Century Communities, Inc.",NYSE,
0001866633,CCSI,6016c3ae-97c7-463e-867c-4054cb30c602,"Consensus Cloud Solutions, Inc.",NASDAQ,
0001931717,CCTG,f1a3f451-7e7b-4821-b090-30966127ffb2,CCSC Technology International Holdings Ltd,NASDAQ,
0002074973,CCXIU,b795f6e2-054e-4012-9673-246337b144a8,Churchill Capital Corp XI,NASDAQ,
0001527762,CD,ba3e1599-ed39-4447-be65-bf3d217468eb,Chaince Digital Holdings Inc.,NASDAQ,
0000215466,CDE,74f7cda3-433d-4597-bf2c-b6e7782133d6,"Coeur Mining, Inc.",NYSE,
0001870144,CDIOW,50ae8ef8-a748-4df3-8fcb-35e45b85aa34,"Cardio Diagnostics Holdings, Inc.",NASDAQ,
0001666071,CDLX,c5bdc3fe-da5e-458f-93bf-c9713a7b58b9,"Cardlytics, Inc.",NASDAQ,
0001217234,CDNA,4cef38dc-85b1-475a-8557-052a028ad2d2,"CareDx, Inc.",NASDAQ,
0002079999,CDNL,038e64c1-3679-4d8d-b6d0-44eb9c9b70b9,Cardinal Infrastructure Group Inc.,NASDAQ,
0000813672,CDNS,ee289c17-ee75-4d48-a9ee-505156d93171,CADENCE DESIGN SYSTEMS INC,NASDAQ,
0000860546,CDP,c3e737df-afc9-49a7-84f9-c1663e8ca059,COPT DEFENSE PROPERTIES,NYSE,
0001860543,CDRE,8d9bd225-24a2-4eaf-aba6-b366bb12a559,"Cadre Holdings, Inc.",NYSE,
0001866782,CDROW,d8a68019-9b99-4186-85bc-628856fb43d5,"Codere Online Luxembourg, S.A.",NASDAQ,
0001793895,CDTG,49d78648-f5bb-4843-a1f1-ab9d4565ac24,CDT Environmental Technology Investment Holdings Ltd,NASDAQ,
0001896212,CDTTW,37a32b68-0097-41c5-b1f0-ab7299ecb77a,CDT Equity Inc.,NASDAQ,
0001200375,CDXS,95181b36-af3d-4749-ab51-a6d63a09465a,"CODEXIS, INC.",NASDAQ,
0001306830,CE,5fbebc86-855d-4432-befc-313cecb7d992,Celanese Corp,NYSE,
0000003197,CECO,aab1b99b-4a2a-4e3c-ae94-02e7d637862f,CECO ENVIRONMENTAL CORP,NASDAQ,
0000860489,CEE,f02f6eab-7c3b-457a-9824-8e2845940831,"CENTRAL & EASTERN EUROPE FUND, INC.",NYSE,
0001726122,CEF,6b827d81-55db-4642-bdd0-86390fd0a935,Sprott Physical Gold & Silver Trust,ARCA,
0001868275,CEG,7658b394-4296-4b6c-b3e5-02243499faf6,Constellation Energy Corp,NASDAQ,
0001603454,CELC,a1a6af06-6e43-45a8-84e6-79408dba8d43,Celcuity Inc.,NASDAQ,
0001341766,CELH,f9d88027-03ff-4ae7-ba80-32e301cbe5c7,"Celsius Holdings, Inc.",NASDAQ,
0001752828,CELU,f1f973c6-e373-4a2a-ae65-8df150ce8fae,Celularity Inc,NASDAQ,
0001187953,CELZ,f9302898-0003-4de5-bf92-f3178798305a,"CREATIVE MEDICAL TECHNOLOGY HOLDINGS, INC.",NASDAQ,
0001707919,CENN,51273df5-7c54-49d4-b555-b7c72ea29147,Cenntro Inc.,NASDAQ,
0000887733,CENT,5cccf0d1-e144-4953-b224-736f72c91be7,CENTRAL GARDEN & PET CO,NASDAQ,
0000949157,CENX,f55bcd70-0b82-427a-a3ba-1bac0ffff83f,CENTURY ALUMINUM CO,NASDAQ,
0002034267,CEPF,9b14069e-e425-426e-b0a5-29df4f04a433,"Cantor Equity Partners IV, Inc.",NASDAQ,
0001009759,CEPL,94466250-9aee-4c27-a18c-dce59a74d608,"Capstone Energy Plus, Inc.",NASDAQ,
0002027708,CEPO,efb13c34-221b-4fcd-ae65-e2e5976207b2,"Cantor Equity Partners I, Inc.",NASDAQ,
0002089536,CEPS,8d9f454b-42ff-41b6-8136-4f262580e116,"Cantor Equity Partners VI, Inc.",NASDAQ,
0002034266,CEPV,8643e1fa-14bb-4946-a403-ff04d82ab6c8,"Cantor Equity Partners V, Inc.",NASDAQ,
0001827090,CERT,735f06dc-8d12-4aba-81b1-a3af727ba430,"Certara, Inc.",NASDAQ,
0000018748,CET,b28beac1-04f8-4c57-aba7-2eab22ad5ab5,CENTRAL SECURITIES CORP,AMEX,
0001329606,CETY,94ea7a7e-7af5-4ca2-8aeb-b81370876193,"Clean Energy Technologies, Inc.",NASDAQ,
0001074692,CEV,f04f4ed2-b85d-4865-8c33-78da199f5c75,Eaton Vance California Municipal Income Trust,AMEX,
0001324404,CF,cf8836c1-434e-4ab0-aec3-eff774d90c4e,"CF Industries Holdings, Inc.",NYSE,
0001070680,CFBK,3f2b31eb-b932-46ce-ac18-429052c1ec45,CF BANKSHARES INC.,NASDAQ,
0000913341,CFFI,149d2fd6-45a2-434b-9596-24aab11525e7,C & F FINANCIAL CORP,NASDAQ,
0001490906,CFFN,8b02dc0d-88b9-4c63-a669-100599bd5969,"Capitol Federal Financial, Inc.",NASDAQ,
0000759944,CFG,199cb7ce-8ed9-4d04-8270-a1ad319d5a6b,CITIZENS FINANCIAL GROUP INC/RI,NYSE,
0002044327,CFND,60fce8b8-a926-4ee6-8a7e-884e8997f5f2,C1 Fund Inc.,NYSE,
0000039263,CFR,09f1c57e-c8a3-4e28-98fa-21720cf3c336,"CULLEN/FROST BANKERS, INC.",NYSE,
0001527166,CG,dd1192eb-9688-48b2-accd-55044cc967fc,Carlyle Group Inc.,NASDAQ,
0001854640,CGAU,be217640-ca60-4ba9-a031-3378d6b7b9da,Centerra Gold Inc.,NYSE,
0001544206,CGBD,72ad289e-6418-43ae-b23d-27c509a18f5f,"Carlyle Secured Lending, Inc.",NASDAQ,
0001737927,CGC,a601a656-72dc-47ce-8595-fc59086613d6,Canopy Growth Corp,NASDAQ,
0002126043,CGCFU,5bf9dd43-3244-4add-841d-471892bd67a6,Cartesian Growth Corp IV,NASDAQ,
0001789972,CGEM,4702f4eb-11a7-422e-8a85-4cca06268171,"Cullinan Therapeutics, Inc.",NASDAQ,
0001119774,CGEN,c3f2ab3d-6ca7-4d44-944f-98c9bf54402b,COMPUGEN LTD,NASDAQ,
0001824814,CGNT,a7779c14-a744-4029-98f2-5f0959acf006,Cognyte Software Ltd.,NASDAQ,
0000851205,CGNX,4a13f944-5d9c-4f69-b99b-a7d724b5d903,COGNEX CORP,NASDAQ,
0001285650,CGO,ccea1777-411b-4f46-888d-cc11a0f9f3ce,CALAMOS GLOBAL TOTAL RETURN FUND,NASDAQ,
0001991792,CGON,93d84ee3-c1f4-4c93-8e71-7fa7f7a20d58,"CG Oncology, Inc.",NASDAQ,
0001967822,CGTL,f2f2657f-cb48-4a8a-b4bb-26a13e87dc91,Creative Global Technology Holdings Ltd,NASDAQ,
0001455365,CGTX,4d0a44bd-4e59-421d-9e93-056b281a7d31,COGNITION THERAPEUTICS INC,NASDAQ,
0001649009,CHAI,2504dce5-5bbb-4648-8382-b3e6f33ac7bc,"Core AI Holdings, Inc.",NASDAQ,
0002024459,CHARU,27641ce9-8933-4599-a23a-36b4d18c7205,Charlton Aria Acquisition Corp,NASDAQ,
0001299969,CHCI,fe6d4cfc-c63e-4a97-9652-0e0bd70bd2d3,"Comstock Holding Companies, Inc.",NASDAQ,
0001631569,CHCT,d3ad89a3-4fae-4c38-9691-93998fa2b8c6,Community Healthcare Trust Inc,NYSE,
0000313927,CHD,9f96290f-07c9-4238-8763-105b17a49f59,CHURCH & DWIGHT CO INC /DE/,NYSE,
0000020212,CHDN,e0060798-2d3d-4c43-857e-f10508d0be87,Churchill Downs Inc,NASDAQ,
0000019584,CHE,28f0583c-f452-4d17-a1fa-d906572c3cf2,CHEMED CORP,NYSE,
0002047177,CHECU,b5d1088b-403d-4b81-993b-ec5f935885c9,Chenghe Acquisition III Co.,NASDAQ,
0001517175,CHEF,715a96b6-72cb-435b-b4cd-db435b7e74e1,"Chefs' Warehouse, Inc.",NASDAQ,
0001630212,CHGA,59662896-2b84-4092-8785-ef0d5c2741c8,Change Agents Corporation.,NASDAQ,
0001364954,CHGG,de2314b3-47b6-400f-9d24-39ee3f6b82b6,"CHEGG, INC",NYSE,
0001046311,CHH,178fc1e7-9776-4271-b1d4-a2d9dd1c5acb,CHOICE HOTELS INTERNATIONAL INC /DE,NYSE,
0001171471,CHI,92de95ab-78d2-47fc-b276-5ed997ddb5db,CALAMOS CONVERTIBLE OPPORTUNITIES & INCOME FUND,NASDAQ,
0001015922,CHKP,9caeff29-8fe0-4dae-b816-fba51a91cf76,CHECK POINT SOFTWARE TECHNOLOGIES LTD,NASDAQ,
0000763563,CHMG,e84c7d67-ccf1-44c5-bb79-9938c95df9b1,CHEMUNG FINANCIAL CORP,NASDAQ,
0001571776,CHMI,9a7f6871-fee4-43af-89e6-84d40667df1b,Cherry Hill Mortgage Investment Corp,NYSE,
0000793628,CHNR,369ac8e3-7105-4caa-8e50-644ffbbad2f7,CHINA NATURAL RESOURCES INC,NASDAQ,
0002041829,CHOW,f67bda22-974d-486d-820e-e63da9b1d424,ChowChow Cloud International Holdings Ltd,AMEX,
0002024460,CHPGU,28fd9223-ed84-4e18-8e15-94aac3d33bd4,ChampionsGate Acquisition Corp,NASDAQ,
0001777393,CHPT,4f8e6fec-403f-4980-b973-e8dd91b02442,"ChargePoint Holdings, Inc.",NYSE,
0001486159,CHRD,c1efb631-f837-4076-8ce8-f2ecdc12a85a,Chord Energy Corp,NASDAQ,
0001549084,CHRN,284dddb0-641d-4d28-8148-1ff8f3f4053f,ChronoScale Holdings Corp,NASDAQ,
0001512762,CHRS,d61092cc-4961-4d93-b23b-42f23f9db989,"Coherus Oncology, Inc.",NASDAQ,
0001043277,CHRW,bdb9e72b-fe14-42fa-a784-aa451745bf12,"C. H. ROBINSON WORLDWIDE, INC.",NASDAQ,
0001825349,CHSN,87940622-5a68-4561-b406-f498c4726db9,Chanson International Holding,NASDAQ,
0001132924,CHT,81d44bb1-b55a-4cf4-a91f-da0714958d2a,CHUNGHWA TELECOM CO LTD,NYSE,
0001091667,CHTR,596b0016-1d8d-4e2e-9ab3-bfe7514b6be8,"CHARTER COMMUNICATIONS, INC. /MO/",NASDAQ,
0001396277,CHW,a88f5306-38ac-4caf-aae9-ff221a68170e,Calamos Global Dynamic Income Fund,NASDAQ,
0001766502,CHWY,9f2fea8f-e5bf-4649-ad2f-76224c8a141b,"Chewy, Inc.",NYSE,
0001222719,CHY,a13b6a08-441b-4d57-993a-c1321c90b5a8,CALAMOS CONVERTIBLE & HIGH INCOME FUND,NASDAQ,
0001795586,CHYM,7d8d52f7-b722-404b-96c3-72837afd8027,"Chime Financial, Inc.",NASDAQ,
0001739940,CI,16af176c-d616-41d8-8a5a-b40c326e050e,Cigna Group,NYSE,
0000024090,CIA,7ae89790-6169-4f6e-b377-8a9bdd395052,"CITIZENS, INC.",NYSE,
0000936395,CIEN,2ada15fb-1cf1-4241-a97b-0837322da8d6,CIENA CORP,NYSE,
0001819989,CIFR,723bdaf9-9e77-45d1-b6b5-5a44db902cdd,Cipher Digital Inc.,NASDAQ,
0001157557,CIG,486dc622-4ace-461c-ab0a-7bea2aede86d,ENERGY CO OF MINAS GERAIS,NYSE,
0000913353,CIGI,dede6e90-8bf5-467b-9b6a-a5fe5234d89e,Colliers International Group Inc.,NASDAQ,
0002001794,CIGL,042ad310-f4ba-48a3-a04e-fc011ffd0ca4,Concorde International Group Ltd.,NASDAQ,
0001278895,CII,bd0df361-5b94-4096-bfce-712deba25338,"BlackRock Enhanced Large Cap Core Fund, Inc.",NYSE,
0001557798,CIIT,b97ac7bd-26da-4d0f-92fa-75a17219f088,"Tianci International, Inc.",NASDAQ,
0000810766,CIK,e3675298-d9dd-45ae-b779-f7dd863fd407,"CREDIT SUISSE ASSET MANAGEMENT INCOME FUND, INC.",AMEX,
0001409493,CIM,e7ec1c16-299f-4cac-b713-86274fa5cd62,CHIMERA INVESTMENT CORP,NYSE,
0000020286,CINF,636ebb91-c67d-4ba7-87f6-526aa99c8446,CINCINNATI FINANCIAL CORP,NASDAQ,
0001862150,CINGW,5bdb2f44-595d-4c9c-9026-a2500f16cbf3,Cingulate Inc.,NASDAQ,
0001868995,CINT,2b17804e-fb9b-4350-8505-bdfaf67b9c6f,CI&T Inc,NYSE,
0001534254,CION,1a7fce76-aaa1-4fa7-b61b-9680291fa2dc,CION Investment Corp,NYSE,
0001605888,CIRC,af51e15e-d195-417e-a896-75212954b14e,CIRCLE8 GROUP INC,NASDAQ,
0001777319,CISO,894b97f4-0a8d-4fad-aa0c-81c79301e787,"CISO Global, Inc.",NASDAQ,
0000894556,CITR,7f414b76-506f-4345-979a-828d8325287f,CitroTech Inc.,AMEX,
0000944745,CIVB,9e5c3ae9-b194-41ba-86ae-06c5b00b76ef,"CIVISTA BANCSHARES, INC.",NASDAQ,
0001049606,CIX,8ba46ce5-ae9b-417c-a8d0-b63e078f8e15,COMPX INTERNATIONAL INC,AMEX,
0002032545,CJMB,83636917-de07-4823-8152-dabd7f3f440a,CALLAN JMB INC.,NASDAQ,
0000352955,CKX,6d483d18-db0f-4e93-96cb-adc104bce0d5,"CKX LANDS, INC.",AMEX,
0000021665,CL,a7dd2d26-59d5-4c85-8449-cd0cb975fd98,COLGATE PALMOLIVE CO,NYSE,
0000913277,CLAR,c1f33263-e89d-4c5a-ad08-fead184f8ad9,Clarus Corp,NASDAQ,
0001958086,CLB,a2d83197-2ad4-42f0-aeed-be7ba671bc20,Core Laboratories Inc. /DE/,NYSE,
0002115119,CLBK,6f947c7a-1d91-432e-bbf6-fc4a57d9b10b,"Columbia Financial, Inc./MD/",NASDAQ,
0002091024,CLBR,7e2b257b-2920-48d4-808e-5d8817f4cf49,Colombier Acquisition Corp. III,NYSE,
0001854587,CLBT,f14ec5f2-f494-44d0-82c8-d30966347add,Cellebrite DI Ltd.,NASDAQ,
0001855485,CLDI,1fc492f8-322d-482a-8be2-04a693689587,"Calidi Biotherapeutics, Inc.",AMEX,
0001476045,CLDT,73043016-d779-4de2-b70a-350988a1a9d9,Chatham Lodging Trust,NYSE,
0000744218,CLDX,9b6907c7-dad6-436f-9a99-74cd2cbe4505,"Celldex Therapeutics, Inc.",NASDAQ,
0000764065,CLF,0b2b0793-2eaf-45a3-b8c1-b5614edd1fc7,CLEVELAND-CLIFFS INC.,NYSE,
0000796505,CLFD,089fa3a9-8798-44f0-84f0-46267edcc6a7,"Clearfield, Inc.",NASDAQ,
0001631487,CLGN,524708b9-981f-4c84-b76c-be8a7296c223,CollPlant Biotechnologies Ltd,NASDAQ,
0000822818,CLH,a1b40070-76aa-4074-a3f9-263079926b55,CLEAN HARBORS INC,NYSE,
0001434524,CLIR,a93b09b7-cfd4-4349-a02b-c48102909bb0,ClearSign Technologies Corp,NASDAQ,
0001627281,CLLS,f9956fd8-9e94-4cbd-a316-0e6af02ef6a9,Cellectis S.A.,NASDAQ,
0000814083,CLM,caf0b44a-b3f4-465b-99a6-e7fb71bcb8eb,"Cornerstone Strategic Investment Fund, Inc.",AMEX,
0000945983,CLMB,debcece6-c026-48d5-a115-bbf0588c87f2,"Climb Global Solutions, Inc.",NASDAQ,
0002013745,CLMT,e7d29342-70c9-43b6-9bd5-dd2c78ab60cd,"Calumet, Inc. /DE",NASDAQ,
0001368265,CLNE,97ee59c3-5b3d-4b1a-8630-1b69896d523d,Clean Energy Fuels Corp.,NASDAQ,
0002082889,CLNK,760a716a-f600-49aa-8de8-5bdbae189aca,Bitwise Chainlink ETF,ARCA,
0001801170,CLOV,057e0c63-54b4-419d-b46a-69051a55d359,"CLOVER HEALTH INVESTMENTS, CORP. /DE",NASDAQ,
0001649096,CLPR,32194224-489b-459f-962e-43a3e9dcb335,Clipper Realty Inc.,NYSE,
0001285550,CLPT,8ff6447b-d36f-4e7d-b59a-0065845b220a,"ClearPoint Neuro, Inc.",NASDAQ,
0001279704,CLRB,d1163aa0-fa51-4504-8e6f-01681b9efe15,"Cellectar Biosciences, Inc.",NASDAQ,
0000840715,CLRO,6ef393be-d6b6-4447-80e0-5972535ab920,CLEARONE INC,NASDAQ,
0001030894,CLS,1c078c9b-28c1-4c9f-82a0-508defcff228,CELESTICA INC,NYSE,
0000827876,CLSKW,dbe714e1-649f-40d0-ba09-11e2f97e0194,"CLEANSPARK, INC.",NASDAQ,
0001849867,CLST,8c1e5481-b834-4337-a529-8ce26ab52b7a,"Catalyst Bancorp, Inc.",NASDAQ,
0001764046,CLVT,83afbbb4-32a9-4ac7-b82c-c2c17b904d78,CLARIVATE PLC,NYSE,
0001441236,CLW,951199e7-0a9e-4e8b-82e3-63464e114090,Clearwater Paper Corp,NYSE,
0001026662,CLWT,c295ce69-262d-4407-a79c-18e5fca47738,EURO TECH HOLDINGS CO LTD,NASDAQ,
0000021076,CLX,e546b55a-77d5-4e6c-b588-0aeaa20bd2b3,CLOROX CO /DE/,NYSE,
0001768446,CLYM,f149f43d-dea8-449f-9f05-330ca8fdcc3e,"Climb Bio, Inc.",NASDAQ,
0001045520,CM,9bac708f-f6f3-411a-a320-5d31f36b6a7d,CANADIAN IMPERIAL BANK OF COMMERCE /CAN/,NYSE,
0001604481,CMBT,a2ada2f0-cc3c-4218-a829-581a4d2f31d4,CMB.TECH NV,NYSE,
0000022444,CMC,0d7b78ef-b2dc-428f-b869-f8dab348cd5f,COMMERCIAL METALS Co,NYSE,
0000766011,CMCL,67dfea7b-e2e2-4d11-9851-c2cd0166b557,Caledonia Mining Corp Plc,AMEX,
0001005229,CMCO,9c83d23b-4587-4e06-817d-05221648a35c,COLUMBUS MCKINNON CORP,NASDAQ,
0000908311,CMCT,8b481aa9-6500-43ba-a7fa-07b2e857e0e1,Creative Media & Community Trust Corp,NASDAQ,
0002033535,CMDB,1e4c6961-a104-4629-890a-beeef429acf0,Costamare Bulkers Holdings Ltd,NYSE,
0001058090,CMG,a3e21504-59e3-4f4b-8f9c-86a569bdf842,CHIPOTLE MEXICAN GRILL INC,NYSE,
0000026172,CMI,badebe9a-89a1-4579-9e94-28e11d901b16,CUMMINS INC,NYSE,
0002088805,CMIIU,514a63f3-de26-465f-9be9-aa51f79a03ad,Columbus Circle Capital Corp II,NASDAQ,
0001534248,CMMB,c5609d80-1eec-46a1-9a8a-ff6c50793685,Chemomab Therapeutics Ltd.,NASDAQ,
0001892500,CMND,7b078119-8b63-46a9-a4b7-0eb9aaa825f0,Clearmind Medicine Inc.,NASDAQ,
0001227654,CMP,b6e51e7a-ad9c-4040-8d9b-2713943fb672,COMPASS MINERALS INTERNATIONAL INC,NYSE,
0001816590,CMPS,cbb6d1f2-1f54-4366-8cf1-12fe836e6a56,COMPASS Pathways plc,NASDAQ,
0001738021,CMPX,d2dea23e-532d-4b8d-b934-a66a191389d1,"Compass Therapeutics, Inc.",NASDAQ,
0001626450,CMRC,3665423a-80c5-44bd-b5b6-49cf9aeca260,"Commerce.com, Inc.",NASDAQ,
0001503584,CMRE,15c86db7-bc00-4cad-a92a-15a57e4144dd,Costamare Inc.,NYSE,
0000811156,CMS,cfae5876-5fd7-43ec-8daf-d583ef094a8b,CMS ENERGY CORP,NYSE,
0001026655,CMT,95a3e392-291a-44ff-826a-7baaa4907d77,CORE MOLDING TECHNOLOGIES INC,AMEX,
0001666291,CMTG,fac6037d-a616-479e-9af1-39093979244d,"Claros Mortgage Trust, Inc.",NYSE,
0000023197,CMTL,e5f2986c-fad3-465d-9e79-f6ddb4f56eee,COMTECH TELECOMMUNICATIONS CORP /DE/,NASDAQ,
0000718413,CMTV,6635b709-b569-436c-9cc3-67eb50eb1309,COMMUNITY BANCORP /VT,NASDAQ,
0000021175,CNA,dfea8f54-02d8-44f8-8520-8b3fd845e6cb,CNA FINANCIAL CORP,NYSE,
0001071739,CNC,67956c95-90f3-4316-8dcf-56f8aa497dcb,CENTENE CORP,NYSE,
0001913847,CNCKW,747fdb88-da3d-43ff-a477-cbccb10dae3d,Coincheck Group N.V.,NASDAQ,
0001677703,CNDT,02d1ae5c-1c06-408a-b633-703ef47a4407,CONDUENT Inc,NASDAQ,
0001376321,CNET,eb5f75ec-b262-487f-981e-fb6e20fcec69,ZW Data Action Technologies Inc.,NASDAQ,
0001780785,CNEY,3b676ce1-8204-489e-9724-1e3c00337908,CN ENERGY GROUP. INC.,NASDAQ,
0001567094,CNH,e1dd5c0c-edef-4271-be97-7adb9ce20a67,CNH Industrial N.V.,NYSE,
0000016868,CNI,33890e46-ea38-4ddb-a8e6-65346d1865ef,CANADIAN NATIONAL RAILWAY CO,NYSE,
0001385280,CNK,6797e1e3-be57-4ac2-a44f-e32bc2aa8523,"Cinemark Holdings, Inc.",NYSE,
0001953575,CNL,6d22f2d9-46a6-4c3e-9793-50ee3874e076,Collective Mining Ltd.,AMEX,
0001856525,CNM,3be5b94e-5f9d-472b-ae0c-5acc6c827808,"Core & Main, Inc.",NYSE,
0000816956,CNMD,6661d64c-f40d-46ad-a85f-d9d56d0e746d,CONMED Corp,NYSE,
0001704720,CNNE,58561d82-1557-43f5-9f84-5c722a37a056,"Cannae Holdings, Inc.",NYSE,
0001224608,CNO,6db93524-f41a-413b-8819-16b3c31f70ed,"CNO Financial Group, Inc.",NYSE,
0000712771,CNOB,434b7486-113a-46c1-a892-eb3995eab6c6,"ConnectOne Bancorp, Inc.",NASDAQ,
0001130310,CNP,0666dd39-e7df-4e09-90e6-bd1a2b42a3c1,CENTERPOINT ENERGY INC,NYSE,
0001017413,CNQ,70876274-5e8f-43cf-8f7d-5330b2eefc13,CANADIAN NATURAL RESOURCES Ltd,NYSE,
0001710366,CNR,8de71863-b254-4468-a1ab-ae606c666e1a,"Core Natural Resources, Inc.",NYSE,
0001284812,CNS,5ba6dbe0-170b-4105-b88c-fbb1618c00d9,"COHEN & STEERS, INC.",NYSE,
0001729427,CNSP,87836f4f-c19e-420d-b1e4-1d92b3c19d83,"CNS Pharmaceuticals, Inc.",NASDAQ,
0001835268,CNTB,84a75920-08cf-4895-9166-03052787fc3e,Connect Biopharma Holdings Ltd,NASDAQ,
0001861657,CNTN,95ac84da-1f0b-478a-b607-3655ca9fdb02,"Canton Strategic Holdings, Inc.",NASDAQ,
0001842952,CNTX,c81aee60-66a2-489f-bf7e-ae7e984e14d3,Context Therapeutics Inc.,NASDAQ,
0000911147,CNTY,58c9fdb9-5920-4a8d-9a10-3fe716a8370f,CENTURY CASINOS INC /CO/,NASDAQ,
0001070412,CNX,044e016d-4b8f-4656-b903-c66b102023b0,CNX Resources Corp,NYSE,
0001803599,CNXC,49f16aa1-47d5-48a9-a5c5-9587b7cffdd9,Concentrix Corp,NASDAQ,
0001050377,CNXN,ea357820-a55f-4c0b-b4bf-e9a2d90ec14a,PC CONNECTION INC,NASDAQ,
0002066836,CNXU,b9cd1c48-e1e2-4805-b9b4-4d1d3437a3d9,Conexeu Sciences Inc.,NASDAQ,
0002114044,COAG,92138e4d-ec10-44e0-9e73-c86843ff1c50,"Hemab Therapeutics Holdings, Inc.",NASDAQ,
0001840877,COCHW,e6a8efaf-cbe4-415e-a793-e32f9a302a96,"Envoy Medical, Inc.",NASDAQ,
0001482981,COCO,c7c40d5e-fe35-4e84-ba9a-7117a338055c,"Vita Coco Company, Inc.",NASDAQ,
0001412486,COCP,7cc92ba7-60a0-448f-b43c-3af57f15ea7a,"Cocrystal Pharma, Inc.",NASDAQ,
0001334325,CODA,103efcce-0e17-4e4e-bc12-9e5352144ef0,"Coda Octopus Group, Inc.",NASDAQ,
0001345126,CODI,447bdd9b-1457-4227-a5f9-00e7f2ff7fe8,Compass Diversified Holdings,NYSE,
0001692415,CODX,6e6dcc87-c885-4866-ae12-a642d951683d,"Co-Diagnostics, Inc.",NASDAQ,
0000927628,COF,58173a3c-c7e1-4150-b48f-1af063a88e26,CAPITAL ONE FINANCIAL CORP,NYSE,
0000803164,COFS,91c85103-d939-4573-b0dd-fc4f9c760e1c,CHOICEONE FINANCIAL SERVICES INC,NASDAQ,
0001622229,COGT,9b776719-e432-47ad-8dd9-6521bb2a2ae4,"Cogent Biosciences, Inc.",NASDAQ,
0001270436,COHN,137d2955-7aca-48a4-bc08-cd01ec684f54,Cohen & Co Inc.,AMEX,
0000820318,COHR,e3e977e6-a55b-4b5f-bc0a-e2b02183d254,COHERENT CORP.,NYSE,
0001679788,COIN,1f3f7283-250d-4477-8b1e-037df55e5046,"Coinbase Global, Inc.",NASDAQ,
0000317540,COKE,1299fe05-5796-4761-929c-cf0053c68f64,"Coca-Cola Consolidated, Inc.",NASDAQ,
0002028201,COLAU,e0bedc78-76c8-4d78-9015-20bea834a900,Columbus Acquisition Corp/Cayman Islands,NASDAQ,
0000887343,COLB,18db2334-7685-4852-ae53-fe41562bc2a9,"COLUMBIA BANKING SYSTEM, INC.",NASDAQ,
0001455863,COLD,d4d1ad34-b189-4c75-95f1-5972a89d8f3e,AMERICOLD REALTY TRUST,NYSE,
0001267565,COLL,202fe58c-6b7c-4cd2-b8e4-29e7ca3390d3,"COLLEGIUM PHARMACEUTICAL, INC",NASDAQ,
0001050797,COLM,d54e7212-aa4d-4a43-a4a9-b2194d80aa5c,COLUMBIA SPORTSWEAR CO,NASDAQ,
0001563190,COMP,a64d9c2e-a3d1-4bbf-8d2b-39e4465d75d2,"Compass, Inc.",NYSE,
0002014596,CON,2e9a1540-4e63-4d66-b4a3-bd9d21a1a40b,"Concentra Group Holdings Parent, Inc.",NYSE,
0000711404,COO,e2330668-4813-4c45-84d2-e3a94c3387f5,"COOPER COMPANIES, INC.",NASDAQ,
0001857853,COOK,6539ce17-7d7b-4c2a-957a-9110f1f16f22,"Traeger, Inc.",NYSE,
0001959994,COOTW,7417dc4b-e035-4ea2-bf1a-9c99a5f312bb,Australian Oilseeds Holdings Ltd,NASDAQ,
0001163165,COP,705363ac-b8c6-4d0e-9c9b-a343f3103de6,CONOCOPHILLIPS,NYSE,
0002045473,COPL,27e924fd-a521-4d40-bf0f-c5277d2969df,Copley Acquisition Corp,NYSE,
0001263364,COPR,5c3e3eb2-3edb-4316-aeee-0f360f18dae3,Idaho Copper Corp,AMEX,
0001140859,COR,ca56f277-6345-49e3-889a-6a748a4f1c79,"Cencora, Inc.",NYSE,
0001471824,CORN,925476a8-de12-42be-b302-72817ca8e08c,Teucrium Commodity Trust,ARCA,
0001088856,CORT,d442bc60-0bec-4698-81fc-d8b99a75a437,CORCEPT THERAPEUTICS INC,NASDAQ,
0001839341,CORZ,3ea87bfa-bfe4-4629-b695-2aee123e921a,"Core Scientific, Inc./tx",NASDAQ,
0001474167,COSM,b41a60d8-6f55-4b63-8cf7-230b04efb730,Cosmos Health Inc.,NASDAQ,
0001297107,COSO,f40a8cff-75f4-450f-af56-31990eb3ddc8,"CoastalSouth Bancshares, Inc.",NYSE,
0000909832,COST,1f888138-e413-4939-b16b-bdd08bb4debd,COSTCO WHOLESALE CORP /NEW,NASDAQ,
0001024305,COTY,17a9685c-46c6-4ed7-8278-8b3bc5cb06fa,COTY INC.,NYSE,
0001651562,COUR,6bde495f-5108-4e52-b7c2-403c9c0b1695,"Coursera, Inc.",NYSE,
0001835022,COYA,68906548-17ad-4723-a4f0-a83eb6aeadb7,"Coya Therapeutics, Inc.",NASDAQ,
0000016875,CP,143fc802-6cb5-4905-9161-dbaf899d283a,CANADIAN PACIFIC KANSAS CITY LTD/CN,NYSE,
0001345105,CPA,f62dada2-7c7c-4db3-a339-242e94f832a7,"Copa Holdings, S.A.",NYSE,
0001221029,CPAC,0c424fbc-147c-402c-9667-c3b2a0e64d73,CEMENTOS PACASMAYO SAA,NYSE,
0001175454,CPAY,d9d20f68-0a16-493e-9c0c-324ec90edb6c,"CORPAY, INC.",NYSE,
0000016732,CPB,023dcf58-0c66-41e5-87dc-229bef3e3333,CAMPBELL'S Co,NASDAQ,
0001979332,CPBI,32ac7013-15c6-4154-880d-89b3a88665c3,"Central Plains Bancshares, Inc.",NASDAQ,
0001479247,CPER,bc1eafa1-9696-42a3-8eb5-6342903c9064,United States Commodity Index Funds Trust,ARCA,
0000701347,CPF,ec87a926-5908-454b-973a-787767cf4ba4,CENTRAL PACIFIC FINANCIAL CORP,NYSE,
0001672909,CPHC,5d207be9-c364-48f4-b329-362d0893854d,Canterbury Park Holding Corp,NASDAQ,
0001106644,CPHI,cf18ca82-ad1e-4641-8a9f-06689b923193,"CHINA PHARMA HOLDINGS, INC.",AMEX,
0001087294,CPIX,0732b282-1afd-4427-9135-91702ef95868,CUMBERLAND PHARMACEUTICALS INC,NASDAQ,
0000019745,CPK,13c4676b-e982-436f-b2d8-c1d2ebc07362,CHESAPEAKE UTILITIES CORP,NYSE,
0001834584,CPNG,afa519db-258d-4db5-8b3b-963d92b896a3,"Coupang, Inc.",NYSE,
0001807389,CPOP,69b1564e-8220-4b8b-b550-f6e818ae91e1,"Pop Culture Group Co., Ltd",NASDAQ,
0001530721,CPRI,1a703932-f39e-4c81-8814-784d505735a2,Capri Holdings Ltd,NYSE,
0001320461,CPS,62e8b9cc-bcd4-43b9-95f7-769eb4e1555e,Cooper-Standard Holdings Inc.,NYSE,
0000814676,CPSH,3c526bde-f7bf-4222-a304-5d574ad453d3,CPS TECHNOLOGIES CORP/DE/,NASDAQ,
0000889609,CPSS,17d926cc-649f-48db-bf8e-330c00067d95,"CONSUMER PORTFOLIO SERVICES, INC.",NASDAQ,
0000906345,CPT,0403279d-6ac7-47d1-9a60-fda5acaf2437,CAMDEN PROPERTY TRUST,NYSE,
0001717457,CPZ,31af8dfd-365f-4bab-8b79-54611eaa3a2a,Calamos Long/Short Equity & Dynamic Income Trust,NASDAQ,
0001383650,CQP,d5e8fc10-aa01-40cb-97dd-99def8a06528,"Cheniere Energy Partners, L.P.",NYSE,
0001944013,CR,a2fef514-69f0-46c4-b8b9-03cdf306eb51,Crane Co,NYSE,
0002070887,CRACU,adae41a2-b36b-4461-8937-55d667934cb6,Crown Reserve Acquisition Corp. I,NASDAQ,
0001053706,CRAI,d414546c-2622-4d1a-bf12-2a68636f5a87,"CRA INTERNATIONAL, INC.",NASDAQ,
0002081358,CRANU,cfb8e5ad-0c91-4970-b3ae-b3bdbd558d42,Crane Harbor Acquisition Corp. II,NASDAQ,
0002058359,CRAQR,5ef9990f-5623-4f4a-ac43-236ad54cae03,Cal Redwood Acquisition Corp.,NASDAQ,
0001889539,CRBG,d3d6053b-ede4-4b76-8b36-d8b42c632c9d,"Corebridge Financial, Inc.",NYSE,
0001595097,CRBP,7ca7220a-bc85-408f-8639-0ae0fd76df2e,"Corbus Pharmaceuticals Holdings, Inc.",NASDAQ,
0001619856,CRBU,5ab65396-8e4b-4088-9a69-64303d32d589,"Caribou Biosciences, Inc.",NASDAQ,
0001609253,CRC,73f2b152-2d85-4496-9ec6-267b4b0f60c8,California Resources Corp,NYSE,
0001876042,CRCL,9af5ec24-875e-4405-992b-b26ef3f0c75c,"Circle Internet Group, Inc.",NYSE,
0000025475,CRD.A,12fa815b-a711-4166-b031-e23ed7459661,CRAWFORD & CO,NYSE,
0001213037,CRDF,e1a1a555-c211-4949-84d9-a7aaa683fa1b,"Cardiff Oncology, Inc.",NASDAQ,
0001702123,CRDL,b0f44359-e195-4442-a35e-61f91b1470eb,Cardiol Therapeutics Inc.,NASDAQ,
0001807794,CRDO,73fa2018-e4b3-4956-a6d7-6c47ccdbcd83,Credo Technology Group Holding Ltd,NASDAQ,
0002003977,CRE,86b04a18-3bb8-42f3-9030-b95039e695b4,Cre8 Enterprise Ltd,NASDAQ,
0001356093,CREX,9769bdde-754c-41a4-8500-d67d03bb7909,"CREATIVE REALITIES, INC.",NASDAQ,
0000033934,CRF,c9e5125e-c6ed-4100-8fe3-806fdce56a46,CORNERSTONE TOTAL RETURN FUND INC,AMEX,
0001927719,CRGOW,0e9f55ad-eb89-47a7-b653-0db6eb9db22d,Freightos Ltd,NASDAQ,
0001866175,CRGY,52a1e000-80f6-4c20-b14f-fc317ebe789b,Crescent Energy Co,NYSE,
0000849395,CRH,d024d41e-2c7f-46f5-90e1-eee0e5de5a0f,CRH PUBLIC LTD CO,NYSE,
0001060822,CRI,c5b27e09-e27e-4a29-9528-428122d1f5ad,CARTERS INC,NYSE,
0000023194,CRK,2e32b756-4399-4ce4-8aff-6065b97dc47e,COMSTOCK RESOURCES INC,NYSE,
0001100682,CRL,c8d225a2-183b-499f-886e-7aebf438331f,"CHARLES RIVER LABORATORIES INTERNATIONAL, INC.",NYSE,
0001108524,CRM,cf80d13f-470c-4947-8593-c5e098aeba4e,"Salesforce, Inc.",NYSE,
0001410098,CRMD,1bfecaf2-1feb-4365-bd86-7db604d2e9e4,CorMedix Inc.,NASDAQ,
0001951089,CRMLW,bd943c7a-e87b-4098-b889-d5abf33e3d72,Critical Metals Corp.,NASDAQ,
0000799850,CRMT,b945f3e4-c60a-43c3-b5b2-3be58beab4f1,AMERICAS CARMART INC,NASDAQ,
0001768267,CRNC,0a3b1e10-2d06-4e89-a61e-89a10ac0f013,Cerence Inc.,NASDAQ,
0001119769,CRNT,933daf25-dfc9-40e6-bb40-901110bdefe4,CERAGON NETWORKS LTD,NASDAQ,
0001658247,CRNX,159bc182-46c9-4762-92fe-33c3d7051760,"Crinetics Pharmaceuticals, Inc.",NASDAQ,
0001656472,CRON,5e947a98-f3a2-4950-b0dc-d3f3696bac59,Cronos Group Inc.,NASDAQ,
0000017843,CRS,1e617dc6-0be9-4d1c-a930-e26caa890c52,CARPENTER TECHNOLOGY CORP,NYSE,
0001674416,CRSP,6462fdfd-6105-4dee-839a-2d4c88dbee56,CRISPR Therapeutics AG,NASDAQ,
0001743759,CRSR,4ac3537f-ae2c-42af-adce-46ce6fe68461,"Corsair Gaming, Inc.",NASDAQ,
0000881787,CRT,b7f74d1a-c568-45b4-a93f-2167206dc933,CROSS TIMBERS ROYALTY TRUST,NYSE,
0001576427,CRTO,8c70a98c-9023-46bc-8b05-17f6c0e33f1d,Criteo S.A.,NASDAQ,
0000772406,CRUS,01b16da0-4011-4e20-9dee-c8779202e340,"CIRRUS LOGIC, INC.",NASDAQ,
0000874866,CRVL,85e40003-5a6d-440e-9198-b5aec77118fe,CORVEL CORP,NASDAQ,
0001053691,CRVO,ba0dec7c-9467-4b9b-85e8-b219416b91d0,CervoMed Inc.,NASDAQ,
0001626971,CRVS,1a90f944-e5f0-42cc-a74e-2eb6597ca56f,"Corvus Pharmaceuticals, Inc.",NASDAQ,
0001535527,CRWD,26226278-b62c-47ec-a1bd-cf0dbd14b420,"CrowdStrike Holdings, Inc.",NASDAQ,
0000025895,CRWS,e6b1d522-1e43-4036-b447-14a79767d39d,CROWN CRAFTS INC,NASDAQ,
0001709628,CSAI,6536845a-8b8c-47b6-834c-ef826ca0d9f1,"CLOUDASTRUCTURE, INC.",NASDAQ,
0000771856,CSBR,ec2c6c83-06b3-4967-ae07-705a746d159d,"CHAMPIONS ONCOLOGY, INC.",NASDAQ,
0000858877,CSCO,9ec078b1-5167-4d3d-908c-a1e49be367f1,"CISCO SYSTEMS, INC.",NASDAQ,
0001057352,CSGP,2506e58c-1f7c-42a5-9bb9-cd0fd6645fd0,"COSTAR GROUP, INC.",NASDAQ,
0002087587,CSHRW,4c4bd59c-4c4a-40a8-ba6d-8675f5cd1fc5,CoinShares PLC,NASDAQ,
0001375877,CSIQ,83d777d6-71d0-411c-b892-27f81c35ec94,Canadian Solar Inc.,NASDAQ,
0000790051,CSL,33cbb102-9a1a-4b71-9b78-488edbb52d06,CARLISLE COMPANIES INC,NYSE,
0001275214,CSQ,15d07949-38d3-494b-ba2c-843aa2cae075,CALAMOS STRATEGIC TOTAL RETURN FUND,NASDAQ,
0002105398,CSQR,4a6cabb0-ccca-4036-b6d4-8bb40cb1f384,"Csquare, Inc.",NYSE,
0000798359,CSR,4d9114b1-8314-4e9c-bd30-fcb40c04d0d7,CENTERSPACE,NYSE,
0001504379,CSTE,a9311814-355c-4982-a8a8-22938b242b4f,Caesarstone Ltd.,NASDAQ,
0001447362,CSTL,1b95b40f-600a-4a31-aeb5-0f019ecfc895,CASTLE BIOSCIENCES INC,NASDAQ,
0001563411,CSTM,aeadb551-b2a5-4740-91d8-bae94707bc6c,CONSTELLIUM SE,NYSE,
0001016281,CSV,88c6b007-772a-4b5d-89c4-1b9354028154,CARRIAGE SERVICES INC,NYSE,
0001624794,CSW,09206e11-e66e-4d8a-87d3-dfbabb931da7,"CSW INDUSTRIALS, INC.",NYSE,
0000017313,CSWC,a114f6ae-554f-4b40-923e-b2ec0f8df548,CAPITAL SOUTHWEST CORP,NASDAQ,
0002094073,CTAAU,d6667add-2934-4648-bed6-5aa4c16ab21e,Clearthink 1 Acquisition Corp.,NASDAQ,
0000723254,CTAS,61f340d1-ed59-405d-ad94-8f2ec9d470ea,CINTAS CORP,NASDAQ,
0000350852,CTBI,899f8f91-67db-4d68-adb5-316eb3e79588,COMMUNITY TRUST BANCORP INC /KY/,NASDAQ,
0001793229,CTEV,66da158e-9753-424a-b329-d06ba29ceb86,Claritev Corp,NYSE,
0001502377,CTGO,66d7ef6a-297d-469b-a8c9-ea307983d0a7,Contango Silver & Gold Inc.,AMEX,
0001831915,CTKB,db68aa1d-56d4-4816-9867-492b94952dfb,"Cytek Biosciences, Inc.",NASDAQ,
0001877939,CTM,adc1880f-c670-4a3c-83d1-0e5fc34e24da,"Castellum, Inc.",AMEX,
0001501989,CTMX,078a772e-7661-406b-bd91-15cca3c99c5f,"CytomX Therapeutics, Inc.",NASDAQ,
0001855175,CTNM,7a58f44b-6cdd-401b-b968-10544e81e967,"Contineum Therapeutics, Inc.",NASDAQ,
0001951667,CTNT,96cb3a38-98e3-4da9-b54c-eac7025c222e,CHEETAH NET SUPPLY CHAIN SERVICE INC.,NASDAQ,
0000023795,CTO,be4879cd-25be-4755-a24a-f110186c35cc,"CTO Realty Growth, Inc.",NYSE,
0001851484,CTOR,fb735a10-0c87-4649-94c1-b6de0fbea5ec,"CITIUS ONCOLOGY, INC.",NASDAQ,
0001709682,CTOS,43ea838a-9ae1-4989-9b57-25f13f4c24cb,"Custom Truck One Source, Inc.",NYSE,
0001590717,CTRE,1ee1e1be-81f5-430c-bb09-27e9399d28cd,"CareTrust REIT, Inc.",NYSE,
0001981599,CTRI,a342c28c-209c-4611-bbfc-4e472ad78b0d,"Centuri Holdings, Inc.",NYSE,
0001720161,CTRM,01d6b3d9-ea21-4a43-9145-24ac2bbe9f01,Castor Maritime Inc.,NASDAQ,
0001318484,CTRN,d97d9a32-bfc6-44ae-9982-9d94b6ce3ea1,Citi Trends Inc,NASDAQ,
0000026058,CTS,fb566cc2-68fe-40ef-91fe-3eea9457625a,CTS CORP,NYSE,
0001058290,CTSH,1c7f101c-4c08-46e9-9f79-60ca13c07e51,COGNIZANT TECHNOLOGY SOLUTIONS CORP,NASDAQ,
0001175151,CTSO,2ae26d4d-6684-4e91-9041-1c24221965b8,Cytosorbents Corp,NASDAQ,
0001755672,CTVA,fc0da839-9b1d-4c5e-ac1a-148c774d1c1f,"Corteva, Inc.",NYSE,
0001958928,CTWO,c1b03786-9775-4659-8ba1-7d22be252901,COTWO ADVISORS PHYSICAL EUROPEAN CARBON ALLOWANCE TRUST,ARCA,
0001506251,CTXR,f7dc9999-1ca6-4777-9099-c63f4c00d366,"Citius Pharmaceuticals, Inc.",NASDAQ,
0001298675,CUBE,024443e6-001d-414d-983a-7e5b50025969,CubeSmart,NYSE,
0001488813,CUBI,6537ceaf-1236-47cd-b30b-dbbc10c458d1,"Customers Bancorp, Inc.",NYSE,
0002015955,CUBWU,599967b5-fe26-462d-aad2-24ff2ea67288,Lionheart Holdings,NASDAQ,
0001645460,CUE,061d0e90-7aaa-4f80-a8ff-e2bfc897970e,"Cue Biopharma, Inc.",NASDAQ,
0001995704,CUPR,2f82bedf-4157-48ab-a22a-50ccf429c9e9,Cuprina Holdings (Cayman) LTD,NASDAQ,
0002027317,CURB,e0a1f9fe-1e7c-4886-bb79-8e0728814c44,Curbline Properties Corp.,NYSE,
0001776909,CURI,b8c09d7c-baff-402a-8970-a2aeb31803e4,CuriosityStream Inc.,NASDAQ,
0001862935,CURR,c8c9c260-d07c-4f94-9fd3-140aad5e20c3,Currenc Group Inc.,NASDAQ,
0001792781,CURV,6aecf8c9-0231-44e0-95ba-6568827e0ddf,Torrid Holdings Inc.,NYSE,
0002025942,CURX,50ff8e4f-768d-4fff-9a9c-328ea1357978,Curanex Pharmaceuticals Inc,NASDAQ,
0000025232,CUZ,e5be529b-df15-49de-9ecb-a779fd21685a,COUSINS PROPERTIES INC,NYSE,
0001378325,CV,a80e3a05-7c2d-4fd6-a1cd-763ec10a7714,"CapsoVision, Inc",NASDAQ,
0000354647,CVBF,b526619a-3e21-402f-b11b-4e033f3dffd6,CVB FINANCIAL CORP,NASDAQ,
0000278166,CVCO,9245b9a6-ffe1-4a4b-96c4-a72a638d363c,"CAVCO INDUSTRIES, INC.",NASDAQ,
0001475260,CVE,405cbd4d-c9dd-4516-a7f1-f48cd48e7454,CENOVUS ENERGY INC.,NYSE,
0001590584,CVEO,36864135-c637-4454-b226-d785418854f0,Civeo Corp,NYSE,
0001290900,CVGI,95ccb951-67df-4156-9ccf-f003ca511a7a,"Commercial Vehicle Group, Inc.",NASDAQ,
0001376139,CVI,d6cc59a6-69a4-4dd5-a3fb-f90e901f48c3,CVR ENERGY INC,NYSE,
0001937993,CVKD,f6dd2dbb-c522-45ae-bd0e-65711411c514,"Cadrenal Therapeutics, Inc.",NASDAQ,
0000928658,CVLG,bf2c1697-c582-4148-a45d-72088021a742,"COVENANT LOGISTICS GROUP, INC.",NYSE,
0001169561,CVLT,46d3ce24-f3d9-4895-ba1e-98f0249d16cd,COMMVAULT SYSTEMS INC,NASDAQ,
0000725363,CVM,498da177-ebff-4746-a49a-f0f9fb80dc0d,CEL SCI CORP,AMEX,
0001690820,CVNA,8e15f85d-62ba-4836-87d7-594a22267d47,CARVANA CO.,NYSE,
0000019871,CVR,109d9733-92b0-41b4-ae7d-935fadc677dc,CHICAGO RIVET & MACHINE CO,AMEX,
0000064803,CVS,4f4530c8-5ba0-4b16-86ec-b0ce753c5ac8,CVS HEALTH Corp,NYSE,
0000730464,CVSA,87e72832-4c14-4b98-ad96-de880dd896fb,Covista Inc.,NYSE,
0000889348,CVU,5affaac1-f63c-4faa-ba5f-afc46f4bfdba,CPI AEROSTRUCTURES INC,AMEX,
0000766792,CVV,acb67afb-b1f2-4851-8bb2-49b625e4f7e7,CVD EQUIPMENT CORP,NASDAQ,
0000093410,CVX,186997ab-b63c-439b-bf62-72275d1c4c27,CHEVRON CORP,NYSE,
0000026324,CW,02e4a6c1-132d-41d5-ab95-c673decc7729,CURTISS WRIGHT CORP,NYSE,
0001127371,CWBC,031258a0-5808-411d-bbe3-5e30a9d0c5ac,Community West Bancshares,NASDAQ,
0000928340,CWCO,d19cfa04-9620-4b19-98cc-5d34a82d20d0,Consolidated Water Co. Ltd.,NASDAQ,
0001627282,CWD,cc180196-c319-4fd3-8c33-a9c2f1b4970b,CaliberCos Inc.,NASDAQ,
0001567683,CWEN,298509fc-5680-4b32-ae02-eb16cea24500,"Clearway Energy, Inc.",NYSE,
0001669779,CWH,687edcf2-df9d-4ae2-ba5b-670c914d2541,"Camping World Holdings, Inc.",NYSE,
0001628369,CWK,98091a3c-7806-4e19-ad12-869b863d3917,Cushman & Wakefield Ltd.,NYSE,
0000911177,CWST,2677ddfa-6df3-4bc0-a1d1-a7d5c25e34d8,CASELLA WASTE SYSTEMS INC,NASDAQ,
0001035201,CWT,a638f594-a580-4c5a-8d70-d59dc5e04078,CALIFORNIA WATER SERVICE GROUP,NYSE,
0001076378,CX,4a00850b-b5b7-4a56-839b-84c4facf86e6,CEMEX SAB DE CV,NYSE,
0001820875,CXAIW,ae8098f7-76c6-47fc-a331-7ca33de68977,CXApp Inc.,NASDAQ,
0001075736,CXDO,11ab3ce0-e384-48a9-832b-1fdd195b621c,"Crexendo, Inc.",NASDAQ,
0002114227,CXIIU,e8a330c6-cc29-4ca4-ba82-618708371aee,Churchill Capital Corp XII,NASDAQ,
0001569345,CXM,13983b93-4d3d-438b-918c-9e2a650c308e,"Sprinklr, Inc.",NYSE,
0000025445,CXT,fae4902e-7e5e-4135-a07d-4f5100bbc869,"Crane NXT, Co.",NYSE,
0001070985,CXW,917674f0-95ee-4b1b-b2be-d16ccb6040fa,"CoreCivic, Inc.",NYSE,
0002032341,CYAB,c2f65944-59ba-4887-bec9-59ecdcf88a02,"CYABRA, INC.",NASDAQ,
0001755237,CYCN,49728256-228e-4516-9cc4-54d2d36b2f70,"Cyclerion Therapeutics, Inc.",NASDAQ,
0001868419,CYCUW,72e7ca39-2786-4e14-8751-ebfb5227628c,"Cycurion, Inc.",NASDAQ,
0000932695,CYD,1031f3df-a59d-4545-81a1-d18371a35c94,CHINA YUCHAI INTERNATIONAL LTD,NYSE,
0001108109,CYH,6cb8d4d2-9f83-46d6-8366-f6ad96f0d8b6,COMMUNITY HEALTH SYSTEMS INC,NYSE,
0001509745,CYPH,a83bd314-7932-4157-9844-409328d5b123,CYPHERPUNK TECHNOLOGIES INC.,NASDAQ,
0001124524,CYRX,ad1c2b45-abd2-485a-bbb0-718a7751707d,"Cryoport, Inc.",NASDAQ,
0001061983,CYTK,da9bd6e0-50b9-4910-9865-040eadda2383,CYTOKINETICS INC,NASDAQ,
0000739421,CZFS,3a5722a1-9e15-4f65-807d-7ababb7b1937,CITIZENS FINANCIAL SERVICES INC,NASDAQ,
0000810958,CZNC,1677e165-500a-4e2a-b9d2-0c8e204dd305,CITIZENS & NORTHERN CORP,NASDAQ,
0001590895,CZR,0009164a-afa2-4b9c-aae6-571bbf12a2a9,"Caesars Entertainment, Inc.",NASDAQ,
0001367859,CZWI,ad6b4f4d-a02b-4525-ac90-ead2a7903846,Citizens Community Bancorp Inc.,NASDAQ,
0000715957,D,7ef3c3bc-854c-421a-a778-dc87a402f1d9,"DOMINION ENERGY, INC",NYSE,
0002052162,DAAQU,07737cdd-6ed8-4d52-9897-5626f1cede48,Digital Asset Acquisition Corp.,NASDAQ,
0001369241,DAC,b1fe3f41-d073-4f4c-a406-57a0857be37e,Danaos Corp,NYSE,
0002033770,DAICW,fc8db685-7c26-4f62-8a7d-865fdbe5e4ce,"CID Holdco, Inc.",NASDAQ,
0000351998,DAIO,374ac783-02ad-47ab-a61a-c401e42c59b4,DATA I/O CORP,NASDAQ,
0000915779,DAKT,8312a6d0-c723-444c-8578-377ecdd8a82e,DAKTRONICS INC /SD/,NASDAQ,
0000027904,DAL,2cba3bdd-3f2a-4212-b64c-7bff33ad0f39,"DELTA AIR LINES, INC.",NYSE,
0000026780,DAN,5e000c0e-5aed-42c2-8d3d-4cd98888dbc6,DANA Inc,NYSE,
0000916540,DAR,02f97f5b-799f-4bb5-b76d-1853d1d7991e,DARLING INGREDIENTS INC.,NYSE,
0001401914,DARE,5bc2b2f6-6c95-4bd5-a196-13dae7ae4bfb,"Dare Bioscience, Inc.",NASDAQ,
0001841408,DAVEW,4396755c-9860-4034-b3bb-156c8c30b304,Dave Inc./DE,NASDAQ,
0001159508,DB,da0420cc-dc49-4bb2-b60f-be87996fa939,DEUTSCHE BANK AKTIENGESELLSCHAFT,NYSE,
0001383082,DBA,7314c9c4-e3ea-47aa-b77c-d755c2091170,INVESCO DB AGRICULTURE FUND,ARCA,
0001383084,DBB,47a75932-4241-4dfc-9c1a-ea24a150166a,INVESCO DB BASE METALS FUND,ARCA,
0001328237,DBC,c0863f79-74b0-4496-8f6a-829838f5cdfe,Invesco DB Commodity Index Tracking Fund,ARCA,
0002095161,DBCAU,e1c3853c-8030-42d2-82e0-4c5d0927f5fc,D. Boral Acquisition I Corp.,NASDAQ,
0000028823,DBD,a840704f-e411-4b40-af51-cb5fdaea3a63,"DIEBOLD NIXDORF, Inc",NYSE,
0001383062,DBE,639b456c-3f52-42e4-8179-715cd169364f,Invesco DB Energy Fund,ARCA,
0001668010,DBGI,cee3226d-ef00-4278-beec-74195ae8d760,"Digital Brands Group, Inc.",NASDAQ,
0001319947,DBI,8f59c5a5-d4b1-4de4-b693-35c431d9f1fd,Designer Brands Inc.,NYSE,
0001525201,DBL,76afb784-b4dd-4b86-98b4-6a696a027113,DoubleLine Opportunistic Credit Fund,NYSE,
0001383058,DBO,ecf09479-ef2c-439e-8aed-2a746f5c2040,Invesco DB Oil Fund,ARCA,
0001383057,DBP,11a2383e-053f-4bc3-9d1b-e6551bb87eaf,Invesco DB Precious Metals Fund,ARCA,
0001679688,DBRG,d1b27933-1144-48df-8187-3820b26cc822,"DigitalBridge Group, Inc.",NYSE,
0001852353,DC,a0955508-3c7e-42a0-8919-5761eba31ae7,Dakota Gold Corp.,AMEX,
0001062231,DCH,15cf567e-b4bf-454c-9c0f-71d8e5ae79e8,Dauch Corp,NYSE,
0000029644,DCI,68eb4db3-cb82-4718-8b1f-2c83c56cd9b1,DONALDSON Co INC,NYSE,
0000030305,DCO,2307af29-13f9-4287-b51d-400be1f5b821,DUCOMMUN INC /DE/,NYSE,
0000846617,DCOM,a82f0181-4cd0-4eb7-8937-9ad0203cfc21,"Dime Commercial Bancshares, Inc. /NY/",NYSE,
0001615219,DCOY,7ea911ce-87f2-41db-8085-edff7a71b746,Decoy Therapeutics Inc.,NASDAQ,
0000872912,DCTH,914ff213-1ed9-46cf-b8cf-8ba649671812,"DELCATH SYSTEMS, INC.",NASDAQ,
0001957413,DCX,f593af5d-2419-41cc-b258-97debe1c4cc1,Digital Currency X Technology Inc.,NASDAQ,
0001666700,DD,72b0cd73-1037-413e-a43c-12d68c760d9e,"DuPont de Nemours, Inc.",NYSE,
0001808110,DDC,c6e0b2f6-c6b0-4e83-be3f-0f31f1215c8d,DDC Enterprise Ltd,AMEX,
0000910638,DDD,5ffee5c0-b935-4290-a092-dfd04a6d0c33,3D SYSTEMS CORP,NYSE,
0001799567,DDI,c6b39785-bacd-4558-9042-bb24cb8faf56,"DoubleDown Interactive Co., Ltd.",NASDAQ,
0000028917,DDS,9c4269ea-2a6e-4283-b397-aa1f5190ae6a,"DILLARD'S, INC.",NYSE,
0000315189,DE,c00df298-9fb1-49e6-b9d9-92e3749ec5be,DEERE & CO,NYSE,
0001622194,DEA,0769340c-ff9a-4d09-bb38-7d173178ffb4,"Easterly Government Properties, Inc.",NYSE,
0001922446,DEC,2cdb67a2-ffd3-48ae-ac33-9530290e7544,Diversified Energy Co,NYSE,
0000910521,DECK,6d2708a3-edb1-46c6-858b-22b4cccea11d,DECKERS OUTDOOR CORP,NYSE,
0001985840,DEFI,eab3e1d9-29c0-4ad5-8e8b-ade86f87889e,Hashdex Commodities Trust,ARCA,
0001888274,DEFT,d83359cc-7bca-4c34-93a9-3726ac1b68f0,"Defi Technologies, Inc.",NASDAQ,
0001364250,DEI,9d4509b9-c8bf-4535-b6ab-4392d0034d3d,Douglas Emmett Inc,NYSE,
0001571996,DELL,91ee1b57-f36c-40cf-a8b7-84583daaafc9,Dell Technologies Inc.,NYSE,
0000835403,DEO,f85c0ede-3556-4d0b-9e0c-4ffc2425044d,DIAGEO PLC,NYSE,
0001867066,DERM,5784def5-f63f-4d43-a71d-7fa5f3eb4a84,Journey Medical Corp,NASDAQ,
0001919776,DETX,1a40bfe2-44a7-4965-80b7-2992216ffb25,"LIBERTY DEFENSE HOLDINGS, LTD.",NASDAQ,
0001805526,DFDVW,eceb6df7-c18e-41d4-933f-14ef4cf1b562,DeFi Development Corp.,NASDAQ,
0001825088,DFH,8506601d-9f2c-4b75-ace3-82f192caebfd,"Dream Finders Homes, Inc.",NYSE,
0001669811,DFIN,b807d876-5338-4bb3-b604-a67ee91dbf87,"Donnelley Financial Solutions, Inc.",NYSE,
0001847986,DFLIW,8a535d2b-9eb0-4d9a-9964-41b2c1337a14,Dragonfly Energy Holdings Corp.,NASDAQ,
0001787518,DFNSW,a21f7ba1-29f4-4f37-9941-5e181c286340,T3 Defense Inc.,NASDAQ,
0001559991,DFP,55fffaa6-337d-4901-b0c1-aaa13a9d74e3,Flaherty & Crumrine Dynamic Preferred & Income Fund Inc,NYSE,
0001889823,DFSCW,94ce5249-2713-4ea7-999e-66fa81c9a9fa,DEFSEC Technologies Inc.,NASDAQ,
0001813814,DFTX,d51f0341-e4d4-4339-80d8-bc45ab5748a5,"Definium Therapeutics, Inc.",NASDAQ,
0000029534,DG,2edb3ef9-b5d8-4667-be8f-334884498ac9,DOLLAR GENERAL CORP,NYSE,
0002111038,DGAC,acc52ad3-8abd-4ec4-a672-b480f3630211,DISCIPLINED GROWTH ACQUISITION Corp,NYSE,
0000800457,DGICA,66311263-3919-47dc-b152-65e2ac791bb1,DONEGAL GROUP INC,NASDAQ,
0000854775,DGII,28290df1-53e4-4657-a785-f57c286af657,DIGI INTERNATIONAL INC,NASDAQ,
0002010499,DGNX,e113424c-aebb-4837-b56a-27ff09f802d6,Diginex Ltd,NASDAQ,
0001022079,DGX,8cff8b3e-70a0-408a-8584-44c3670992a2,QUEST DIAGNOSTICS INC,NYSE,
0001854368,DGXX,c72b3dad-d7cc-4d60-86cd-b9bdffa2258b,Digi Power X Inc.,NASDAQ,
0001861795,DH,eab265b5-7be4-4b78-bdd1-e3cc4ebbaf08,Definitive Healthcare Corp.,NASDAQ,
0001075415,DHCNL,7e5eb89e-45f5-460e-8816-5257ad0e3d49,DIVERSIFIED HEALTHCARE TRUST,NASDAQ,
0001057861,DHF,5b6047f2-588f-4990-bb7c-2b646dbe8e30,BNY MELLON HIGH YIELD STRATEGIES FUND,NYSE,
0000882184,DHI,d8cb1b90-e8bd-4c75-beb3-0b2909eb9a75,HORTON D R INC /DE/,NYSE,
0000313616,DHR,42f6d400-741b-4a18-ae61-73faae71e2cb,DANAHER CORP /DE/,NYSE,
0001331284,DHT,81300a51-3264-4158-a483-59db108ea2d8,"DHT Holdings, Inc.",NYSE,
0001393883,DHX,645c8e11-c68b-4bc6-8553-43f2ff9b1fed,"DHI GROUP, INC.",NYSE,
0001061353,DHY,c0fdc0f0-6a45-4c9d-81b1-baa6ea37a8fc,CREDIT SUISSE HIGH YIELD CREDIT FUND,AMEX,
0001041130,DIA,c8eaf60c-9175-4367-8c72-f492a03d476c,SPDR DOW JONES INDUSTRIAL AVERAGE ETF TRUST,ARCA,
0001600641,DIBS,287166cf-0069-410b-b263-ad0ace4de2af,"1stdibs.com, Inc.",NASDAQ,
0000049754,DIN,b15975f7-259f-460f-b1cb-c96442c0653c,"Dine Brands Global, Inc.",NYSE,
0001915657,DINO,80738c2d-0aca-4642-a8a3-10728ceee3b6,HF Sinclair Corp,NYSE,
0000029002,DIOD,56288839-5e01-474f-9501-2d392fee0cf6,DIODES INC /DEL/,NASDAQ,
0001744489,DIS,2f34c0b3-a4aa-4959-b52c-3c41b2c246c4,Walt Disney Co,NYSE,
0000928465,DIT,5cde5ad5-36ac-4173-ab1c-15bacc341bb2,AMCON DISTRIBUTING CO,AMEX,
0000783412,DJCO,f90a02f0-f615-4169-9918-118dad92e814,DAILY JOURNAL CORP,NASDAQ,
0001849635,DJTWW,cf7a954a-9d92-4a00-8c3b-28b4ac1966c2,Trump Media & Technology Group Corp.,NASDAQ,
0001694426,DK,ef8c3677-0bbf-44fe-901e-8367f0c1dc0f,"Delek US Holdings, Inc.",NYSE,
0001552797,DKL,0786ec39-95f5-423e-971c-dedc43c5ff87,"Delek Logistics Partners, LP",NYSE,
0001883685,DKNG,62c0a014-19a8-405e-9c1e-a8f86422c1b0,DraftKings Inc.,NASDAQ,
0001089063,DKS,0296ed19-64af-41ac-b20f-c65a8f6a5496,"DICK'S SPORTING GOODS, INC.",NYSE,
0001308547,DLB,e6b256cc-cdd0-4ef0-911f-fa26e2eca241,"Dolby Laboratories, Inc.",NYSE,
0000785557,DLHC,797a8854-d7f6-4a29-ad25-44900d6d04a7,DLH Holdings Corp.,NASDAQ,
0001578453,DLNG,998df712-c4a7-45d8-8ffd-08aa23a7f084,Dynagas LNG Partners LP,NYSE,
0001282224,DLPN,f38f20fe-035e-4f76-accb-3a5f96f6560d,"Dolphin Entertainment, Inc.",NASDAQ,
0001297996,DLR,ab1c95a1-cb3b-4eb0-83bd-d4a0cd608b0b,"DIGITAL REALTY TRUST, INC.",NYSE,
0000935703,DLTR,d0d63992-2d20-4f63-aa62-30cf76fb3204,"DOLLAR TREE, INC.",NASDAQ,
0000027996,DLX,e0d70f38-dc1d-4e5f-a490-a8366b2036f1,DELUXE CORP,NYSE,
0001788399,DLY,202ef372-2387-4872-9ab0-715cfec9076b,DoubleLine Yield Opportunities Fund,NYSE,
0001523289,DMA,4f389974-1fc7-46bb-8b75-84a7860b83df,Destra Multi-Alternative Fund,NYSE,
0002028614,DMAAU,8a21db9a-3a53-40dd-b61a-ade28609983d,Drugs Made In America Acquisition Corp.,NASDAQ,
0001401040,DMAC,5c9b2d93-c517-414b-989c-3cef6206b207,DiaMedica Therapeutics Inc.,NASDAQ,
0001565381,DMB,e5815bfe-a8fe-489a-bf60-878c519b47b5,"BNY Mellon Municipal Bond Infrastructure Fund, Inc.",NYSE,
0001047340,DMC,4680c3da-4256-49fa-8f9e-fecd196e8f70,DEL MONTE CORP,NYSE,
0002040475,DMIIU,762f10b2-3758-4d03-aaeb-3789b5147e5e,Drugs Made In America Acquisition II Corp.,NASDAQ,
0001172358,DMLP,97cb1643-65c2-4280-8d1d-9dd840813269,"DORCHESTER MINERALS, L.P.",NASDAQ,
0001478102,DMO,5a2a013a-b6a8-4657-9676-16c17b4fdab6,Western Asset Mortgage Opportunity Fund Inc.,NYSE,
0001800315,DMRA,eefb1848-935f-48b1-b89c-1444e71beaeb,"Damora Therapeutics, Inc.",NASDAQ,
0002119322,DMRC,a06d6570-a5ec-433f-916c-84827f335288,Digimarc Corp,NASDAQ,
0001830214,DNA,79e3f2b2-8d56-46b7-872c-a717d77927b5,"Ginkgo Bioworks Holdings, Inc.",NYSE,
0001714899,DNLI,d696e62c-8426-4a31-a4a8-339409fd31b2,Denali Therapeutics Inc.,NASDAQ,
0002081125,DNMXU,9d15678a-9aa5-4941-9318-72d23a3366bb,Dynamix Corp III,NASDAQ,
0001063259,DNN,93e010f3-8c78-4ba2-b03f-ea686c3f7251,DENISON MINES CORP.,AMEX,
0001599617,DNOW,4d5e5da4-4eb4-4b75-a2db-57a1601cb617,DNOW Inc.,NYSE,
0000806628,DNP,bd23c0db-3605-4a99-9db8-4a24e493fb77,DNP SELECT INCOME FUND INC,NYSE,
0001690585,DNTH,b81d09ae-04c6-4e3f-a8c7-cb60f0b85515,"Dianthus Therapeutics, Inc. /DE/",NASDAQ,
0001857154,DNUT,4d29c2a3-c62b-44bf-8339-6731b51f5910,"Krispy Kreme, Inc.",NASDAQ,
0000765880,DOC,4cfb073b-88c3-4ed5-82f9-64a689aa83ed,"HEALTHPEAK PROPERTIES, INC.",NYSE,
0001582961,DOCN,df0d964f-f9e7-4a77-a9a9-1d8fc9b2f41d,"DigitalOcean Holdings, Inc.",NYSE,
0001516513,DOCS,4061b9dd-80cc-4588-890e-a6a417d12a7b,"Doximity, Inc.",NYSE,
0001261333,DOCU,e72a7428-108a-494b-9635-ee8871ad349b,"DOCUSIGN, INC.",NASDAQ,
0001707303,DOGZ,cc86a976-4431-4f0d-9c38-1764d67c1c27,Dogness (International) Corp,NASDAQ,
0001857475,DOLE,472ceae2-f4bc-4baf-9c70-a334329d30f8,Dole plc,NYSE,
0000012239,DOMH,ebd05c77-13f6-4a4d-8631-e59cdce9a6aa,Dominari Holdings Inc.,NASDAQ,
0000868780,DORM,9691bc32-77c2-4592-a382-0d6fadcf47c3,"Dorman Products, Inc.",NASDAQ,
0001878897,DOUG,bc2605b9-978a-4fe8-a1c0-9b6532fe71f6,Douglas Elliman Inc.,NYSE,
0000029905,DOV,3d61eb0a-68d9-4a74-9f71-57551a892a5f,DOVER Corp,NYSE,
0001751788,DOW,d59870fe-9add-43f2-960c-b2ec4f29d8d3,DOW INC.,NYSE,
0001762417,DOYU,cbdf2716-03f7-4793-8bbc-5133a56fb701,DouYu International Holdings Ltd,NASDAQ,
0002107018,DPC,06b515f1-e828-4417-8872-8d3601bd62b5,DPC Holdings Ltd,NYSE,
0001515671,DPG,c2a3142a-bf7b-4cbe-8fcb-532afcfef886,Duff & Phelps Utility & Infrastructure Fund Inc.,NYSE,
0001786286,DPRO,c03c15b1-ed8b-4f7e-9b91-bcf3b3329b32,Draganfly Inc.,NASDAQ,
0001938865,DPU,a5328dba-e7fd-4cef-9be2-70c797900e5a,Top KingWin Ltd,NASDAQ,
0001286681,DPZ,aa3236c8-f2d6-40f1-a20d-b4cc69bffae8,DOMINOS PIZZA INC,NASDAQ,
0001880613,DRCT,b3d253f2-33f5-476f-b2c6-48d8b42365bb,"Direct Digital Holdings, Inc.",NASDAQ,
0001023512,DRD,21c54311-748a-4c6a-9df1-8e1507bdddb1,DRDGOLD LTD,NYSE,
0002032528,DRDBU,fe42b79c-7dab-46b4-b683-bd8c02ed7896,Roman DBDR Acquisition Corp. II,NASDAQ,
0001298946,DRH,6d1674db-168a-4407-aa65-5c4eb45c2f86,DiamondRock Hospitality Co,NASDAQ,
0000940944,DRI,c7b69e61-c23f-4135-a113-8f4efe3e7d6e,DARDEN RESTAURANTS INC,NYSE,
0001533998,DRIO,113eeafd-ed29-4f09-9a95-459c23bda760,DarioHealth Corp.,NASDAQ,
0001853816,DRMAW,f30adc55-4075-4ff2-89e3-bcb4c5f7f3bb,"Dermata Therapeutics, Inc.",NASDAQ,
0001833756,DRS,11ad129c-6744-47e8-b70a-e671e05f1513,"Leonardo DRS, Inc.",NASDAQ,
0001871321,DRTSW,3acfce70-c4d1-471c-b3ab-9356c0a1d311,Alpha Tau Medical Ltd.,NASDAQ,
0001827401,DRUG,d0e17e4b-72bb-47e9-8dcc-1016ab3dffa4,BRIGHT MINDS BIOSCIENCES INC.,NASDAQ,
0001804745,DRVN,413a2a6f-0bd6-4f0c-8321-7e2ef17ad1d2,Driven Brands Holdings Inc.,NASDAQ,
0002082149,DSACU,98f6ba33-bc82-4ce5-82a9-229fb2060361,Daedalus Special Acquisition Corp.,NASDAQ,
0001807120,DSGN,cbee2ee0-3ae9-46a7-aa73-41f56960a030,"Design Therapeutics, Inc.",NASDAQ,
0000703604,DSGR,55affdc0-d925-43f2-83df-f3e5029d5af7,"Distribution Solutions Group, Inc.",NASDAQ,
0001050140,DSGX,2ab5534e-bc88-47fc-8b86-9487a2f3026e,DESCARTES SYSTEMS GROUP INC,NASDAQ,
0001566388,DSL,a1b39db7-0f6c-4f29-b7d1-109387a78c8a,DoubleLine Income Solutions Fund,NYSE,
0000855887,DSM,7778f1ff-6f0f-4bea-8086-126cb7a58218,"BNY MELLON STRATEGIC MUNICIPAL BOND FUND, INC.",NYSE,
0001828791,DSP,12019df2-14d8-4942-acba-a413da92d285,Viant Technology Inc.,NASDAQ,
0000771999,DSS,1b277b0d-51bd-4615-bbab-d69cc69e83bc,"DSS, INC.",AMEX,
0001051003,DSU,f4331bef-440e-4ea4-b86f-d4bfc1c5176c,"BLACKROCK DEBT STRATEGIES FUND, INC.",NYSE,
0000946936,DSWL,2c776761-d9c5-4ed0-915e-9ceca48e1401,DESWELL INDUSTRIES INC,NASDAQ,
0001318885,DSX,9d7e01c2-71a4-49aa-9607-21ca0b4c294e,DIANA SHIPPING INC.,NYSE,
0001999297,DSYWW,78868adf-e35f-4fd5-942d-5e18c77eca97,Big Tree Cloud Holdings Ltd,NASDAQ,
0001773383,DT,ec758e9f-503a-469e-a8b0-a3f27fe99316,"Dynatrace, Inc.",NYSE,
0001853825,DTCX,faa175a1-829f-4a88-aba4-56f4bd3c151c,"Datacentrex, Inc.",NASDAQ,
0000936340,DTE,9bace756-e3ad-48de-932e-4690b2960730,DTE ENERGY CO,NYSE,
0000879535,DTF,b9d72f30-e6c9-427b-bd7c-c199eff97499,DTF TAX-FREE INCOME 2028 TERM FUND INC,NYSE,
0001884516,DTI,1be61b94-6235-4958-8120-cf59087e9d04,Drilling Tools International Corp,NASDAQ,
0001357874,DTIL,fb835b01-2aaf-494b-93d6-ee06351033cd,PRECISION BIOSCIENCES INC,NASDAQ,
0001842022,DTM,b988bd04-4998-4039-8580-443adf2f7aec,"DT Midstream, Inc.",NYSE,
0002017950,DTSQR,1e1ea512-5308-43ed-b3ba-755d68e96e47,DT Cloud Star Acquisition Corp,NASDAQ,
0002110423,DTSS,93658051-f258-4b40-b9f3-2e297e005907,Datasea Intelligent Technology Ltd.,NASDAQ,
0001419951,DTST,a32239f8-74db-4aeb-91dd-d95574eb3fc4,Data Storage Corp,NASDAQ,
0001326160,DUK,42f7b895-93aa-48d4-909e-6e05ad6bd2ca,Duke Energy CORP,NYSE,
0001638911,DUKRW,c4eada03-880f-4187-b05f-ecdffcde01c2,DUKE Robotics Corp.,NASDAQ,
0001750593,DUO,f82520ce-6029-4c86-82e4-8fc088ea5ff3,Fangdd Network Group Ltd.,NASDAQ,
0001396536,DUOT,8d9edfb8-9c70-4437-b75d-9d94e12033cc,"DUOS TECHNOLOGIES GROUP, INC.",NASDAQ,
0001819928,DV,346a2889-d23e-43fa-b883-e6d6baaee6bf,"DoubleVerify Holdings, Inc.",NYSE,
0000927066,DVA,31a9ec05-bf6a-4e77-8fbe-eafe432eab4a,DAVITA INC.,NYSE,
0001682149,DVLT,e6827f96-6a53-4c1a-a581-1002ebf85229,Datavault AI Inc.,NASDAQ,
0001090012,DVN,ab42bac7-0551-47fd-8f5b-3313142cb075,DEVON ENERGY CORP/DE,NYSE,
0000799165,DWSN,3df9205a-fe6b-48c0-a9be-8a3344b38801,DAWSON GEOPHYSICAL CO,NASDAQ,
0001818844,DWTX,2939e82a-e201-487b-9e46-eba380f1bbac,"Dogwood Therapeutics, Inc.",NASDAQ,
0000826675,DX,431f1ff9-0f6c-4bea-8b6d-8af232a46e63,DYNEX CAPITAL INC,NYSE,
0001688568,DXC,b93e6816-bac6-4239-b598-0850d12378df,DXC Technology Co,NYSE,
0001093557,DXCM,8dd538ed-bf95-4b22-a6c7-e6f01131d65d,DEXCOM INC,NASDAQ,
0000813298,DXLG,3b363ae1-0dd7-446e-8003-f5305c054aa8,"DESTINATION XL GROUP, INC.",NASDAQ,
0001020710,DXPE,c1488491-50bd-499b-a3e0-baa7a8b37e8b,DXP ENTERPRISES INC,NASDAQ,
0001843974,DXYZ,8786eb25-4280-4fe0-a62e-69bb420289aa,Destiny Tech100 Inc.,NYSE,
0000067215,DY,87832558-1723-4d1c-abed-85bfcf69c336,DYCOM INDUSTRIES INC,NYSE,
0001213809,DYAI,b9335c7b-58de-41d3-8b37-812c13eb580b,DYADIC INTERNATIONAL INC,NASDAQ,
0001818794,DYN,802a71f8-8f87-4eb8-b47d-f32cf9c5adf3,"Dyne Therapeutics, Inc.",NASDAQ,
0002028699,DYNCU,635949ab-d09c-48f1-971d-ecc4eb78c4ac,Dynamix Corp,NASDAQ,
0002079292,DYORU,584279f7-7276-449a-b83a-2ed1839c56fc,Insight Digital Partners II,NASDAQ,
0001002242,E,501b21e6-b544-4ebd-be2d-f154abdd010a,ENI SPA,NYSE,
0001210123,EAD,1ece91da-a5c4-4d6a-bf16-af7c77f71f84,ALLSPRING INCOME OPPORTUNITIES FUND,AMEX,
0000931148,EAF,b649675f-e873-4ab5-9671-c6952a51b1a0,GRAFTECH INTERNATIONAL LTD,NYSE,
0001560672,EARN,79d41528-8a66-4166-b92b-7a2d1cb3d4a7,Ellington Credit Co,NYSE,
0000703351,EAT,1aa6ed0a-8b76-46d3-b58a-177e5d95a585,"BRINKER INTERNATIONAL, INC",NYSE,
0001810546,EBC,f255356c-8852-4ac7-832f-d6c4d0e02b2b,"Eastern Bankshares, Inc.",NASDAQ,
0000033002,EBF,cae5bfd8-d81f-4def-943d-2ebb67974ada,"ENNIS, INC.",NYSE,
0001478454,EBMT,38180541-a17a-4962-ab7c-e366574ad121,"Eagle Bancorp Montana, Inc.",NASDAQ,
0001799290,EBON,a1af2bf3-4b2f-4475-9bfa-c59417a0e8f2,Ebang International Holdings Inc.,NASDAQ,
0001367644,EBS,91623b4d-0cb0-4846-8d16-5b491035623e,Emergent BioSolutions Inc.,NYSE,
0001444406,EC,201be41d-b887-445d-a994-14919c7e5623,ECOPETROL S.A.,NYSE,
0001864843,ECAT,fa9c3835-a239-4c22-83f1-a8fe079956ea,BlackRock ESG Capital Allocation Term Trust,NYSE,
0001914605,ECBK,02bcc534-ef70-4da2-9df9-a487b1a1944b,"ECB Bancorp, Inc. /MD/",NASDAQ,
0001604174,ECC,63599d60-6762-40e4-a675-baefdf49cc91,Eagle Point Credit Co,NYSE,
0000793040,ECF,44d0ccf2-e7c6-4d6c-b52c-a52db3c2d6c1,ELLSWORTH GROWTH & INCOME FUND LTD,AMEX,
0002015845,ECG,278d04b9-8afd-4c1c-a8f4-01e7181b808a,"Everus Construction Group, Inc.",NYSE,
0001415404,ECHO,644a3939-7c9d-495e-8fcd-2399ca5f1507,EchoStar CORP,NASDAQ,
0000031462,ECL,b636b9b8-669c-4788-a0eb-ff5f6ea7f09e,ECOLAB INC.,NYSE,
0001964954,ECO,c1d837e5-b11d-43a6-92c5-598d4c7d2bdf,Okeanis Eco Tankers Corp.,NYSE,
0001560258,ECOR,ad6e1d40-17e7-4154-845c-b17f7be1ed0f,"electroCore, Inc.",NASDAQ,
0001084961,ECPG,c57b76be-ab96-43dc-a4e0-ce0e9281d0d8,ENCORE CAPITAL GROUP INC,NASDAQ,
0001708035,ECVT,2e41ecc4-e6c7-4ae5-b5fd-db603dd6e883,Ecovyst Inc.,NYSE,
0001861974,ECXWW,37b616c2-b734-41fe-a38d-bc0c2262b771,ECARX Holdings Inc.,NASDAQ,
0001047862,ED,0cbb12ec-7e81-4329-beb1-2a35271272dc,CONSOLIDATED EDISON INC,NYSE,
0001809750,EDBLW,f5d6a20f-19b8-4694-aa8b-5cc7949e55bd,Edible Garden AG Inc,NASDAQ,
0001388141,EDD,0919f6ce-fb29-4d0a-a3ad-5b54c4b84765,"Morgan Stanley Emerging Markets Domestic Debt Fund, Inc.",NYSE,
0001501103,EDF,65efb8e6-1c06-4e90-a9ce-44940d7039c3,Virtus Stone Harbor Emerging Markets Income Fund,NYSE,
0002024876,EDHL,98148bbb-993b-4eaa-8fa3-c5254fbb7416,Everbright Digital Holding Ltd.,NASDAQ,
0001650664,EDIT,d8a8dbfb-7285-4817-aa64-2d44ffed5fef,"Editas Medicine, Inc.",NASDAQ,
0001731388,EDRY,23751f98-1a91-4158-a856-79fe949bc6ff,EuroDry Ltd.,NASDAQ,
0001540159,EDSA,e36f9da3-1416-4cdc-bbf5-a8bd63561310,"Edesa Biotech, Inc.",NASDAQ,
0001782309,EDTK,201f88a5-3808-42ab-a8de-a084dea7e6ed,Skillful Craftsman Education Technology Ltd,NASDAQ,
0001372920,EDU,5e14c6cb-068f-40f6-b38c-f81fd4a2465e,New Oriental Education & Technology Group Inc.,NYSE,
0000031667,EDUC,cd389875-b13c-4f1c-b0d8-ab3ff079070d,EDUCATIONAL DEVELOPMENT CORP,NASDAQ,
0001888447,EE,9cd20c56-759a-4af7-90e5-3cd37063029b,"Excelerate Energy, Inc.",NYSE,
0000791718,EEA,c6adb03f-d1fd-4ab1-b1dd-d52afd4195d7,"EUROPEAN EQUITY FUND, INC / MD",NYSE,
0001029199,EEFT,bc8bd708-8acd-4e17-9045-3213419a4177,"EURONET WORLDWIDE, INC.",NASDAQ,
0001781397,EEIQ,0abc5c06-b9f7-40b2-ad19-27068ee0999d,EpicQuest Education Group International Ltd,NASDAQ,
0001411342,EFC,2ff4f624-32d5-459a-91db-42fdd64e7f8e,Ellington Financial Inc.,NYSE,
0000924168,EFOI,c76affde-e975-4e74-82a9-86fac26c3e6f,"ENERGY FOCUS, INC/DE",NASDAQ,
0000890564,EFOR,ebd34bdc-6fff-4555-b1d3-f3537788ae18,Everforth Inc,NYSE,
0001258623,EFR,19f6be84-0501-4ef1-b497-72afeeb68471,Eaton Vance Senior Floating-Rate Trust,NYSE,
0001025835,EFSC,c178ca2b-8738-4b0f-bc24-7c666fa73129,ENTERPRISE FINANCIAL SERVICES CORP,NASDAQ,
0000880641,EFSI,c72bd5de-4113-490f-b059-cf4efe70f819,EAGLE FINANCIAL SERVICES INC,NASDAQ,
0001288992,EFT,fddd9c4a-a28c-4d33-8442-92bfd54dcaa3,Eaton Vance Floating-Rate Income Trust,NYSE,
0002058349,EFTY,4ec47f9c-a379-41f9-aab4-c27652c2067a,"ETOILES CAPITAL GROUP CO., LTD",NASDAQ,
0000033185,EFX,1fa4e2fb-538e-4ed6-b548-f2c591f1fb5d,EQUIFAX INC,NYSE,
0001904856,EFXT,d70b328a-043a-4b5c-b59b-35a93d78e3c2,Enerflex Ltd.,NYSE,
0001095073,EG,0501755f-b8e9-4846-97ff-abbb8c8e67fe,"EVEREST GROUP, LTD.",NYSE,
0001050441,EGBN,746bde4a-5124-4469-99c0-aaf44a231fa4,EAGLE BANCORP INC,NASDAQ,
0001982961,EGG,6be488f3-033a-47a8-a7c7-5b9fa056e52b,ENIGMATIG LTD,AMEX,
0002052547,EGHAU,2fc5e272-ee80-40e6-aa2b-0ef06ecb5571,EGH Acquisition Corp.,NASDAQ,
0000918608,EGO,1e9bed06-c870-4b66-91b3-ff0c7d145bb9,ELDORADO GOLD CORP /FI,NYSE,
0000049600,EGP,37540e34-e6dc-4c65-abff-377b86d8ee09,EASTGROUP PROPERTIES INC,NYSE,
0000894627,EGY,fc35f4d6-823e-4161-ad56-0667a4ffe6b1,VAALCO ENERGY INC /DE/,NYSE,
0001759783,EH,73611f16-d4d0-496d-a799-0301422f7beb,EHang Holdings Ltd,NASDAQ,
0000785161,EHC,7264ae5d-6de6-44c6-8373-cd20784fdc22,Encompass Health Corp,NYSE,
0001228509,EHI,1c8a04ea-0bb1-4b57-9e36-32ccf475fdce,WESTERN ASSET GLOBAL HIGH INCOME FUND INC.,NYSE,
0002032779,EHLD,b8c60ba0-6c86-469e-b70a-9324ceae4fa0,Euroholdings Ltd.,NASDAQ,
0001333493,EHTH,dd87b6d3-63e1-4ac4-9771-9980c920b66d,"eHealth, Inc.",NASDAQ,
0001754836,EIC,e59a2b5d-2db2-4681-a780-c0024f824929,Eagle Point Income Co Inc.,NYSE,
0001379041,EIG,9bd546cc-287e-455d-8511-7bf1da07c1fe,"Employers Holdings, Inc.",NYSE,
0001896036,EIIA,65c696ed-747a-4978-85c7-6912051eb3e9,Eagle Point Institutional Income Fund,NYSE,
0001861123,EIKN,8a8a613b-0ecd-41bb-b9c4-72ab5d145f93,"Eikon Therapeutics, Inc.",NASDAQ,
0001176984,EIM,bbaf106a-5b72-4ca7-a01c-53f397964156,Eaton Vance Municipal Bond Fund,AMEX,
0000827052,EIX,a75f7d48-0d93-445f-9fb9-34d9160760b6,EDISON INTERNATIONAL,NYSE,
0001769768,EJH,321831a8-a073-41ce-aae7-57fb4708203a,E-Home Household Service Holdings Ltd,NASDAQ,
0001001250,EL,4cdbdf28-5c76-463f-bce0-23bcb2d3bb49,ESTEE LAUDER COMPANIES INC,NYSE,
0000701719,ELA,f9dd6f91-72d7-42a5-8b7e-243eb5d44f07,Envela Corp,AMEX,
0001739104,ELAN,4dcf0801-5534-49a2-b3b1-d6ceb29b78ac,Elanco Animal Health Inc,NYSE,
0001907184,ELBM,07ba2649-d379-452e-9efd-aa7e6cea2de7,Electra Battery Materials Corp,NASDAQ,
0001404281,ELDN,e98f0667-4f52-48c2-977c-bc333929650e,"Eledon Pharmaceuticals, Inc.",NASDAQ,
0002086771,ELE,1ff0ea31-bf41-4f36-a7a9-a09b3e586356,Elemental Royalty Corp,NASDAQ,
0001600033,ELF,9ce7bf27-3c59-43f3-a057-0ec7fb534d05,"e.l.f. Beauty, Inc.",NYSE,
0000946394,ELLO,cba2eea7-a20f-4738-8716-daf2a0433179,Ellomay Capital Ltd.,AMEX,
0001488917,ELMD,422b6dc4-a869-43e8-a383-20cd0f1eaf31,"Electromed, Inc.",AMEX,
0000104894,ELME,1f209c2a-c387-4508-b133-6331cd438810,Elme Communities,NYSE,
0002101698,ELMT,01500571-bdcf-460e-86b1-555f7b431458,Elmet Group Co.,NASDAQ,
0002013320,ELOG,c8f677b0-b75e-43c1-a6b0-7ce54765afc9,Eastern International Ltd.,NASDAQ,
0001035354,ELOX,e7777b30-77ac-44cc-af8a-d1d0f8532674,"Eloxx Pharmaceuticals, Inc.",NASDAQ,
0002015691,ELPW,07b9995a-e6a6-4678-8f2a-cb194e2586a6,Elong Power Holding Ltd.,NASDAQ,
0000895417,ELS,35184521-b8fe-4bd9-b86c-6ff3b13fbca8,EQUITY LIFESTYLE PROPERTIES INC,NYSE,
0001601485,ELTX,d40b0e18-c9e4-48cd-a1b0-ca10c13f7c75,"Elicio Therapeutics, Inc.",NASDAQ,
0001156039,ELV,267f9ea7-eb9a-41cd-946f-5fab57943f0a,"Elevance Health, Inc.",NYSE,
0001844450,ELVA,74b75ee4-07f2-4d1f-8fc0-25b686d6676d,Electrovaya Inc.,NASDAQ,
0001672619,ELVN,1a282ee2-a395-41eb-a041-cd7f52844607,"Enliven Therapeutics, Inc.",NASDAQ,
0001739016,ELVR,2adb16e7-315b-4a24-85e9-1072b8bdb90f,Elevra Lithium Ltd,NASDAQ,
0002063863,ELWT,6b5fe7f6-115e-48c0-820d-90634ec63ebb,"Elauwit Connection, Inc.",NASDAQ,
0001127248,EMA,f1a018e9-94a6-4b2d-8b24-28a7c3321405,EMERA INC,NYSE,
0001866226,EMAT,05216719-8c3e-4d9a-b059-572e7044ebe6,Evolution Metals & Technologies Corp.,NASDAQ,
0001872789,EMBC,5600408e-875b-4ec4-8f1e-baee995e695f,Embecta Corp.,NASDAQ,
0001227862,EMD,86a952df-4816-4627-b80e-8ae54e0cb184,WESTERN ASSET EMERGING MARKETS DEBT FUND INC.,NYSE,
0000105634,EME,0cf9d955-34f7-4d17-8286-29a0aecac17f,"EMCOR Group, Inc.",NYSE,
0000809708,EMF,bb5f7e96-e47a-4359-a25d-0caabd1978ab,TEMPLETON EMERGING MARKETS FUND,NYSE,
0002075816,EMISR,7be60c7b-6759-44b3-8989-0768fec51b6d,Emmis Acquisition Corp.,NASDAQ,
0000915389,EMN,f9c2c0a2-9f2d-44e6-a938-8ae8cefed408,EASTMAN CHEMICAL CO,NYSE,
0001517518,EMO,213590fd-974c-4c7d-853b-552664d8de2c,ClearBridge Energy Midstream Opportunity Fund Inc.,NYSE,
0000066901,EMP,9ba64492-9046-4c4a-a91e-8589af90dc10,"ENTERGY MISSISSIPPI, LLC",NYSE,
0001829794,EMPD,c6d9035d-44c3-4093-8aaf-245b20205c73,Empery Digital Inc.,NASDAQ,
0000032604,EMR,812453a9-6ec4-4edb-a1d6-7f08a987ba23,EMERSON ELECTRIC CO,NYSE,
0000895728,ENB,ec6d64ac-f112-4df3-b58f-dbed9833c89a,ENBRIDGE INC,NYSE,
0001980845,ENGNW,617286ae-5027-4068-ab62-64537cf36a06,enGene Therapeutics Inc.,NASDAQ,
0001971828,ENGS,2170a76a-8103-4a9c-a0c2-21806d723ed4,Energys Group Ltd,NASDAQ,
0001956439,ENHA,a2f4c5d1-7a9d-49db-a940-d9d8b34e981a,Enhanced Group Inc.,NYSE,
0001922641,ENLT,d60e368c-17cb-4cca-8e51-68bf5c6ca46b,Enlight Renewable Energy Ltd.,NASDAQ,
0001596812,ENLV,a086b0b8-a12e-4bc0-bde3-af36c9b71f36,Enlivex Ltd.,NASDAQ,
0000071508,ENO,7cf000cd-c46f-412b-b638-485c5e7cfb90,"ENTERGY NEW ORLEANS, LLC",NYSE,
0001420800,ENOV,8ec0a2e1-e6f7-4a8d-8d51-8bbc30e8658e,Enovis CORP,NYSE,
0001463101,ENPH,b49cfcfc-b0f7-4bf0-aff8-a33ffe6f0073,"Enphase Energy, Inc.",NASDAQ,
0001632790,ENR,6f9e7a69-5ddb-4c82-8266-b64cd40aa7da,"ENERGIZER HOLDINGS, INC.",NYSE,
0002095096,ENRDW,3c48818f-4b63-42b6-8c9c-2ca2d2cbd4a4,Einride AB,NASDAQ,
0001289308,ENS,a3fb8b98-020a-44f5-9e0d-2acf6247c8b7,EnerSys,NYSE,
0001716947,ENSC,7d504540-e8d1-4bb6-92e9-2410a941d18c,"Ensysce Biosciences, Inc.",NASDAQ,
0001125376,ENSG,550e050b-ac5c-4e21-bcb2-b376324df6f6,"ENSIGN GROUP, INC",NASDAQ,
0001177648,ENTA,3ae948a2-16a2-4606-8898-756709edb882,ENANTA PHARMACEUTICALS INC,NASDAQ,
0001101302,ENTG,c2b534bd-05d0-419c-a592-5b8934973c00,ENTEGRIS INC,NASDAQ,
0001638097,ENTX,43b2f1f2-73d2-4d7c-b75f-195734dce1f3,Entera Bio Ltd.,NASDAQ,
0001529864,ENVA,58dae705-c749-4f8c-aea6-bd5a5eaf30ce,"Enova International, Inc.",NYSE,
0000890821,ENVB,44fbd4df-716b-4729-ac5f-daec993902b7,"Enveric Biosciences, Inc.",NASDAQ,
0001828318,ENVX,07c26160-8afc-4ff4-a063-a69ad5e72219,Enovix Corp,NASDAQ,
0001386067,EOD,2ad9e2a1-8526-47a8-a0f4-4b1e67e1e452,ALLSPRING GLOBAL DIVIDEND OPPORTUNITY FUND,NYSE,
0000821189,EOG,c997b367-2a67-472c-910f-d0324c599cea,EOG RESOURCES INC,NYSE,
0001300391,EOI,2c5331ea-fb2e-4ce8-b8ce-00e78c301d1e,Eaton Vance Enhanced Equity Income Fund,NYSE,
0001570562,EOLS,02e3e79d-7cc0-41a9-acb5-23996c399525,"Evolus, Inc.",NASDAQ,
0001842556,EONR,0a439817-e6b6-49ff-9eab-e7df9969fbe4,EON Resources Inc.,AMEX,
0001308335,EOS,6fdace26-7e54-4b44-b5a7-086c192761fc,Eaton Vance Enhanced Equity Income Fund II,NYSE,
0001805077,EOSE,1905ea83-0c3a-4621-89a3-78a4bbb3dedb,"Eos Energy Enterprises, Inc.",NASDAQ,
0001454741,EOT,08b9bcf3-da29-4ff4-8e96-18af1d4e3463,Eaton Vance National Municipal Opportunities Trust,NYSE,
0000887396,EP,2f4aa7f9-357b-4c58-9ce7-721975b3b22f,EMPIRE PETROLEUM CORP,AMEX,
0000006955,EPAC,1102b5e4-cd8f-44ac-8a45-54c3f340cbe3,ENERPAC TOOL GROUP CORP,NYSE,
0001352010,EPAM,413cead3-b86f-4eea-b04b-c5a1942e0b07,"EPAM Systems, Inc.",NYSE,
0001096752,EPC,7b36470c-e1af-499e-8fb8-8d5c316d9669,EDGEWELL PERSONAL CARE Co,NYSE,
0001061219,EPD,6d48b812-945e-432c-b5e1-b06fa13e06cc,ENTERPRISE PRODUCTS PARTNERS L.P.,NYSE,
0001006655,EPM,28eebf18-0d4f-49fd-b0fd-52761ee5ed44,EVOLUTION PETROLEUM CORP,AMEX,
0001045450,EPR,db432267-e34d-47d4-be28-83ac76df4751,EPR PROPERTIES,NYSE,
0001728951,EPRT,5528b6ae-bf32-4290-9339-7b590c6f2329,"ESSENTIAL PROPERTIES REALTY TRUST, INC.",NYSE,
0001581178,EPRX,878381be-c198-456a-b262-21c8843d3ef1,EUPRAXIA PHARMACEUTICALS INC.,NASDAQ,
0001883437,EPSM,9673e0aa-f82c-4a51-b5c1-2db35a86b441,Epsium Enterprise Ltd,NASDAQ,
0001726126,EPSN,0a8048c4-2f82-450f-8a33-ebac07282c46,Epsilon Energy Ltd.,NASDAQ,
0001746466,EQ,7a72654d-84d0-4164-88e4-841d99061b73,"Equillium, Inc.",NASDAQ,
0001227500,EQBK,3be6cfb5-0513-407c-9ca0-79a8a61241ab,EQUITY BANCSHARES INC,NYSE,
0001333986,EQH,aea880db-69d6-4cc8-8473-50ee80836bc7,"Equitable Holdings, Inc.",NYSE,
0001693736,EQPT,61ab50f9-860d-45c3-bb50-f240b51ec408,EquipmentShare.com Inc,NASDAQ,
0000906107,EQR,0c8a4de1-d60c-48e5-836d-8b189a005f16,EQUITY RESIDENTIAL,NYSE,
0000878932,EQS,4d796041-1213-43e2-85bf-52dc61b47a55,"EQUUS TOTAL RETURN, INC.",NYSE,
0000033213,EQT,c8d31660-bb30-43c2-8951-b1f740c74ef8,EQT Corp,NYSE,
0001756607,EQX,d100124a-d409-49bf-b6bd-1b206169ea46,Equinox Gold Corp.,AMEX,
0001761918,ERAS,a18e7c9f-7444-4cac-b5d2-44e7d4712e18,"Erasca, Inc.",NASDAQ,
0001227073,ERC,5d61d2cf-48cc-46e7-9668-a121fdf56760,ALLSPRING MULTI-SECTOR INCOME FUND,AMEX,
0001279014,ERH,6ce3011a-21c8-41fb-90f5-991b1d4de902,ALLSPRING UTILITIES & HIGH INCOME FUND,AMEX,
0000717826,ERIC,0a473989-d9fc-4d27-b2fa-f2e516228cc8,ERICSSON LM TELEPHONE CO,NASDAQ,
0000922621,ERIE,c05daeb9-c0ba-45bf-899b-3896f5d14622,ERIE INDEMNITY CO,NASDAQ,
0001421517,ERII,3bec4ebf-918a-468d-bdd2-f20552f6dac8,"Energy Recovery, Inc.",NASDAQ,
0000748592,ERNAW,91df735e-5a4f-487d-aa0c-6623711d8052,Ernexa Therapeutics Inc.,NASDAQ,
0001853860,ERO,a237b6db-38d9-4439-b77c-b2570ea4a5d8,Ero Copper Corp.,NYSE,
0002110029,EROC,5d8f331a-26fd-4ee0-ab04-11d6cd357ae0,"ERock, Inc.",NYSE,
0002104882,EROK,559b039a-c6c9-4999-881a-85f787acaf76,"EagleRock Land, LLC",NYSE,
0000072741,ES,136a3d7c-55a4-44c6-83d7-100ceab822f4,EVERSOURCE ENERGY,NYSE,
0001877322,ESAB,101d9531-c0c5-48cb-bf74-6dbe01546760,ESAB Corp,NYSE,
0001553079,ESBA,51c9075f-6b41-4feb-8470-1da4cb770058,"Empire State Realty OP, L.P.",ARCA,
0000033488,ESCA,28ce2fd4-3bf0-4f1f-89ef-5d479402cc5f,ESCALADE INC,NASDAQ,
0000866706,ESE,72c77c6f-375c-4b25-88f5-6b5b3b4021d7,ESCO TECHNOLOGIES INC,NYSE,
0001590714,ESI,3163c451-1c13-41b1-943d-84a718f18d3f,Element Solutions Inc,NYSE,
0001844417,ESLAW,ba7e2634-7e8d-4659-a478-d11b0b4253de,"Estrella Immunopharma, Inc.",NASDAQ,
0001027664,ESLT,1b0cfd63-32bc-4e81-931d-bf3c1b9ebd48,ELBIT SYSTEMS LTD,NASDAQ,
0001448893,ESNT,386dcfb9-f511-473a-9f69-6e5b85451a31,Essent Group Ltd.,NYSE,
0001357971,ESOA,47a715e2-863a-45b3-9dee-f80f62ce546d,Energy Services of America CORP,NASDAQ,
0000033533,ESP,09fd24bd-6703-4f2b-878b-f4f010054c56,ESPEY MFG & ELECTRONICS CORP,AMEX,
0001531031,ESQ,79b8fb71-9065-4b99-a1cc-78f0cf34e971,"Esquire Financial Holdings, Inc.",NASDAQ,
0001541401,ESRT,c21b3f82-5846-4201-a567-399d16138cca,"Empire State Realty Trust, Inc.",NYSE,
0000920522,ESS,5f9faccc-f650-4021-9310-e44eba191dc2,"ESSEX PROPERTY TRUST, INC.",NYSE,
0001688757,ESTA,37dd7bbc-b3d9-4150-b42a-4dfcabb5b58e,ESTABLISHMENT LABS HOLDINGS INC.,NASDAQ,
0001707753,ESTC,463359a7-26a4-4aa0-ab6f-72a86a489c49,Elastic N.V.,NYSE,
0001308927,ETB,cae27c61-7677-4c1a-b360-6af759a78a71,Eaton Vance Tax-Managed Buy-Write Income Fund,NYSE,
0000896156,ETD,ab362038-0242-43fd-a35f-9328f3d70e78,ETHAN ALLEN INTERIORS INC,NYSE,
0001270523,ETG,854efdfb-988f-4e29-934e-852008223946,Eaton Vance Tax-Advantaged Global Dividend Income Fund,NYSE,
0002020455,ETH,734bf075-3cc5-4da3-90dd-c53f48cb3742,Grayscale Ethereum Staking Mini ETF,ARCA,
0002000638,ETHA,9c08cd4a-fb6c-4146-89b1-1927c29075d3,iShares Ethereum Trust ETF,NASDAQ,
0002099103,ETHB,a62f7e7a-6212-45e1-a70c-5d88c8770000,iShares Staked Ethereum Trust ETF,NASDAQ,
0001725210,ETHE,5fed233d-98c5-47df-9d7d-aac5becc0feb,Grayscale Ethereum Staking ETF,ARCA,
0002013744,ETHW,d1356874-e4c1-41c2-8c64-77543755692a,Bitwise Ethereum ETF,ARCA,
0001395325,ETJ,be35af36-9c1a-436a-9ee6-9af68d445449,Eaton Vance Risk-Managed Diversified Equity Income Fund,NYSE,
0001281926,ETO,4e45aff4-b6aa-439e-9345-2cedb49f1d0c,Eaton Vance Tax-Advantaged Global Dividend Opportunities Fund,NYSE,
0001710340,ETON,c98b4973-e66f-443a-80c4-c1e1fa5c652b,"Eton Pharmaceuticals, Inc.",NASDAQ,
0001493318,ETOR,76b00d7e-a99d-4882-8ea1-0b8b4fb0505e,eToro Group Ltd.,NASDAQ,
0000065984,ETR,c4bcff4e-c3b0-481a-a9eb-98600db2ef0a,ENTERGY CORP /DE/,NYSE,
0002053641,ETS,30183b54-bc92-4f51-9d95-011fa3e13cdd,Elite Express Holding Inc.,NASDAQ,
0002085932,ETSS,4a009c9e-0c44-4716-be2d-f6863e3f816a,Energy Transition Special Opportunities,NYSE,
0001370637,ETSY,112ff2dc-ecf1-4369-85bb-3364c94631cf,ETSY INC,NYSE,
0001322436,ETV,fbab94f5-9b96-42ec-a6a4-3a93100dfcdf,Eaton Vance Tax-Managed Buy-Write Opportunities Fund,NYSE,
0001322435,ETW,ea929167-037f-4314-916c-dba8eda909d4,Eaton Vance Tax-Managed Global Buy-Write Opportunities Fund,NYSE,
0001563696,ETX,5c6a0608-ca68-4303-adf6-fad4273bee7b,Eaton Vance Municipal Income 2028 Term Trust,NYSE,
0001340736,ETY,b34a97e6-593f-4dda-bbd3-b688c20792ea,Eaton Vance Tax-Managed Diversified Equity Income Fund,NYSE,
0001500881,EU,b05f62d1-7005-4e6f-8f00-8113df68dea8,enCore Energy Corp.,NASDAQ,
0001847846,EUDAW,08677c20-0f1d-4766-bead-aef33a68bafa,EUDA Health Holdings Ltd,NASDAQ,
0002000410,EURKU,04c24cd9-5a7c-488d-ae45-3f931ded13b3,Eureka Acquisition Corp,NASDAQ,
0002042902,EVAC,2588ff5b-0fa4-4729-b18a-d25e364b03a8,EQV Ventures Acquisition Corp. II,NYSE,
0001109116,EVC,57d020fb-b12e-4b9b-bc94-b22f1146cc05,ENTRAVISION COMMUNICATIONS CORP,NYSE,
0001853145,EVCM,c923dff5-c145-41a9-9935-4a98fcf0ff6c,EverCommerce Inc.,NASDAQ,
0001823652,EVEX,de286d6b-129d-49f1-aa95-d31b64fa49f5,"Eve Holding, Inc.",NYSE,
0001070732,EVF,cdc0c039-07a4-4749-8b01-c3589c8eff8b,Eaton Vance Senior Income Trust,NYSE,
0001287498,EVG,f0d6c49f-3573-421f-ba51-59acde40eb72,Eaton Vance Short Duration Diversified Income Fund,NYSE,
0001574565,EVGN,35bad014-8322-4725-9939-48715ee1618a,Evogene Ltd.,NASDAQ,
0001628908,EVH,766204d2-5c01-48c8-a23b-3a847cc8bd99,"Evolent Health, Inc.",NYSE,
0000065312,EVI,4ee9352c-1e8e-4101-9d4a-aa9f5d74053d,"EVI INDUSTRIES, INC.",AMEX,
0001805385,EVLV,1b7fd307-e704-4f3d-b1ba-c5bcd883d04d,"Evolv Technologies Holdings, Inc.",NASDAQ,
0002044725,EVMN,399b0fd3-30ce-48f5-a075-090293217ebd,"Evommune, Inc.",NYSE,
0001074540,EVN,ac7a2e5a-5144-4236-8ea1-4f133930d837,Eaton Vance Municipal Income Trust,NYSE,
0002077954,EVOXU,f275cac6-0fc6-40ee-88cd-f26f3a902d1b,Evolution Global Acquisition Corp,NASDAQ,
0001360901,EVR,bbcbb6f1-a2f4-4aae-9943-ee8b1bed11e0,Evercore Inc.,NYSE,
0001711269,EVRG,23b6465e-8a20-4fd8-96f9-95d1e0647fa2,"Evergy, Inc.",NASDAQ,
0001253327,EVT,559a9d1d-0483-4145-b408-2b2f0c8469f3,Eaton Vance Tax-Advantaged Dividend Income Fund,NYSE,
0001559865,EVTC,8ca914f8-822f-43db-96c8-11c233252bba,"EVERTEC, Inc.",NYSE,
0001867102,EVTL,b7c3a7bf-fd58-40dd-8538-9c6878691c80,Vertical Aerospace Ltd.,NYSE,
0001222922,EVV,959f1dcb-5710-4f25-bff4-fe1ac0105d78,Eaton Vance Ltd Duration Income Fund,AMEX,
0001099800,EW,0ffbf7a5-d5ed-4e83-8499-2d58645e4d9c,Edwards Lifesciences Corp,NYSE,
0002100704,EWAVU,526598f0-9c2c-4b5b-be58-ef22aed3f889,East West Ave Acquisition Corp.,NASDAQ,
0001069157,EWBC,5f0639ed-3b74-473d-81d9-d7eb642c1722,EAST WEST BANCORP INC,NASDAQ,
0001710072,EWTX,1d9bac44-bb0c-4169-b60e-d8069eb0bf0e,"Edgewise Therapeutics, Inc.",NASDAQ,
0001109357,EXC,21a5e17d-c566-4f1b-8c25-0a505ba37478,EXELON CORP,NASDAQ,
0000895126,EXE,ae7b5317-8b41-41df-b7f8-22c4de74b832,EXPAND ENERGY Corp,NASDAQ,
0000939767,EXEL,2dc1e22f-705f-4ad6-9c42-168259d856d0,"EXELIXIS, INC.",NASDAQ,
0001379438,EXG,dd24af6e-9cf4-40ef-9a02-613ef683584f,Eaton Vance Tax-Managed Global Diversified Equity Income Fund,NYSE,
0001277866,EXK,53adc2e4-2912-43be-b193-8f053c15d219,ENDEAVOUR SILVER CORP,NYSE,
0001297989,EXLS,384ebb42-5fb6-49a9-b9ae-44c55a173ac4,"ExlService Holdings, Inc.",NASDAQ,
0001821534,EXOD,d1152e67-a30f-4a4b-9f47-b79532309a91,"Exodus Movement, Inc.",AMEX,
0002010788,EXOZ,b7b0d96e-2934-4ebd-825a-19ac9e035b7f,EXOZYMES INC.,NASDAQ,
0000918646,EXP,d0312523-d145-4bff-b072-691921f43f3e,EAGLE MATERIALS INC,NYSE,
0000746515,EXPD,a4965b33-8fae-4700-a0f7-07409250f8b5,EXPEDITORS INTERNATIONAL OF WASHINGTON INC,NYSE,
0001324424,EXPE,3e3bbdb0-d6a4-4db1-8fbb-133f75fd4f66,"Expedia Group, Inc.",NASDAQ,
0000851520,EXPO,aaddd843-ad20-43b0-b6d2-6a156c081ee8,EXPONENT INC,NASDAQ,
0001289490,EXR,95631989-09cd-4964-860e-f766dfba5081,Extra Space Storage Inc.,NYSE,
0001078271,EXTR,89c94077-af72-4632-9b70-55543bf76f9a,EXTREME NETWORKS INC,NASDAQ,
0001960355,EXYNW,c44cfc7a-156f-4937-9df3-ea24617fa884,"Exyn Technologies, Inc.",NASDAQ,
0001710155,EYE,24043742-bf48-4955-806c-aaf3596e3a0d,"National Vision Holdings, Inc.",NASDAQ,
0001314102,EYPT,dbdcd746-411e-4ddc-ba4a-cdea02f4f9af,"EyePoint, Inc.",NASDAQ,
0001806904,EZGO,10f6d2c4-0575-42c3-a3f7-6ff8f04c6d9c,EZGO Technologies Ltd.,NASDAQ,
0001812727,EZRA,e119e4fa-8f6d-4111-be76-197df5fce5c3,"Reliance Global Group, Inc.",NASDAQ,
0000037996,F,1e80b378-a5e3-4727-96bf-9c64fdd4e7e2,FORD MOTOR CO,NYSE,
0001210677,FA,1cb64bec-677e-490f-9bf8-f46e531a423e,FIRST ADVANTAGE CORP,NASDAQ,
0001086745,FABC,89f7edeb-a6d6-4611-a8aa-498e9713820b,"Fabric.AI, Inc.",NASDAQ,
0002028935,FACTU,d56e6afa-7d95-4fd7-84d4-797e7883872a,FACT II Acquisition Corp.,NASDAQ,
0002049662,FACWW,d67372f4-5b29-458f-81b8-7aedf8319983,Factorial Energy Inc.,NASDAQ,
0001472787,FAF,bde6e909-c061-4786-b6ba-38e605b583d0,First American Financial Corp,NYSE,
0001539838,FANG,f93d78b0-c2ec-4d9c-bcae-ca77ebce4844,"Diamondback Energy, Inc.",NASDAQ,
0000815556,FAST,009c65c9-8abe-49b9-b481-dfeecb67d116,FASTENAL CO,NASDAQ,
0001434316,FATE,29e35278-c259-40ee-bd30-79192459b691,FATE THERAPEUTICS INC,NASDAQ,
0001993400,FATN,ba5b2f17-b7c0-4c3d-b5c2-bdaed93cfcdd,Fatpipe Inc/UT,NASDAQ,
0000790500,FAX,2eb44b85-87c3-4835-9245-a3271f532f13,"ABRDN ASIA-PACIFIC INCOME FUND, INC.",AMEX,
0001938534,FBGL,1f364485-5922-46eb-9c1a-5967dd7cadd9,FBS Global Ltd,NASDAQ,
0001519751,FBIN,0447314a-795c-4638-9d8f-2f6cd9d71452,"Fortune Brands Innovations, Inc.",NYSE,
0001429260,FBIO,e82c2519-c569-4c25-85df-68f536ad4487,"Fortress Biotech, Inc.",NASDAQ,
0001521951,FBIZ,aa8d7d7c-c030-4971-a132-4a118ff85113,"FIRST BUSINESS FINANCIAL SERVICES, INC.",NASDAQ,
0001649749,FBK,b6302c94-379d-475b-910a-643238a0e570,FB Financial Corp,NYSE,
0002013639,FBLA,f1a362e1-752a-4a80-908c-67ea49090c12,"FB Bancorp, Inc. /MD/",NASDAQ,
0001958777,FBLG,cbbdba13-a141-49e3-993f-fc03c3cfaa1d,"FibroBiologics, Inc.",NASDAQ,
0000811589,FBNC,a35cca8f-5fe3-4810-9c92-d89d88977643,FIRST BANCORP /NC/,NASDAQ,
0001057706,FBP,4a15e5a2-6c91-4494-8a0d-5a2427678490,FIRST BANCORP /PR/,NYSE,
0001562528,FBRT,5565252d-2b03-4a22-a1fd-07d626fdec9c,"Franklin BSP Realty Trust, Inc.",NYSE,
0001419041,FBRX,587c0ab5-6205-4003-8f04-a98b1348ff86,"Forte Biosciences, Inc.",NASDAQ,
0001937987,FBYDW,3e205645-7826-405d-b4c7-4d4aff12aa85,"Falcon's Beyond Global, Inc.",NASDAQ,
0000886206,FC,16407b5a-5fe4-404b-856e-4941b31bc5a7,FRANKLIN COVEY CO,NYSE,
0001070296,FCAP,dfd269c1-6e7a-41d2-ad19-55b617f5512b,FIRST CAPITAL INC,NASDAQ,
0000859070,FCBC,6aa6537f-7bc3-4db6-8386-1587a14f2df5,FIRST COMMUNITY BANKSHARES INC /VA/,NASDAQ,
0001531193,FCBM,3ae157c7-53a7-402d-8166-a846fbc66d49,"First Carolina Financial Services, Inc.",NYSE,
0000932781,FCCO,60d73724-8fc4-48e5-bf7a-00a1a19641b2,FIRST COMMUNITY CORP /SC/,NASDAQ,
0000886128,FCEL,20c30426-4ff2-470e-a29c-f5595d44ce54,FUELCELL ENERGY INC,NASDAQ,
0000712537,FCF,bcb8614f-4350-478a-8290-35d5ddc68285,FIRST COMMONWEALTH FINANCIAL CORP /PA/,NYSE,
0000840489,FCFS,a074a587-7ee7-4cb3-946a-19fdffdfd20b,"FirstCash Holdings, Inc.",NASDAQ,
0002023796,FCHL,4a021d61-a46b-416b-899b-79a032d4fdbd,Fitness Champs Holdings Ltd,NASDAQ,
0000887936,FCN,b9ea54ed-d8f6-4d20-b561-49f739560bfd,"FTI CONSULTING, INC",NYSE,
0000798941,FCNCP,3aa77d16-e2b4-43b3-bd76-8aac19e4ad6c,FIRST CITIZENS BANCSHARES INC /DE/,NASDAQ,
0001650132,FCPT,13951607-122e-4f4a-b63f-f9c2702e4e2b,"Four Corners Property Trust, Inc.",NYSE,
0002074697,FCRS,9c9cf8bd-dc9b-4294-8900-29d926b48c37,FutureCrest Acquisition Corp.,NYSE,
0001282850,FCT,373cf16f-73ba-4088-b3fb-7b163bb649dc,FIRST TRUST SENIOR FLOATING RATE INCOME FUND II,NYSE,
0001590418,FCUV,9f60517c-d31f-49df-bc24-4d0fd0edb688,FOCUS UNIVERSAL INC.,NASDAQ,
0000831259,FCX,75951f3e-87ac-4f58-98f3-d4fdb649d332,FREEPORT-MCMORAN INC,NYSE,
0001098151,FDBC,2fd8447c-4bca-4e58-b589-eb2e7d49ba96,FIDELITY D & D BANCORP INC,NASDAQ,
0002129659,FDMMU,5c744dc9-9398-4344-94d9-34252b83ddf7,Freedom Metals Acquisition Corp.,NASDAQ,
0001650648,FDMT,3c18f007-c3a5-40c3-a1d2-8079c24d575b,"4D Molecular Therapeutics, Inc.",NASDAQ,
0001013237,FDS,4d61ebe4-a03e-4ba2-a0cd-1c59dee8d7ce,FACTSET RESEARCH SYSTEMS INC,NYSE,
0002012726,FDSB,9a3bfa5b-45c9-4b7e-849c-148e4d663400,"Fifth District Bancorp, Inc.",NASDAQ,
0001513363,FDUS,1b609583-c880-43c2-a467-7d98fec9aedb,FIDUS INVESTMENT Corp,NASDAQ,
0001048911,FDX,4f42e4ef-1f4c-4c7f-9a92-6a25c999031d,FEDEX CORP,NYSE,
0002082247,FDXF,7785f942-14e8-49e4-b554-262c05fe9649,"FedEx Freight Holding Company, Inc.",NYSE,
0001031296,FE,8dd27fb6-29cc-43ae-9aae-70edee0e2069,FIRSTENERGY CORP,NYSE,
0001888654,FEAM,2c190918-c676-4a39-a44a-c75bc16cc9d8,"5E Advanced Materials, Inc.",NASDAQ,
0001326706,FEED,a1314a23-cd9a-490f-ba81-1b96c33860a9,"ENvue Medical, Inc.",NASDAQ,
0000039020,FEIM,ee16a9f1-b6f9-4e5a-86d4-c460a99e8d2d,FREQUENCY ELECTRONICS INC,NASDAQ,
0000038725,FELE,befc9662-7440-4d58-b80f-d64a9c0f1df3,FRANKLIN ELECTRIC CO INC,NASDAQ,
0001339005,FEMY,65904307-3170-4a57-9f2f-0b7c0805cd24,FEMASYS INC,NASDAQ,
0001211583,FENC,e820b17f-97ff-4ecc-b5e2-036c6f259c74,FENNEC PHARMACEUTICALS INC.,NASDAQ,
0001468522,FER,92657ed8-81dd-4554-b0ce-eb6d5c687f50,Ferrovial N.V.,NASDAQ,
0002025401,FERAU,7d332ff4-aaa6-4f27-a391-f3a62c291f1c,Fifth Era Acquisition Corp I,NASDAQ,
0002011641,FERG,655e865c-be38-4f97-9a85-72135ca8a984,Ferguson Enterprises Inc. /DE/,NYSE,
0001401257,FET,81f8d43c-9cce-4143-ba0a-03a71e973be5,"FORUM ENERGY TECHNOLOGIES, INC.",NYSE,
0001337298,FF,5ad5ce3b-e8bb-4745-9e5f-043d33ec6751,FutureFuel Corp.,NYSE,
0001291334,FFA,9155a967-f8d9-40c2-ad6e-77f3fb8279d6,FIRST TRUST ENHANCED EQUITY INCOME FUND,NYSE,
0001805521,FFAI,d259061d-c7c2-4494-8ad0-0b41da45f9ce,FARADAY FUTURE INTELLIGENT ELECTRIC INC.,NASDAQ,
0000708955,FFBC,215ad439-2d8b-47ed-803d-f589c1fe20ff,FIRST FINANCIAL BANCORP /OH/,NASDAQ,
0001174164,FFC,16cc8365-6c4a-4d23-92f1-b3d44a9ff3c1,Flaherty & Crumrine PREFERRED & INCOME SECURITIES FUND INC,NYSE,
0000036029,FFIN,c96d3fbe-c0c9-4489-8c5d-31c73c96fa19,FIRST FINANCIAL BANKSHARES INC,NASDAQ,
0001934850,FG,7acacc04-415e-431c-9159-fb5409ea0552,"F&G Annuities & Life, Inc.",NYSE,
0001408534,FGBI,ff96b62d-b120-4921-9e43-f398b923833c,"First Guaranty Bancshares, Inc.",NASDAQ,
0002090452,FGIIU,bffa0932-ed9c-48a5-8dd7-b1be6207f9b1,FG Imperii Acquisition Corp.,NASDAQ,
0001864943,FGIWW,fd2ed979-6974-4b36-8c1e-9e2f99f7cba2,FGI Industries Ltd.,NASDAQ,
0001989930,FGL,e4c01bc9-89c5-43b2-ab85-7c78c35a6e54,Founder Group Ltd,NASDAQ,
0001591890,FGNX,f0cd333e-cbd7-443f-a86a-0e3fe3f2a04b,FG Nexus Inc.,NASDAQ,
0000036377,FHB,3ccb81cf-f52c-4985-b698-6ad030d4e778,"FIRST HAWAIIAN, INC.",NASDAQ,
0001056288,FHI,d15362c6-77cc-4513-a703-d6efe5223c12,"FEDERATED HERMES, INC.",NYSE,
0000036966,FHN,35dafae8-7554-4f5f-97df-5806867712ec,FIRST HORIZON CORP,NYSE,
0001822462,FHTX,9ce6e570-c0ae-4e84-ab62-5446242bfa91,Foghorn Therapeutics Inc.,NASDAQ,
0000860413,FIBK,f178f35a-fc0a-472f-a566-7e28519c95bc,FIRST INTERSTATE BANCSYSTEM INC,NASDAQ,
0000814547,FICO,9785d232-7b97-43f2-8b4b-6bfb80c0442c,FAIR ISAAC CORP,NYSE,
0001579878,FIG,1d6067de-231e-4f92-a646-34cd7299c8b5,"Figma, Inc.",NYSE,
0002064124,FIGR,bcae7489-ba23-428e-9e74-b3670df03553,"Figure Technology Solutions, Inc.",NASDAQ,
0001846576,FIGS,f356faac-5ee6-4824-9370-79464419f7ac,"FIGS, Inc.",NYSE,
0002059033,FIGXU,e5aa9384-43c4-44c0-baa8-28394bfef048,FIGX Capital Acquisition Corp.,NASDAQ,
0001745059,FINS,6d278bba-6f04-44c7-b5d7-e8bf2a2b8f81,Angel Oak Financial Strategies Income Term Trust,NYSE,
0001856365,FINW,85856bba-71f5-4eb0-a1a3-91a064aa557f,Finwise Bancorp,NASDAQ,
0001899883,FIP,4645875c-120a-4545-812d-1b18208fd04f,FTAI Infrastructure Inc.,NASDAQ,
0001801661,FIRY,cd86ed39-216e-4e04-a3f0-9beea87fdf71,Firy Inc.,NYSE,
0001136893,FIS,e961359b-17b7-4d9e-a246-a6fa732a07e6,"Fidelity National Information Services, Inc.",NYSE,
0000862831,FISI,76ff460e-b4fc-497c-b27f-971ff428ac56,FINANCIAL INSTITUTIONS INC,NASDAQ,
0001918102,FISN,e6dfe7ff-d192-493a-8625-3d3c79bc3d34,"DEEP FISSION, INC.",NASDAQ,
0000798354,FISV,215f4297-91ff-4226-a690-c9add0ffc9ac,FISERV INC,NASDAQ,
0000035527,FITB,94f6f5c6-861b-47fc-b208-1e7765e4a68f,FIFTH THIRD BANCORP,NYSE,
0001177609,FIVE,d7f959ac-c012-4c20-8806-e47817a89eaa,"FIVE BELOW, INC",NASDAQ,
0001035983,FIX,b56fafb4-300c-4444-a83a-876ca63e1b3c,COMFORT SYSTEMS USA INC,NYSE,
0000069891,FIZZ,d493fbc4-afcd-45ef-bd05-56e0b0bec2d5,NATIONAL BEVERAGE CORP,NASDAQ,
0001947016,FJET,fd9ccba3-a121-40e3-b095-dcafedeaa21a,"Starfighters Space, Inc.",AMEX,
0000722572,FKWL,3cba69f6-858a-4331-8afd-d0a0fbcae558,FRANKLIN WIRELESS CORP,NASDAQ,
0001245648,FLC,af122f3c-16fd-4425-b6db-cb5c0a93e44a,FLAHERTY & CRUMRINE TOTAL RETURN FUND INC,NYSE,
0001889123,FLDDW,f4c920e7-158e-4e17-b400-6ac4f44e65f7,"Fold Holdings, Inc.",NASDAQ,
0000910073,FLG,6e0c00fc-0ba7-48f7-9b1b-75b02b9887c2,"FLAGSTAR BANK, NATIONAL ASSOCIATION",NYSE,
0001674930,FLGT,6aaba304-f2e2-4915-a309-dea0f9cad01f,"Fulgent Genetics, Inc.",NASDAQ,
0000891482,FLL,1e2a3f20-3fdf-4ebb-b4ea-51d59afd8272,FULL HOUSE RESORTS INC,NASDAQ,
0001069530,FLNA,deba77f9-51f3-48bf-ac9d-c4186bec8823,"FILANA THERAPEUTICS, INC.",NASDAQ,
0001868941,FLNC,48c2ae0d-370f-4312-85e7-aa06422bdd04,"Fluence Energy, Inc.",NASDAQ,
0001772253,FLNG,83c61a92-2fe4-4b02-b6ca-5ce8ee75c1a0,Flex LNG Ltd.,NYSE,
0001460329,FLNT,df219328-7d24-45bf-b47f-8fee953dc6a4,"Fluent, Inc.",NASDAQ,
0001128928,FLO,94c14002-32b8-4232-96ba-27ef8d57b6ff,FLOWERS FOODS INC,NYSE,
0002035149,FLOC,113a8b93-0f8c-4201-9d80-a3f00b21cff4,Flowco Holdings Inc.,NYSE,
0001124198,FLR,421c10cd-3378-414c-b2ee-562efd426a82,FLUOR CORP,NYSE,
0000030625,FLS,1810d8ad-df12-4d78-a90a-98b8769bf694,FLOWSERVE CORP,NYSE,
0001635327,FLUT,4ebc17de-3948-451c-924a-fcc51c6b04bf,Flutter Entertainment plc,NYSE,
0001083743,FLUX,f313a403-49fc-482f-8407-2d58d4ed5c43,"Flux Power Holdings, Inc.",NASDAQ,
0001084869,FLWS,db4c8f34-b59c-4c26-a143-5e607afd4a1f,1 800 FLOWERS COM INC,NASDAQ,
0000037472,FLXS,4c1d1d47-ed4f-496e-aea4-dfda1422fd9d,FLEXSTEEL INDUSTRIES INC,NASDAQ,
0001860160,FLY,615fb424-a499-43ba-847b-b0214e82ab49,Firefly Aerospace Inc.,NASDAQ,
0001975940,FLYE,450191c1-89db-49bf-b0f1-086f2e77998b,"Fly-E Group, Inc.",NASDAQ,
0001843973,FLYX,45ad1443-332a-461a-a1d9-8ca98002fc51,FLYEXCLUSIVE INC.,AMEX,
0001706524,FLZH,bcaec46b-68c7-4775-aaf8-7b6851d21502,"Flash Sports & Media Holdings, Inc.",NASDAQ,
0002099232,FMACU,af79c9ce-8fff-4a08-998f-cf66c7bb92b1,Future Money Acquisition Corp,NASDAQ,
0000792966,FMAO,1a2f40d4-ded0-4a31-ade1-02e5c276a4c1,FARMERS & MERCHANTS BANCORP INC,NASDAQ,
0000700565,FMBH,83d8dd21-b32e-4815-8f65-c66d2074d665,"FIRST MID BANCSHARES, INC.",NASDAQ,
0000037785,FMC,caae509d-0797-4704-b4e5-0028c73c802c,FMC CORP,NYSE,
0002024656,FMFC,ab8e551a-524a-4f94-b89c-4fd40c00e49a,Kandal M Venture Ltd,NASDAQ,
0001199004,FMN,dbc3851b-f698-45f1-a0d1-a78e1c8df480,Federated Hermes Premier Municipal Income Fund,NYSE,
0000709337,FMNB,87e10238-6e47-44dd-9768-d355f29378da,FARMERS NATIONAL BANC CORP /OH/,NASDAQ,
0001333141,FMS,470c02e2-a501-4aba-9a3a-7238f6fb293e,Fresenius Medical Care AG,NYSE,
0001935418,FMSTW,37fe8b2c-cbfd-4a6f-85b4-70d68e3dedd5,Foremost Clean Energy Ltd.,NASDAQ,
0001061736,FMX,3597d68f-c92d-4cf4-8054-e9c5c65a88f8,MEXICAN ECONOMIC DEVELOPMENT INC,NYSE,
0001319183,FMY,25f24548-452e-4d68-9b78-272038d4080d,FIRST TRUST MORTGAGE INCOME FUND,NYSE,
0001408710,FN,efab651c-58bf-4240-a7f9-36e3c413c1c1,Fabrinet,NYSE,
0000037808,FNB,2ee87cf7-1130-463d-ad45-bcfbd7baf23f,FNB CORP/PA/,NYSE,
0001507079,FND,dbc1365f-703f-4dc2-82e9-37b005f17ae5,"Floor & Decor Holdings, Inc.",NYSE,
0001331875,FNF,531fe794-77b1-40c7-91dc-6bd1d67ec2fe,"Fidelity National Financial, Inc.",NYSE,
0001602409,FNGR,7876bcba-7708-4fbb-b742-1e0e64da82da,"FingerMotion, Inc.",NASDAQ,
0000765207,FNLC,861b211e-a243-49fc-bbf9-08a962479659,"First Bancorp, Inc /ME/",NASDAQ,
0001114927,FNRN,bf1e70f7-430a-4a44-b4bb-416548d2eb86,FIRST NORTHERN COMMUNITY BANCORP,NASDAQ,
0001769697,FNUC,f60c0783-5b5a-4545-a29c-c96af523c18a,Frontier Nuclear & Minerals Inc.,NASDAQ,
0001456346,FNV,4fbbc9d9-302f-48eb-9f6b-c7996686e31f,FRANCO NEVADA Corp,NYSE,
0001556727,FNWB,ab6cc407-239f-4dca-9104-8420210e7f53,First Northwest Bancorp,NASDAQ,
0000919864,FNWD,f001798e-1d4b-4f4b-8f68-b35d1e3959a0,Finward Bancorp,NASDAQ,
0001828937,FOA,2f93c85d-0f98-4c50-a960-cee6f084ec21,Finance of America Companies Inc.,NYSE,
0001375340,FOF,75d46a59-bbe2-4d2e-b09c-f6a887c12b33,"Cohen & Steers Closed-End Opportunity Fund, Inc.",NYSE,
0002060083,FOFO,4c41ce39-0beb-4da4-81e1-9519b88e5c5e,"Hang Feng Technology Innovation Co., Ltd.",NASDAQ,
0001406587,FOR,6998c50a-da40-4db9-a3a6-c46343a8eb5c,Forestar Group Inc.,NYSE,
0001023313,FORR,fb0c8bc1-5ec4-45a8-98ad-86b06ab2a95b,"FORRESTER RESEARCH, INC.",NASDAQ,
0001045986,FORTY,fe7d5faa-ee5e-4933-a1ab-8e8e268b814c,FORMULA SYSTEMS (1985) LTD,NASDAQ,
0000883569,FOSL,0c1b81c8-eff6-4196-a64b-ffad4b19fdea,"Fossil Group, Inc.",NASDAQ,
0001794669,FOUR,7dfd4d01-f36b-479e-a94f-594ea559d1cd,"Shift4 Payments, Inc.",NYSE,
0001424929,FOXF,6e4db65e-d1c6-482a-bb2f-39f8b8db5a82,FOX FACTORY HOLDING CORP,NASDAQ,
0002013807,FOXXW,b70446d2-6a78-4251-9521-3992e44410d9,Foxx Development Holdings Inc.,NASDAQ,
0001567569,FPF,1b0e4ca9-6318-4bfa-ad88-e42fe7073261,First Trust Intermediate Duration Preferred & Income Fund,NYSE,
0001574197,FPH,e7d3ca8b-73e4-4435-bf86-7e896791165d,"Five Point Holdings, LLC",NYSE,
0001591670,FPI,e7624767-5155-490d-a8db-970049c5b030,Farmland Partners Inc.,NYSE,
0002080126,FPS,c4f791e4-a144-435d-bcbd-3ad5cb11aedb,"Forgent Power Solutions, Inc.",NYSE,
0000921825,FR,24396697-d477-41eb-b8ca-3a2c8efca348,FIRST INDUSTRIAL REALTY TRUST INC,NYSE,
0001259708,FRA,72295014-486d-425a-98fd-228383892804,"BLACKROCK FLOATING RATE INCOME STRATEGIES FUND, INC.",NYSE,
0000723646,FRAF,358ff472-d1cd-4b29-8fda-3534ddf79f73,FRANKLIN FINANCIAL SERVICES CORP /PA/,NASDAQ,
0000039092,FRD,21b61d3f-d92f-42b7-9dc9-ec4b4d1212f7,FRIEDMAN INDUSTRIES INC,NASDAQ,
0001687542,FRGT,d12a4f90-eda6-4db6-bb62-064491a975bf,"Freight Technologies, Inc.",NASDAQ,
0000924805,FRHC,19efc3d8-7a81-436f-9df4-7b5af13f561c,Freedom Holding Corp.,NASDAQ,
0000712534,FRME,72316142-b47d-4375-851e-5887c31e196b,FIRST MERCHANTS CORP,NASDAQ,
0001690080,FRMM,14402928-493d-46d1-88b2-a757df2472c5,FORUM MARKETS Inc,NASDAQ,
0002017526,FRNM,3dec27fc-74ba-4224-b254-e6a4139cf7c5,"Freenome, Inc.",NASDAQ,
0000913290,FRO,1b455b80-33a5-4121-b341-febe17d9aef2,Frontline plc,NYSE,
0001611647,FRPT,b68ffd90-8712-4019-8e72-9b457a13420e,"Freshpet, Inc.",NASDAQ,
0001544522,FRSH,0f278fde-8fd6-470b-ac13-8f660579a6d9,Freshworks Inc.,NASDAQ,
0001325670,FRST,b5089f3c-53c6-47da-8b4d-94df0f0a8d0b,Primis Financial Corp.,NASDAQ,
0001691221,FRSX,aec31947-37bd-41c8-8e42-26fe45685e3b,Foresight Autonomous Holdings Ltd.,NASDAQ,
0000034903,FRT,25f9fcbe-adbc-4d6d-85a0-e322b3c93889,FEDERAL REALTY INVESTMENT TRUST,NYSE,
0002092967,FRTT,aaa26fe4-77d4-49fe-bd33-3b9212eefcad,Fort Technology Inc,NASDAQ,
0001853868,FRVO,0bd99724-8f5b-4561-b019-4bc657e027d3,Fervo Energy Co,NASDAQ,
0001275168,FSBC,a37bc098-13fe-4607-b160-54c718677f73,FIVE STAR BANCORP,NASDAQ,
0001530249,FSBW,769b7706-6b80-47c0-b25f-141dd7337567,"FS Bancorp, Inc.",NASDAQ,
0001568194,FSCO,9c26b9e6-baaa-4667-9015-a09896da83fa,FS Credit Opportunities Corp.,NYSE,
0001943802,FSEA,55e98f78-b9d9-4058-9bc5-cff5a92bcb73,"First Seacoast Bancorp, Inc.",NASDAQ,
0001850059,FSHPU,e50d3334-3db5-4601-bc5c-c6b0a411f7c5,Flag Ship Acquisition Corp,NASDAQ,
0001069394,FSI,b9e17620-4841-4574-a755-9ab82c6ec0b2,FLEXIBLE SOLUTIONS INTERNATIONAL INC,AMEX,
0001422183,FSK,fab4b208-2837-4a91-acd3-8ac533c08109,FS KKR Capital Corp,NYSE,
0001274494,FSLR,fa06daac-c3f1-409c-bddb-d44c8293e8b3,"FIRST SOLAR, INC.",NASDAQ,
0001341335,FSM,fccd5030-6729-46cd-80a8-cd269a3a8b6c,FORTUNA MINING CORP.,NYSE,
0002063380,FSOL,95892d85-25b2-44dc-be47-70b9c6dacadd,Fidelity Solana Fund,ARCA,
0001031316,FSP,7e34b64c-1121-41f0-9aa3-b0d4b397bc9e,FRANKLIN STREET PROPERTIES CORP /MA/,AMEX,
0000277509,FSS,538a8560-35c9-41e1-b4a7-0be36c714101,FEDERAL SIGNAL CORP /DE/,NYSE,
0002065812,FSSL,9acde700-d5a8-409c-979a-25c6bf0a7985,FS Specialty Lending Fund,NYSE,
0000352825,FSTR,610be958-bb69-4d36-a4d1-ff61c075e760,FOSTER L B CO,NASDAQ,
0001709442,FSUN,64bcb5d6-c6f9-4ebd-b3e3-45986ad13261,FIRSTSUN CAPITAL BANCORP,NASDAQ,
0001637810,FSV,7c7d1a3f-329a-47ad-8ba3-ac650093c117,FirstService Corp,NASDAQ,
0000833040,FT,7734a375-d129-40d4-af7e-24d81d42aacb,FRANKLIN UNIVERSAL TRUST,NYSE,
0001590364,FTAI,c9f9e546-3ccc-4236-b7b9-3839158b7554,FTAI Aviation Ltd.,NASDAQ,
0001828161,FTCI,8f281db9-ca4f-4776-8ced-f57002f99e16,"FTC Solar, Inc.",NASDAQ,
0001727263,FTDR,618a7eff-7dc3-49cb-af24-6fcdf90dd1d7,"Frontdoor, Inc.",NASDAQ,
0000846913,FTEK,0071398e-75a5-4bc6-810d-2a976d0c2cac,"FUEL TECH, INC.",NASDAQ,
0001233087,FTF,8c2be493-483e-40fd-b02b-681a0c364a3e,FRANKLIN LTD DURATION INCOME TRUST,AMEX,
0001066923,FTFT,c81c531f-a76f-463d-8189-6eb3684616d8,Future FinTech Group Inc.,NASDAQ,
0001829802,FTH,6c40d2cf-bba9-47fd-9b9b-4c874943e209,"Faeth Therapeutics, Inc.",NASDAQ,
0002097986,FTHAU,a0adff35-2723-46b4-adbe-daff09096eb0,Forefront Tech Holdings Acquisition Corp,NASDAQ,
0001753162,FTHM,8af099e1-4895-4160-a360-68bdc3bed1b3,Fathom Holdings Inc.,NASDAQ,
0001810523,FTHY,91076eb2-a2c5-422c-bbf5-6dc809e584d8,FIRST TRUST HIGH YIELD OPPORTUNITIES 2027 TERM FUND,NYSE,
0001681459,FTI,3da39dd1-747d-4b23-99ab-e59c22a69ab7,TechnipFMC plc,NYSE,
0000928054,FTK,c87c1e6f-5e73-45da-b086-8d016f6b6303,FLOTEK INDUSTRIES INC/CN/,NYSE,
0001374328,FTLF,638d8724-ee53-437e-a129-41202200a7d1,"FITLIFE BRANDS, INC.",NASDAQ,
0001262039,FTNT,2b7d41ee-36a4-4c7e-b783-896568c61ed0,"Fortinet, Inc.",NASDAQ,
0002131853,FTRA,d1e9713c-a458-4050-a885-0b2388cd4da9,FutureCorp Space Acquisition 1,NYSE,
0001965040,FTRE,9fbcd310-e6f4-4724-a5c7-5893f0a51d36,Fortrea Holdings Inc.,NASDAQ,
0002027262,FTRK,b252717d-d3d1-4cbc-a527-a65b950ee06c,Fast Track Group,NASDAQ,
0001659166,FTV,9bf5e7eb-549e-4d18-9a9e-21cc126cdde1,Fortive Corp,NYSE,
0002083125,FTW,d6f0236b-7714-4cb3-b1fa-e59e648fde59,PRESIDIO PRODUCTION Co,NYSE,
0001484769,FUBO,26ce4bf7-a380-411b-9c13-6966a288e2e8,FuboTV Inc.,NYSE,
0001921158,FUFUW,2da85cc2-5c8c-4170-a1e9-326f9f164819,Bitfufu Inc.,NASDAQ,
0000039368,FUL,a1d80874-38c6-40bd-b405-e002b238596b,FULLER H B CO,NYSE,
0001680581,FULC,23366d90-2f64-4db6-81ef-b677447e4516,"Fulcrum Therapeutics, Inc.",NASDAQ,
0000700564,FULT,4c2b07a5-a9a8-4b14-b5f7-200900ff1b75,FULTON FINANCIAL CORP,NASDAQ,
0001999001,FUN,70b6c0a6-ece3-4db5-92d7-65b0ce53974a,Six Flags Entertainment Corporation/NEW,NYSE,
0000763907,FUNC,147156a1-b712-4e3e-afb8-b54850c72f66,FIRST UNITED CORP/MD/,NASDAQ,
0000825202,FUND,af26c217-79b9-4ce8-b956-17fe23169954,SPROTT FOCUS TRUST INC.,NASDAQ,
0001514597,FURY,cd88935d-3fa0-4677-a228-3711548e374e,FURY GOLD MINES LTD,AMEX,
0000717806,FUSB,9b048da3-d581-4f74-8edf-6921a070ff8d,"FIRST US BANCSHARES, INC.",NASDAQ,
0002033383,FUSEW,f38c9527-fd5c-4bb7-bfd7-d1690e9abcdb,Fusemachines Inc.,NASDAQ,
0001850733,FVAV,43ecd1fe-5997-4b8a-aeea-5cbc05bf3e87,Fortress Value Acquisition Corp. V,NASDAQ,
0001675644,FVCB,f3668eac-5d4c-48a9-b83e-78ad34237e70,"FVCBankcorp, Inc.",NASDAQ,
0002010653,FVNNR,6a3b2d92-dd5a-4f16-a8e2-10dc4d32eeef,Future Vision II Acquisition Corp.,NASDAQ,
0001988494,FVR,5ab99c68-f1d9-404f-a7f1-ffc38e8a1ecb,"FrontView REIT, Inc.",NYSE,
0001762301,FVRR,658ea182-0d86-4184-baf9-704da1c3c396,Fiverr International Ltd.,NYSE,
0002116105,FWACU,1f01bd92-cd46-4ee0-90d6-25d6fb1f9b27,Futurewave Acquisition Corp,NASDAQ,
0000038264,FWDI,67c5039e-f8b6-4738-ae48-d6154b4fa91e,"Forward Industries, Inc.",NASDAQ,
0000912728,FWRD,319a13bc-443d-4d67-80de-ffddd666eaf4,FORWARD AIR CORP,NASDAQ,
0001789940,FWRG,523a0a22-dab6-44f4-81c2-83715a225b17,"First Watch Restaurant Group, Inc.",NASDAQ,
0001353614,FXA,f6207506-96ca-4d9c-90e2-ae4ad6a58f74,Invesco CurrencyShares Australian Dollar Trust,ARCA,
0002121703,FXACU,08f836fe-59ec-4370-9176-177a24d0b21b,FortuneX Acquisition Corp,NASDAQ,
0001353611,FXB,5050ba14-0162-489e-9874-757171313361,Invesco CurrencyShares British Pound Sterling Trust,ARCA,
0001353612,FXC,da12652c-294e-4e77-a72f-7052be43fc4b,Invesco CurrencyShares Canadian Dollar Trust,ARCA,
0001328598,FXE,63bc296d-ecf2-4965-b081-5a40740c9f4b,Invesco CurrencyShares Euro Trust,ARCA,
0001353615,FXF,196400fc-a202-4e4f-8232-15f41c311cee,Invesco CurrencyShares Swiss Franc Trust,ARCA,
0000719402,FXNC,52c66239-c7ea-40e4-b96b-720d2b40c95b,FIRST NATIONAL CORP /VA/,NASDAQ,
0001353613,FXY,f6230255-1a16-4163-aba4-895163e605b9,Invesco CurrencyShares Japanese Yen Trust,ARCA,
0001398659,G,1e636ad6-e4f2-4382-81f9-9f0b9303eb29,Genpact LTD,NYSE,
0000794685,GAB,d340ec75-7bb2-46fa-bee9-42b7e3b4cc11,GABELLI EQUITY TRUST INC,NYSE,
0000714395,GABC,37584fbe-6877-4d5a-b44f-c074b33d4abf,"GERMAN AMERICAN BANCORP, INC.",NASDAQ,
0001321741,GAIN,36b5e4e5-50ad-431f-bf47-7c8836c8e3df,GLADSTONE INVESTMENT CORPORATION\DE,NASDAQ,
0001133416,GALT,9a024bca-535d-41db-9bca-3ba83be53cc4,GALECTIN THERAPEUTICS INC,NASDAQ,
0000040417,GAM,d41b0607-044c-481c-814e-5b841d0f5304,GENERAL AMERICAN INVESTORS CO INC,NYSE,
0001714562,GAME,0382a959-55a3-4d88-8672-8ad2f31ae1cc,"GameSquare Holdings, Inc.",NASDAQ,
0001819411,GANX,d94c0733-5d49-4d15-9f15-b675fb2b0aad,"Gain Therapeutics, Inc.",NASDAQ,
0000039911,GAP,9e4ef521-d808-4471-b5a5-b3abd456a1f2,GAP INC,NYSE,
0001328919,GASS,e74817e2-aad7-4731-bc1d-f7916ea11ab3,StealthGas Inc.,NASDAQ,
0000040211,GATX,5fe869da-25db-4266-9f8e-e67e914f9d94,GATX CORP,NYSE,
0001377757,GAU,e19f9e91-8a2d-4550-abdd-c61446d6aeb1,Galiano Gold Inc.,AMEX,
0002035053,GAVA,f426685d-7302-4147-b64f-30f6b7c7bbb2,Grayscale Avalanche Staking ETF,NASDAQ,
0001495825,GBAB,38fe94c3-ab11-49a7-af01-c8963370025b,Guggenheim Taxable Municipal Bond & Investment Grade Debt Trust,NYSE,
0000868671,GBCI,05f56c43-b300-4eb9-8d8c-bd621bf6753a,"GLACIER BANCORP, INC.",NYSE,
0001476765,GBDC,f0586819-94e3-4d9b-be91-dd2553723c0e,"GOLUB CAPITAL BDC, Inc.",NASDAQ,
0001791145,GBFH,8aa1e001-439a-4b2d-8dc2-515b1953f4ab,GBank Financial Holdings Inc.,NASDAQ,
0001494904,GBLI,ff78ebb0-609e-4cfb-98ef-3f7b818e9491,"Global Indemnity Group, LLC",NASDAQ,
0000105744,GBR,d80ec9d7-71a9-4e56-8674-8bb43a7b7b95,"New Concept Energy, Inc.",AMEX,
0001588489,GBTC,99bde20f-51a4-42b0-98d8-8c1ce09f6c53,Grayscale Bitcoin Trust ETF,ARCA,
0001820872,GBTG,db9ce852-84b4-4946-ba47-a79f333ee042,"Global Business Travel Group, Inc.",NYSE,
0000923120,GBX,6edaf9e7-595d-411d-bb63-c19fb88e6a04,GREENBRIER COMPANIES INC,NYSE,
0001070524,GCBC,7b18ce7e-7fa2-44d8-9fec-edf10677bd98,GREENE COUNTY BANCORP INC,NASDAQ,
0001926293,GCDT,947a29ea-e422-4af6-9000-ed5ccf921ba1,Green Circle Decarbonize Technology Ltd,AMEX,
0002108962,GCGRU,ad8ce37d-72d1-4d09-b66e-d601dd01e79e,General Catalyst Global Resilience Merger Corp.,NASDAQ,
0002002045,GCLWW,d2e3289c-960c-4e34-a9c9-e5b3b6fa3322,GCL Global Holdings Ltd,NASDAQ,
0001819796,GCMG,3d6d4e0a-899b-4f21-9490-78f48fcd1b91,GCM Grosvenor Inc.,NASDAQ,
0000018498,GCO,3793a812-b65b-4003-8ec7-95b2bf1d4878,GENESCO INC,NYSE,
0001857816,GCT,e8410432-5149-484a-b6b9-b9dd2461c7f5,GigaCloud Technology Inc,NASDAQ,
0001506983,GCTK,a7c30e54-35c2-4ca0-a8dc-b7a68b3557bb,"Glucotrack, Inc.",NASDAQ,
0001851961,GCTS,a82512ba-35b1-4325-9900-02e20886c8b6,"GCT Semiconductor Holding, Inc.",NYSE,
0000845611,GCV,05c41922-c0f1-45e3-a1d4-f03159af456d,GABELLI CONVERTIBLE & INCOME SECURITIES FUND INC,NYSE,
0000040533,GD,2430989b-3b12-4bff-9927-870040f8122a,GENERAL DYNAMICS CORP,NYSE,
0001641398,GDC,015fa4e0-d5bb-4b6b-ae62-1b184c772753,GD Culture Group Ltd,NASDAQ,
0001609711,GDDY,0099ffac-ca5b-4117-b050-5390af24619c,GoDaddy Inc.,NYSE,
0001848739,GDEVW,28895f69-8318-4779-aa0d-8c1fbe87e1fc,GDEV Inc.,NASDAQ,
0001928340,GDHG,e5823bac-d88e-418c-b54e-df6c8f0b8866,GOLDEN HEAVEN GROUP HOLDINGS LTD.,NASDAQ,
0001378701,GDL,5e6d40c7-b0da-48db-a2c0-58f3cf86c0c1,GDL FUND,NYSE,
0001729997,GDLC,9d380dd2-5144-4187-aefd-8ea8e7bfcff6,Grayscale CoinDesk Crypto 5 ETF,ARCA,
0001472341,GDO,57d5a8cb-9ddb-4ebd-b281-abc4cd15eb37,WESTERN ASSET GLOBAL CORPORATE OPPORTUNITY FUND INC.,NYSE,
0002055510,GDOG,01aef924-645f-4640-a6d6-797fd035eab3,Grayscale Dogecoin Trust ETF,ARCA,
0001386278,GDOT,72499ea4-51c6-422b-bf97-91ce6f83d53b,GREEN DOT CORP,NYSE,
0001526125,GDS,26def137-a7d1-4433-a86b-54da8ebd2d2f,GDS Holdings Ltd,NASDAQ,
0001873093,GDTC,64417308-56a6-4b6f-a00c-128950b5c982,CytoMed Therapeutics Ltd,NASDAQ,
0001260729,GDV,7331f101-8f74-4a30-b8de-51d0ac4e6b4b,GABELLI DIVIDEND & INCOME TRUST,NYSE,
0001743725,GDYN,d7ab8d1f-a8b8-43a0-9938-bdae84f8a014,"GRID DYNAMICS HOLDINGS, INC.",NASDAQ,
0001675033,GECC,6fd9ccb5-2c53-4520-8430-719cc96dda50,Great Elm Capital Corp.,NASDAQ,
0000043920,GEF,7e8425a4-73d3-448e-9141-e1e8d7d3189b,"GREIF, INC",NYSE,
0001831096,GEG,932444f9-e1ba-4a8d-be48-81b29ef0c1e0,"Great Elm Group, Inc.",NASDAQ,
0001932393,GEHC,76875bee-ba49-437b-9d94-e4bf1277249f,GE HealthCare Technologies Inc.,NASDAQ,
0001022321,GEL,983b74a7-6c82-4947-b566-74f33d6faecc,GENESIS ENERGY LP,NYSE,
0002055592,GEMI,416f349f-c1bd-42a0-9ee5-c584c732f682,"Gemini Space Station, Inc.",NASDAQ,
0000849399,GEN,89815654-c60c-4b6a-ab96-80982bf4e53b,Gen Digital Inc.,NASDAQ,
0002100782,GENB,2f58f9d2-8c0d-4eb0-a884-77db562953d9,"Generate Biomedicines, Inc.",NASDAQ,
0000064472,GENC,d45ecfc3-a94d-411b-b14e-ed391998c457,GENCOR INDUSTRIES INC,AMEX,
0001834489,GENI,00a7cca5-04e7-49ed-82f5-1b203c7e8830,Genius Sports Ltd,NYSE,
0001891856,GENK,38cf52ac-558b-4005-a8fd-d401ffd529c3,"GEN Restaurant Group, Inc.",NASDAQ,
0000923796,GEO,3f04b9fa-9050-49b8-93ec-89d5dd10f18c,GEO GROUP INC,NYSE,
0001001115,GEOS,be6db919-df86-452d-a254-da1fa25ddfe1,GEOSPACE TECHNOLOGIES CORP,NASDAQ,
0001898496,GETY,905b3e58-5a89-42f4-b97d-7170d32b78dc,"Getty Images Holdings, Inc.",NYSE,
0001996810,GEV,fe794b59-e78a-4544-b35b-41d3cfb38f12,GE Vernova Inc.,NYSE,
0000858706,GF,adb9643e-d8cd-4644-8699-6a904a308c7e,NEW GERMANY FUND INC,NYSE,
0001804469,GFAIW,baf4802c-ae78-4229-803f-b25af9b75426,"Guardforce AI Co., Ltd.",NASDAQ,
0000050725,GFF,52978fe2-efcd-4db8-882a-58cc0d3f11c9,GRIFFON CORP,NYSE,
0001172724,GFI,97446bb1-864a-491c-bb61-0028688e97bd,GOLD FIELDS LTD,NYSE,
0001780232,GFL,4c46caae-b4f0-4da1-999c-87e1d50cdaaf,GFL Environmental Inc.,NYSE,
0001966287,GFR,733205a2-fc8f-4c40-9ac9-b1e63ab43e81,Greenfire Resources Ltd.,NYSE,
0001709048,GFS,af70d056-9fbb-4df4-ad27-3977bd3a9b47,GLOBALFOUNDRIES Inc.,NASDAQ,
0002074850,GFUZW,bcb38153-0e09-4ae8-9fe9-caa893a5c47f,General Fusion Group Ltd.,NASDAQ,
0001114700,GGAL,d811ca12-80f0-4cd0-a6b8-917655c82ded,GRUPO FINANCIERO GALICIA SA,NASDAQ,
0001073404,GGB,13584306-92db-4109-ba1f-65c9549d0721,GERDAU S.A.,NYSE,
0000042888,GGG,4ae1527b-7e8e-4b68-9553-6b575e8aa54f,GRACO INC,NYSE,
0001313510,GGN,757d6a18-968f-470c-ae62-69278e18f4e7,"GAMCO Global Gold, Natural Resources & Income Trust",AMEX,
0001886190,GGROW,730d74b9-d09a-4701-844a-225f28682927,Gogoro Inc.,NASDAQ,
0001854445,GGRP,acdb9c6e-9e6e-4abb-b9eb-e97326be26ae,"Glimpse Group, Inc.",NASDAQ,
0000921671,GGT,502ffdc3-8da0-46de-acc5-acd06142f2c3,GABELLI MULTIMEDIA TRUST INC.,NYSE,
0001585855,GGZ,3b8e68cb-2a8a-4711-a348-9539ce898cb6,Gabelli Global Small & Mid Cap Value Trust,NYSE,
0001576280,GH,d009b37d-8924-4516-af7f-6c382df32d16,"Guardant Health, Inc.",NASDAQ,
0000104889,GHC,c388a0cb-e324-49d1-9450-2ae3cb35c73f,Graham Holdings Co,NYSE,
0001059142,GHI,42525cfe-f278-42e3-b3d3-af869a95e52e,Greystone Housing Impact Investors LP,NYSE,
0000716314,GHM,75e0a087-d4f9-4165-acff-583abcc42b00,GRAHAM CORP,NYSE,
0001855129,GHRS,14dfcf80-b24e-42eb-b534-e8db3bc63373,GH Research PLC,NASDAQ,
0002086438,GHXIU,a44818a7-f17d-4e7a-aa72-deca67280bdc,"Gores Holdings XI, Inc.",NASDAQ,
0001554697,GHY,a2bf76ae-a821-4332-8fbb-49fa186ad9a3,"PGIM Global High Yield Fund, Inc.",NYSE,
0001061574,GIB,4832763f-9431-44d2-8caf-5a20761126ed,CGI INC,NYSE,
0002034520,GIBOW,3da1cf68-04b7-40f7-9f0e-9633d75482ef,GIBO HOLDINGS Ltd,NASDAQ,
0000945114,GIC,442a933b-6266-4be9-8921-47dafe3076ad,GLOBAL INDUSTRIAL Co,NYSE,
0001760233,GIFT,97d6f7e5-d91a-41b9-995c-709f8532f37d,"GIFTIFY, INC.",NASDAQ,
0001105101,GIGM,f4c07560-3bf0-4388-8ac4-05e9c293e84c,GIGAMEDIA Ltd,NASDAQ,
0000821002,GIII,32786d89-9e5a-4020-bb70-201581bf7083,G III APPAREL GROUP LTD /DE/,NASDAQ,
0001061894,GIL,77e8c2c0-eb2b-4111-b945-2952a60f5a6a,Gildan Activewear Inc.,NYSE,
0000882095,GILD,aa222c8c-5f60-4b88-bc73-7aaadf424628,"GILEAD SCIENCES, INC.",NASDAQ,
0000897322,GILT,28c49c83-216b-406f-a925-c520e3405282,GILAT SATELLITE NETWORKS LTD,NASDAQ,
0001651721,GIPRW,7e87cfd0-ec85-4dfd-87f5-2ab5de5934bf,"GENERATION INCOME PROPERTIES, INC.",NASDAQ,
0000040704,GIS,e2fe0a11-d58e-4b4e-a847-e560fee24a94,GENERAL MILLS INC,NYSE,
0001911545,GITS,a7870e3c-135d-448d-9631-c474423624e7,"Global Interactive Technologies, Inc.",NASDAQ,
0002080019,GIWWU,aed8b184-e8c5-4fe9-801e-1da604441aa9,GigCapital8 Corp.,NASDAQ,
0002098712,GIXXU,3e2cb6d5-9c92-4e7e-9c45-4ae86eed40e3,GigCapital9 Corp.,NASDAQ,
0001343491,GJP,0c035545-19a1-4263-becb-d718e5d4939e,"STRATS(SM) TRUST FOR DOMINION RESOURCES, INC. SECURITIES, SERIES 2005-6",NYSE,
0001357660,GJT,843e0703-08f5-482f-8f59-f334966167d9,"STRATS(SM) Trust for Allstate Corp Securities, Series 2006-3",NYSE,
0001192448,GKOS,d1745e98-0034-42e7-9c69-050157592347,GLAUKOS Corp,NYSE,
0000320335,GL,37ecce71-4bf1-44ea-8157-2bc7f4aefb1c,GLOBE LIFE INC.,NYSE,
0001143513,GLAD,7bf0f545-7ab4-4e78-b072-d47cd693c310,GLADSTONE CAPITAL CORP,NASDAQ,
0001848731,GLAS,43fcb869-9466-4b95-99fe-edf107c485b0,Glass House Brands Inc.,NYSE,
0001835963,GLBE,308c0262-e1a2-4f49-b8c5-499e8f2cbeee,Global-E Online Ltd.,NASDAQ,
0001499780,GLBS,50c34722-d76c-4c14-80cf-e26745937ea5,GLOBUS MARITIME LTD,NASDAQ,
0001222333,GLD,675f7911-9aca-418a-acd5-07cfacb9d32b,SPDR GOLD TRUST,ARCA,
0001538847,GLDG,6999555d-ad35-453f-8037-ea1ea6aa88fc,GoldMining Inc.,AMEX,
0001618181,GLDM,b7fe5390-d746-4830-aedf-b9880865b48d,World Gold Trust,ARCA,
0001908705,GLE,5a536121-a570-471c-ba99-b7c46f709bbf,Global Engine Group Holding Ltd,NASDAQ,
0002091484,GLED,2272e329-e575-4e70-bd1a-e428d93d4947,GalaxyEdge Acquisition Corp,NYSE,
0002057463,GLIBA,afe52a68-441e-46d0-80f4-4fd732f9fbc9,Liberty Capital Corp/NV,NASDAQ,
0001595353,GLMD,6f45aaf0-99ed-463a-b2d1-21054b951c06,Galmed Pharmaceuticals Ltd.,NASDAQ,
0002093507,GLNDW,12ee4b0a-577f-47b0-9f62-72c306c5d8fc,Greenland Energy Co,NASDAQ,
0001207179,GLNG,34b75925-9254-4316-9884-1f1dbeb5b886,GOLAR LNG LTD,NASDAQ,
0001852025,GLNK,c26ef387-34ba-4eab-9a38-e76e3e4210ad,Grayscale Chainlink Trust ETF,ARCA,
0001350869,GLO,d94309d6-302a-4bd8-9380-de81d12d92bd,Clough Global Opportunities Fund,AMEX,
0001557860,GLOB,4f37e9aa-fd90-4dbe-9350-f6b1c337e359,Globant S.A.,NYSE,
0001323468,GLP,247bd843-c9b0-4abc-bc94-162569bb9092,GLOBAL PARTNERS LP,NYSE,
0001575965,GLPI,f5a36600-cca9-408f-b8e4-a7feb73fd15a,"Gaming & Leisure Properties, Inc.",NASDAQ,
0001316463,GLQ,20e45606-1f21-4e22-bd7e-b810bb4fd0a4,Clough Global Equity Fund,AMEX,
0001385613,GLRE,85c7b469-34c8-4db9-abdb-a5bef6011615,"GREENLIGHT CAPITAL RE, LTD.",NASDAQ,
0001799788,GLSI,33da3ea8-2012-4b6d-a36d-134c7c1dfde0,"Greenwich LifeSciences, Inc.",NASDAQ,
0001483386,GLTR,5dd4a602-92e4-4ec3-9f02-23fba7bd6030,abrdn Precious Metals Basket ETF Trust,ARCA,
0001282957,GLU,e5ff1c32-e7ec-4c63-b916-b68647c02a22,GABELLI GLOBAL UTILITY & INCOME TRUST,AMEX,
0001826457,GLUE,41cb00e1-cd2e-423c-baf0-f991e0393a57,"Monte Rosa Therapeutics, Inc.",NASDAQ,
0001288795,GLV,02089d91-6311-40aa-a7b3-27da0746d291,Clough Global Dividend & Income Fund,AMEX,
0000024741,GLW,b3ce91f9-c7b2-4ab2-9a16-57fb17e06294,CORNING INC /NY,NYSE,
0001905920,GLXG,fed3cec3-7c1b-4e0f-8c99-e3a33b4cf4cf,Galaxy Payroll Group Ltd,NASDAQ,
0001859392,GLXY,86328717-62d8-4520-b7de-03bc024c6ba8,Galaxy Digital Inc.,NASDAQ,
0001467858,GM,de5fc535-1cdd-4a57-92ba-ac58a43aed81,General Motors Co,NYSE,
0001434265,GMAB,c73855b5-1e23-4198-9fc2-1092beb5a85e,GENMAB A/S,NASDAQ,
0001326380,GME,9eae922d-8d67-4c40-b6ea-faca9b092b89,GameStop Corp.,NYSE,
0001237831,GMED,7ff7861c-6c64-44d3-8abd-4518a662afed,GLOBUS MEDICAL INC,NYSE,
0001928581,GMEX,ecc92344-5741-40c1-b85b-fa554e628ef8,GMEX Robotics Corp,NASDAQ,
0001913749,GMM,05034ead-5c4a-4d64-a597-8240669c8add,Global Mofy AI Ltd,NASDAQ,
0001898718,GMRS,6ef1a3bf-b0d5-42f8-8e77-ed011f436ddd,GMR Solutions Inc.,NYSE,
0001528356,GNE,7951f1bb-3fce-4e32-8d09-c00dde81b5ef,Genie Energy Ltd.,NYSE,
0001326200,GNK,9b8d8d97-dae1-4879-b816-6d7347266350,GENCO SHIPPING & TRADING LTD,NYSE,
0001526113,GNL,b94e2aa2-2e40-4827-b660-f4d22d59c3d5,"Global Net Lease, Inc.",NYSE,
0001231457,GNLX,87ccc25e-9044-4dd1-95ae-307950999221,GENELUX Corp,NASDAQ,
0001595248,GNPX,b57879d0-4622-4a0d-bc27-c62964d7a6d9,"Genprex, Inc.",NASDAQ,
0001474735,GNRC,d249df15-5475-4218-af2d-9d7b8fc31b73,GENERAC HOLDINGS INC.,NYSE,
0001847806,GNS,1a64f567-1dce-4901-a09c-c7ef97b541d4,Genius Group Ltd,AMEX,
0000924383,GNSS,43e9e60e-6e29-4134-9661-eec1ed3956b2,Genasys Inc.,NASDAQ,
0001438893,GNT,e8fe63aa-0e90-47e3-9be2-0d3ff02994b5,"GAMCO Natural Resources, Gold & Income Trust",NYSE,
0001838716,GNTA,54bd2701-0aac-411f-a544-02dc7c549a8e,Genenta Science S.p.A.,NASDAQ,
0000355811,GNTX,213c5b50-7702-46a5-b99a-46ca89ff632a,GENTEX CORP,NASDAQ,
0001276520,GNW,745eb22d-ae1c-43d5-ac34-dfb2359231b7,GENWORTH FINANCIAL INC,NYSE,
0001771515,GO,40c0990f-da94-46a0-971f-23d05c507b67,Grocery Outlet Holding Corp.,NASDAQ,
0001983736,GOAI,1a2ddc4f-c324-4790-8546-dff4ee4cb411,Eva Live Inc,NASDAQ,
0001380936,GOF,046c426f-16c5-4b03-bad1-473eff257e8e,GUGGENHEIM STRATEGIC OPPORTUNITIES FUND,NYSE,
0001591588,GOLD,59576c8b-25c8-4a3c-8259-4467a3c4330c,"Gold.com, Inc.",NYSE,
0001672013,GOLF,5c3b7def-6871-4d48-8006-9a13b84469c6,Acushnet Holdings Corp.,NYSE,
0001234006,GOOD,3cf06bcb-000a-4c42-9434-22e0ee27e0a2,GLADSTONE COMMERCIAL CORP,NASDAQ,
0001690511,GOOS,97b1348b-b110-4b57-9119-e1c464d93ca3,Canada Goose Holdings Inc.,NYSE,
0001515964,GORO,15fd0061-92f7-4a47-9149-4cedc2575e8d,Goldgroup Mining Inc.,AMEX,
0001728117,GOSS,a0e9ef74-6331-4321-b823-424530d7c354,"Gossamer Bio, Inc.",NASDAQ,
0000832489,GOVX,83ad245b-c489-43a9-81c5-bff426bcc62c,"GeoVax Labs, Inc.",NASDAQ,
0001584547,GP,764f289b-a03b-41a8-9b99-6f4e08baf885,GREENPOWER MOTOR Co INC.,NASDAQ,
0002085408,GPACU,5b7a05e8-7ed8-47a9-8798-d04859d55dea,General Purpose Acquisition Corp.,NASDAQ,
0001834526,GPATU,00f87660-3d84-42c5-8573-a64642ef1141,GP-Act III Acquisition Corp.,NASDAQ,
0000040987,GPC,5ae07a68-48de-4b8e-8105-e50c47689464,GENUINE PARTS CO,NYSE,
0001888886,GPCR,0f34ba0d-5e71-40a0-9df6-85e583577f8b,Structure Therapeutics Inc.,NASDAQ,
0001823144,GPGI,40e5ba89-2547-4ecf-8a49-85e74cb09a4e,"GPGI, Inc.",NYSE,
0001031203,GPI,b1505d46-e64a-4338-be29-cc4ed69e4c4e,GROUP 1 AUTOMOTIVE INC,NYSE,
0001408075,GPK,5073fed7-529f-412b-826f-36b93e40ed4c,GRAPHIC PACKAGING HOLDING CO,NYSE,
0001703644,GPMT,bc38a7a3-7a5b-4f37-8c98-9037a2364ff4,Granite Point Mortgage Trust Inc.,NYSE,
0001123360,GPN,2ae65e45-78f1-448b-b33d-08220c03f317,GLOBAL PAYMENTS INC,NYSE,
0000874499,GPOR,fe452aad-9b15-48c8-9d7c-994658e0f4fd,GULFPORT ENERGY CORP,NYSE,
0001309402,GPRE,1c7c7062-02ce-470c-995d-85d4d4289055,Green Plains Inc.,NASDAQ,
0001464591,GPRK,2f8de4a1-2140-41a3-ab41-11267a24d49e,GeoPark Ltd,NYSE,
0000896493,GPUS,25fbb251-248f-40ff-be31-e333d5cb036c,"Hyperscale Data, Inc.",AMEX,
0001855612,GRABW,2e8e7196-7a73-4157-a19f-8c5060c5cfd8,Grab Holdings Ltd,NASDAQ,
0002027722,GRAN,60751309-463a-488a-b0e1-4df70628f17e,Grande Group Ltd/HK,NASDAQ,
0001373670,GRBK,acfa08a3-08d5-4233-b937-8578aef98c89,"Green Brick Partners, Inc.",NYSE,
0000042682,GRC,598f3362-ea9b-48a2-881d-76df348e12fe,GORMAN RUPP CO,NYSE,
0001444192,GRCE,fc73642c-3634-4c11-b051-8b0ddaf436bb,"Grace Therapeutics, Inc.",NASDAQ,
0001802255,GRDN,9149e90f-1e2c-408f-a15e-62e489bc2d29,"Guardian Pharmacy Services, Inc.",NYSE,
0001604191,GRDX,0d60237b-56f6-4255-9367-11c9dd187c53,GridAI Technologies Corp.,NASDAQ,
0000850027,GRF,7e3d3645-4ec3-4828-9b34-49713420418b,"EAGLE CAPITAL GROWTH FUND, INC.",AMEX,
0001824293,GRI,0d6af1a9-de0c-4a7a-a5b9-4d9d0776e4c6,"GRI Bio, Inc.",NASDAQ,
0001907223,GRMLW,e66bc3fa-c674-4b33-a947-cb85bb417d4a,Greenland Mines Ltd,NASDAQ,
0001121788,GRMN,44ddf865-1d4c-443a-b0a4-d8304a703836,GARMIN LTD,NYSE,
0001820144,GRND,ff105560-7c4c-4db7-b4d3-3edfb13feb7f,Grindr Inc.,NYSE,
0001597846,GRNQ,2b06410a-e475-4b9d-8243-c97773da5f09,Greenpro Capital Corp.,NASDAQ,
0001928446,GRNT,4f30b695-0b53-4ed2-be67-3f04b63f80e0,"Granite Ridge Resources, Inc.",NYSE,
0001472326,GRO,359b0a57-2b3e-4d67-a91f-0f3e8123edce,Brazil Potash Corp.,AMEX,
0001841761,GROV,a2085932-d5a5-48b9-8d21-e630ec59e89e,"Grove Collaborative Holdings, Inc.",NYSE,
0000754811,GROW,e5c35b5a-b7ab-4547-ad07-d69fa0771cb5,U S GLOBAL INVESTORS INC,NASDAQ,
0001834026,GROY,6f4d97bb-6400-443e-bd6a-c932e59da07a,Gold Royalty Corp.,AMEX,
0001490281,GRPN,10a416b5-8ff3-42c6-91be-6d294b816503,"Groupon, Inc.",NASDAQ,
0001903145,GRRRW,17132111-5665-4fc5-88c9-aa51d399a07b,Gorilla Technology Group Inc.,NASDAQ,
0001839799,GRSD,ef80f809-ca09-4c12-97ac-ac7ba086597e,GRANDSTAND Ltd,NASDAQ,
0001604868,GRWG,7f0235b5-ad56-48eb-ad14-0206ff4a1a2f,GrowGeneration Corp.,NASDAQ,
0001391437,GRX,403ba188-20ab-452a-8785-2bd3b80a323e,Gabelli Healthcare & WellnessRx Trust,NYSE,
0000886982,GS,064dd45f-7a58-452c-93f2-377f9a0cc7f2,GOLDMAN SACHS GROUP INC,NYSE,
0001366868,GSAT,1eb1926b-c63e-4cf9-87c8-da45657643fc,"Globalstar, Inc.",NASDAQ,
0000854560,GSBC,ae4d6e6f-c9b9-406d-a27c-267f4a5b5e8b,"GREAT SOUTHERN BANCORP, INC.",NASDAQ,
0001572694,GSBD,1f773ec1-b023-44c6-aa72-6f14e4c849cc,"Goldman Sachs BDC, Inc.",NYSE,
0001332174,GSG,d4747b7f-11ef-4349-af4a-1d8e6ad73cf4,iShares S&P GSCI Commodity-Indexed Trust,ARCA,
0001726978,GSHD,a8b0d9b8-2e73-433e-9c4c-4a180d95e1ec,"Goosehead Insurance, Inc.",NASDAQ,
0002044635,GSHRU,7eddb535-e3a9-46bd-bc2b-eebd7d7b18f6,Gesher Acquisition Corp. II,NASDAQ,
0001126741,GSIT,efbb22d7-0bde-4a11-940d-16bfec11d2b4,GSI TECHNOLOGY INC,NASDAQ,
0001954269,GSIW,a0aff53c-6d47-4616-8c7c-8b77478b4673,Garden Stage Ltd,NASDAQ,
0001430725,GSL,ffbfc4f9-1701-428b-be66-88a0b04cda4a,"Global Ship Lease, Inc.",NYSE,
0001639877,GSM,f2490e70-033d-4352-8b7a-6791b11a0b48,Ferroglobe PLC,NASDAQ,
0001896677,GSOL,812eebd5-8acc-4eef-9702-1c2dc4858ba1,Grayscale Solana Staking ETF,ARCA,
0002072404,GSRFU,509665aa-6547-452c-a2ea-8eb32a616687,GSR IV Acquisition Corp.,NASDAQ,
0002111762,GSRVU,8eda4eb6-87d1-40fe-b785-0f8ac32cbba6,GSR V Acquisition Corp.,NASDAQ,
0002034012,GSUI,7c6b5839-105f-4c7e-b127-291a6b035f5c,Grayscale Sui Staking ETF,ARCA,
0001826376,GSUN,918bb910-b007-4c90-8157-092251f7f84a,Golden Sun Technology Group Ltd.,NASDAQ,
0000042582,GT,48f7f95b-f637-4067-838c-afaee87a2a41,GOODYEAR TIRE & RUBBER CO /OH/,NASDAQ,
0000109657,GTBP,288ababf-9e90-47e3-9cc7-bf4e3b736ff9,"GT Biopharma, Inc.",NASDAQ,
0001273441,GTE,c287b803-4334-42e9-82ea-71e0ae505c5d,GRAN TIERRA ENERGY INC.,AMEX,
0001735041,GTEC,f36b3be4-1a60-4643-9900-b0d19daec3df,Greenland Technologies Holding Corp.,NASDAQ,
0001986817,GTENU,7eba3f64-9622-4132-beb7-08e6255dfa0f,"Gores Holdings X, Inc. / CI",NASDAQ,
0002043766,GTERU,4e96b5b2-603f-4cfc-9fef-6b35f27800b1,Globa Terra Acquisition Corp,NASDAQ,
0001718512,GTES,c98d70a5-8997-4215-bd8e-6dcc5085bde4,Gates Industrial Corp Ltd.,NYSE,
0000825324,GTIM,4f188e1f-1136-4624-b46d-2707e070dffd,Good Times Restaurants Inc.,NASDAQ,
0001794515,GTM,9af49949-bac8-480b-8cbf-d6af7fe632c9,ZoomInfo Technologies Inc.,NASDAQ,
0000043196,GTN,cbdcad03-ed81-4d3d-987d-f7aeef922911,"GRAY MEDIA, INC",NYSE,
0001735707,GTX,ae6ae8f6-bc61-437d-b6a0-c8b5591e960a,Garrett Motion Inc.,NASDAQ,
0001052752,GTY,43d906e8-9de5-4af9-807d-271cb183758b,GETTY REALTY CORP /MD/,NYSE,
0002081515,GUACU,8bb35a62-eaea-470c-96dd-20c4753db2f9,Berto Acquisition Corp. II,NASDAQ,
0001864208,GUG,dcf310a9-da31-4a3f-9193-bc700130a790,Guggenheim Active Allocation Fund,NYSE,
0000885462,GURE,d8b7a5ab-f3a3-4c84-b08e-3b164bf9ab6d,"GULF RESOURCES, INC.",NASDAQ,
0001080720,GUT,61948668-cecd-44f7-adfb-97bfabf13eb8,GABELLI UTILITY TRUST,NYSE,
0001572616,GUTS,8cb3015b-5860-4157-aeba-24e8d5ffbd06,"FRACTYL HEALTH, INC.",NASDAQ,
0001892274,GV,2cd81d4e-4f70-4a8d-aefd-76da175b86ef,Visionary Holdings Inc.,NASDAQ,
0000861459,GVA,34b68c3b-83f2-4a1a-bc20-9f121e5b51ef,GRANITE CONSTRUCTION INC,NYSE,
0001978527,GVH,1a78a762-577f-4b22-9542-e843a19046b8,Globavend Holdings Ltd,NASDAQ,
0001589149,GWAV,910f4cbf-8ccd-4eff-9f52-ad42649bde4d,"Greenwave Technology Solutions, Inc.",NASDAQ,
0001819438,GWH,f73ec676-9f35-49a6-9bc6-ae68eaf4aa06,"ESS Tech, Inc.",NYSE,
0001528396,GWRE,d2a584ce-3b38-4a13-a660-75a591a3e540,"Guidewire Software, Inc.",NYSE,
0001434728,GWRS,272d54c2-76a7-4b48-9711-c3c2e3afcd98,"Global Water Resources, Inc.",NASDAQ,
0000277135,GWW,486a7ad1-ef92-4e1f-a113-3c4a04e29034,"W.W. GRAINGER, INC.",NYSE,
0001895618,GXAI,5d6c1bb7-a83c-408d-bb6e-9605c11d2557,GAXOS.AI INC.,NASDAQ,
0001852244,GXO,87cd3b25-3320-48f7-a71c-0004d08eff5d,"GXO Logistics, Inc.",NYSE,
0002037427,GXRP,063df680-65fc-4263-92e5-460669694456,Grayscale XRP Trust ETF,ARCA,
0002111846,GYGY,95273f63-9ca3-41f7-9f47-0878e7e61748,Game Your Game Inc.,NASDAQ,
0001124105,GYRE,2d04bb59-a37e-4176-8221-06d035bc8d81,"GYRE THERAPEUTICS, INC.",NASDAQ,
0001589061,GYRO,6ca171b7-45e1-4b32-b2ee-cfc63906665f,"Gyrodyne, LLC",NASDAQ,
0001468174,H,ed0a51ca-3877-4ff8-b49b-ff269347c54f,Hyatt Hotels Corp,NYSE,
0002089982,HACQU,5a25380f-9997-4b40-9adf-89d66b93527d,HCM IV Acquisition Corp.,NASDAQ,
0000313143,HAE,fe250856-5aea-46d1-9886-ae61bcfb07b2,HAEMONETICS CORP,NYSE,
0001109242,HAFC,8b5bf71d-415d-47d8-a7e6-e3f881d26066,HANMI FINANCIAL CORP,NASDAQ,
0001815779,HAFN,efeadd56-4ed6-4393-a452-cebbc7688c26,Hafnia Ltd,NYSE,
0000910406,HAIN,79791558-91c6-45f1-af1e-23f07873ac2d,HAIN CELESTIAL GROUP INC,NASDAQ,
0000045012,HAL,14a06c29-cc38-444d-ab21-90198dc0fa18,HALLIBURTON CO,NYSE,
0001159036,HALO,cf8c229e-a8bf-41db-acb7-0b747a79c6fa,"HALOZYME THERAPEUTICS, INC.",NASDAQ,
0001954594,HAO,a371ee39-e26f-4298-bc17-5464d2ca9f54,Haoxi Health Technology Ltd,NASDAQ,
0001409970,HAPN,27d21dd5-38c5-43af-a31e-1b706068687e,"Happen, Inc.",NASDAQ,
0000046080,HAS,c64ec7e1-696c-422f-bca6-240524dc0346,"HASBRO, INC.",NASDAQ,
0001561894,HASI,2449719e-d0d3-4a77-9afe-b9d0c7cea1b0,"HA Sustainable Infrastructure Capital, Inc.",NYSE,
0002042460,HAVAU,dc83740a-996b-403a-b2ae-708799f0dc99,Harvard Ave Acquisition Corp,NASDAQ,
0001750704,HAWK,1894ca0b-c932-473d-89b2-f3f7dd0f2663,"HawkEye 360, Inc.",NYSE,
0001834622,HAYW,539e20f2-48e1-48cd-a39f-f935cddc74a1,"Hayward Holdings, Inc.",NYSE,
0000049196,HBAN,c4e4715c-44f9-4e5a-9663-be3b72e767b8,HUNTINGTON BANCSHARES INC /MD/,NASDAQ,
0001709164,HBB,35aaed3d-592d-42bb-92d6-54210790e8cb,Hamilton Beach Brands Holding Co,NYSE,
0001436425,HBCP,8685f152-f189-4bee-9e0b-d93e248e40ff,"HOME BANCORP, INC.",NASDAQ,
0001123494,HBIO,7c7ce967-62d5-48d9-9f78-6862ab70b18f,HARVARD BIOSCIENCE INC,NASDAQ,
0001322422,HBM,eeb5dcb3-50eb-4721-90bb-bcef09449b29,Hudbay Minerals Inc.,NYSE,
0002054507,HBNB,97a59b1d-6a27-4f5d-958a-ec47ddb6b94c,Hotel101 Global Holdings Corp.,NASDAQ,
0000706129,HBNC,e6facbc5-0ba8-4c40-843f-ef4a6d07c54c,HORIZON BANCORP INC /IN/,NASDAQ,
0000775215,HBT,bb05f61a-daf9-4fff-9e26-e0adaf23fbb0,"HBT Financial, Inc.",NASDAQ,
0000860730,HCA,f99ee8af-9d78-4b46-9f2c-3cf6ce839ccf,"HCA Healthcare, Inc.",NYSE,
0002079013,HCACU,bd1bde12-4f3a-4c3f-b787-9fbf4d09c3d7,Hall Chadwick Acquisition Corp,NASDAQ,
0001958399,HCAI,fd8d7fd6-6614-47c8-a269-205414cc0209,"Huachen AI Parking Management Technology Holding Co., Ltd",NASDAQ,
0001636422,HCAT,ba566cdb-9a39-4491-a27c-a09603a0c568,"Health Catalyst, Inc.",NASDAQ,
0001691303,HCC,2035b2af-210a-4f47-9ed6-1d602019dc20,"WARRIOR MET COAL, INC.",NYSE,
0001400810,HCI,45ca8604-45e7-4a65-bed0-3c28474bcdde,"HCI Group, Inc.",NYSE,
0002099093,HCICU,45fdd59b-2a77-49ae-ac94-5169335cea42,Hennessy Capital Investment Corp. VIII,NASDAQ,
0001057379,HCKT,f5a07021-7dad-455b-96cd-d4189d88f71e,"HACKETT GROUP, INC.",NASDAQ,
0001648257,HCM,507cf964-1d17-4109-a272-1b0d8eb36fed,HUTCHMED (China) Ltd,NASDAQ,
0002069856,HCMAU,90a88858-15c1-4df4-a229-03b974d33217,HCM III ACQUISITION CORP.,NASDAQ,
0000731012,HCSG,362e71ea-0378-496e-b41f-f3abc04e07ca,HEALTHCARE SERVICES GROUP INC,NASDAQ,
0001839285,HCTI,d01b908f-3f63-4572-9f9d-4e7c830f17fc,"Healthcare Triangle, Inc.",NASDAQ,
0001828673,HCWB,8ba721f3-e278-4c49-8939-ac86fc9e8a50,HCW Biologics Inc.,NASDAQ,
0001948864,HCWC,c51c8ff7-3563-4382-bad6-b61c1c579d58,HEALTHY CHOICE WELLNESS CORP.,AMEX,
0000354950,HD,b6b1ea06-5d71-4146-be77-03f671788940,"HOME DEPOT, INC.",NYSE,
0001144967,HDB,890ae963-1fcb-4122-9d89-1d96e5028b5d,HDFC BANK LTD,NYSE,
0001995306,HDL,0bea34fc-bcec-4b3b-ac6a-eeb4ea168227,SUPER HI INTERNATIONAL HOLDING LTD.,NASDAQ,
0002023730,HDRNW,3220a54e-9aca-46e9-aa5c-544fcf3882fc,"Hadron Energy, Inc.",NASDAQ,
0000925528,HDSN,a2ca7b5b-365b-4d7a-937e-ff07bfdba43a,HUDSON TECHNOLOGIES INC /NY,NASDAQ,
0000354707,HE,d88d3dd6-14b6-460c-8dcf-f9a56f03bdcf,HAWAIIAN ELECTRIC INDUSTRIES INC,NYSE,
0000046619,HEI,6fb0da2d-95db-4318-901c-f8ee25825b9e,HEICO CORP,NYSE,
0000916789,HELE,8e54fe74-c623-477c-bfc6-6dd6bf97efe9,HELEN OF TROY LTD,NASDAQ,
0001850235,HEPS,453a3867-0dd0-4e00-860c-06f537a6971e,D-MARKET Electronic Services & Trading,NASDAQ,
0001496749,HEQ,e0ede3fa-7eee-4303-9def-8b7ada764a4c,John Hancock Diversified Income Fund,NYSE,
0000880406,HERZ,6ab56e8b-20f8-4eb3-9334-f49f5ca0f160,"Herzfeld Credit Income Fund, Inc",NASDAQ,
0001500375,HFBL,8b6ac555-a162-49b6-97bf-50f24a5b2c39,"Home Federal Bancorp, Inc. of Louisiana",NASDAQ,
0001680873,HFFG,03c37766-cbda-42fd-9c37-05c46bb85846,HF Foods Group Inc.,NASDAQ,
0001710680,HFRO,99634862-e68c-4ac0-af6b-4da2e3195805,HIGHLAND OPPORTUNITIES & INCOME FUND,NYSE,
0001046025,HFWA,7391ac7d-a2de-48e8-8267-6ad3a51d97c2,HERITAGE FINANCIAL CORP /WA/,NASDAQ,
0001593275,HG,51ae7cef-07e7-4b4c-816b-e3665030879a,"Hamilton Insurance Group, Ltd.",NYSE,
0000849145,HGBL,14764e03-f10e-4320-897c-9d79d5409305,Heritage Global Inc.,NASDAQ,
0001622148,HGLB,43835b95-60f6-48b9-985f-0251d27075f8,HIGHLAND GLOBAL ALLOCATION FUND,NYSE,
0001840776,HGTY,053c672d-ee2a-4344-8907-3ad4d1d1e180,"Hagerty, Inc.",NYSE,
0001674168,HGV,961509c4-722e-4e57-a782-b35cef2bca3b,Hilton Grand Vacations Inc.,NYSE,
0001981792,HHH,7766ba38-96af-43c4-b6b0-5fd6ff7272c6,Howard Hughes Holdings Inc.,NYSE,
0000045919,HHS,44db85f4-aca6-4446-8cb9-2faa6dacc54d,HARTE HANKS INC,NASDAQ,
0000874766,HIG,896c7f7e-0f23-490a-a7db-d68a269642bb,"HARTFORD INSURANCE GROUP, INC.",NYSE,
0001026785,HIHO,cd697360-f1ce-4a5d-950f-29bb5c6cf731,HIGHWAY HOLDINGS LTD,NASDAQ,
0001501585,HII,54ec2f34-daa8-4f4c-a572-e53f2ebfcf12,"HUNTINGTON INGALLS INDUSTRIES, INC.",NYSE,
0001773751,HIMS,7b97d03e-81d8-4d18-95db-835d828faa44,"Hims & Hers Health, Inc.",NYSE,
0001342338,HIMX,278ab94e-04a3-4d15-b00a-287535495939,"Himax Technologies, Inc.",NASDAQ,
0000910068,HIO,640ce58f-a213-4515-9538-5fc87f5f8e1d,WESTERN ASSET HIGH INCOME OPPORTUNITY FUND INC.,NYSE,
0001828105,HIPO,4c23a279-414f-4adc-b6c7-a924eb2a0ba4,Hippo Holdings Inc.,NYSE,
0002019505,HIT,636a6442-de16-4d1c-a373-33f14ad12f27,"Health In Tech, Inc.",NASDAQ,
0001847409,HITI,a97e9e67-a0cd-4764-9934-0c251b72c045,High Tide Inc.,NASDAQ,
0001720424,HIVE,7c02602a-afe0-4a02-81c4-f39ab5e15cfe,HIVE Digital Technologies Ltd.,NASDAQ,
0000921082,HIW,167a671c-51bf-4b28-bad3-e5a85b7425a0,"HIGHWOODS PROPERTIES, INC.",NYSE,
0001058239,HIX,3b828980-f36d-4472-b4de-59c566453c33,WESTERN ASSET HIGH INCOME FUND II INC.,NYSE,
0001742341,HKIT,e9aa9da7-bcde-4611-9421-adb1dbfdfe7f,HiTek Global Inc.,NASDAQ,
0002007702,HKPD,1c1d1142-aa73-4bcb-aefd-a7e68a2e2867,"Cellyan Biotechnology Co., Ltd",NASDAQ,
0000719413,HL,b93c37d4-b4b6-472a-9e64-966bfe39aa24,HECLA MINING CO/DE/,NYSE,
0001180262,HLF,1d402214-fe23-47cc-ab78-75151d2fcc88,HERBALIFE LTD.,NYSE,
0001302215,HLI,a3d1bad4-49a3-4225-879b-8826f2b8aadc,"HOULIHAN LOKEY, INC.",NYSE,
0001024795,HLIO,cad0b0ee-ee64-41cd-9837-ac936067884b,"HELIOS TECHNOLOGIES, INC.",NYSE,
0000851310,HLIT,bfadde62-f7f3-41cc-972e-56fb6357e080,HARMONIC INC.,NASDAQ,
0001822928,HLLY,6f77438b-1f71-4ce8-83ed-b74c24c5bcb0,Holley Inc.,NYSE,
0001822492,HLMN,14ba51f3-5c47-4eec-9805-16aafa29f17e,Hillman Solutions Corp.,NASDAQ,
0001433642,HLNE,d21096a6-74f9-4b78-8c09-5915650948c8,Hamilton Lane INC,NASDAQ,
0001855557,HLP,6f3473bf-ff62-43db-bee6-b84446e6577a,Hongli Group Inc.,NASDAQ,
0001585689,HLT,072e0811-8f84-4acc-bc3b-95761ea08dd6,Hilton Worldwide Holdings Inc.,NYSE,
0000866829,HLX,26f508e4-cedb-4b65-bc98-d1fd46e18f20,HELIX ENERGY SOLUTIONS GROUP INC,NYSE,
0002099656,HLXC,4e73af24-0892-4dd3-b8ca-da5280f43c42,Helix Acquisition Corp. III,NASDAQ,
0000850141,HMN,3595a528-7e62-4543-9894-c5e203390368,HORACE MANN EDUCATORS CORP /DE/,NYSE,
0002029471,HMR,81dd6c73-4678-47c5-ad36-c9f20f03bf5d,Heidmar Maritime Holdings Corp.,NASDAQ,
0001023514,HMY,b638bfcc-44c7-4341-946d-0a7d8f3a7a7b,HARMONY GOLD MINING CO LTD,NYSE,
0001673743,HNGE,8d2d1ab8-f4ac-479a-8fa2-76ef071a0add,"Hinge Health, Inc.",NYSE,
0000048287,HNI,027bb1ed-fdec-4c85-843c-63825081ff2e,HNI CORP,NYSE,
0001145255,HNNA,b3ba020a-b9db-4a1d-9ef2-91eb3769b494,HENNESSY ADVISORS INC,NASDAQ,
0000788965,HNRG,40471112-f1fc-42c8-a3cf-7aec0295494e,HALLADOR ENERGY CO,NASDAQ,
0001828588,HNVR,0b1ef3ea-0b77-430d-ae9b-0b6814e5b5de,"Hanover Bancorp, Inc. /MD",NASDAQ,
0001903595,HODO,b5c612c8-1f7a-4468-883f-f35d432ce719,House of Doge Inc.,NASDAQ,
0001077688,HOFT,0fe37a1a-a8f8-41ae-babb-0cbd12f8baa2,HOOKER FURNISHINGS Corp,NASDAQ,
0000793952,HOG,abedb6e6-42eb-4a23-aa05-05ce6500b503,"HARLEY-DAVIDSON, INC.",NYSE,
0001841209,HOLOW,6d2352fc-4a14-4e25-a05d-696bcc382f33,MicroCloud Hologram Inc.,NASDAQ,
0001331520,HOMB,9d9064c0-bd7e-4d95-bf45-1f81ce7a5687,HOME BANCSHARES INC,NYSE,
0000773840,HON,4d463097-3a48-4120-a2ec-d9a4b68302a9,HONEYWELL INTERNATIONAL INC,NASDAQ,
0002089271,HONA,9c488e0d-5ece-4791-b920-f66aa506b7ce,Honeywell Aerospace Inc.,NASDAQ,
0001783879,HOOD,c6e72c57-a1a9-4e4b-a7d0-029160f8bd64,"Robinhood Markets, Inc.",NASDAQ,
0001128361,HOPE,60afc16f-591b-466e-bcd4-407768ed03f5,HOPE BANCORP INC,NASDAQ,
0001874875,HOUR,6f599f9d-fc91-4269-af81-b60244882887,"Hour Loop, Inc",NASDAQ,
0000357294,HOV,e6b44f6c-300f-4fe2-b0bd-ef70dea998b5,HOVNANIAN ENTERPRISES INC,NYSE,
0001930021,HOVRW,d79102de-2cb2-404b-936b-956069132768,New Horizon Aircraft Ltd.,NASDAQ,
0001785530,HOWL,10a8f062-e5db-48ff-a012-6e7bd7625dd8,"Werewolf Therapeutics, Inc.",NASDAQ,
0000046765,HP,c989aafd-f5d1-4239-aefc-d431a8edc3e9,"Helmerich & Payne, Inc.",NYSE,
0002001699,HPAIW,1b31ae94-035c-4bc8-b556-db10ce587113,Helport AI Ltd,NASDAQ,
0001645590,HPE,03a4498a-78b3-4043-8dcb-2c3cf4dc352e,Hewlett Packard Enterprise Co,NYSE,
0001189740,HPF,2928571f-1578-42a7-b91d-b86ba2887c93,JOHN HANCOCK PREFERRED INCOME FUND II,NYSE,
0001176199,HPI,6328ad07-7452-45f1-8d7d-3e448578898c,JOHN HANCOCK PREFERRED INCOME FUND,NYSE,
0001792849,HPK,921df7a6-7e72-490e-a6b8-2c344ffd81d0,"HighPeak Energy, Inc.",NASDAQ,
0001482512,HPP,afc55b44-f46d-4e62-b405-b898eb8cac0e,"Hudson Pacific Properties, Inc.",NYSE,
0000047217,HPQ,8e341794-40b2-4509-bca8-c7b6fc49eb96,HP INC,NYSE,
0001215913,HPS,6c5cfd30-1da7-4908-b2ed-ccaca6053fd4,JOHN HANCOCK PREFERRED INCOME FUND III,NYSE,
0000805267,HQH,53d37ab0-a65e-4845-a492-b79225a9b7da,abrdn Healthcare Investors,NYSE,
0001140102,HQI,6635d670-8c36-4117-b0ea-5c0f1fb67a41,"HireQuest, Inc.",NASDAQ,
0000884121,HQL,7cc2e9e2-506d-45f9-9781-ee6bcc0700c3,abrdn Life Sciences Investors,NYSE,
0002088256,HQWWW,888071da-6e33-448c-a093-f0a8c431f097,Horizon Quantum Holdings Ltd.,NASDAQ,
0001428336,HQY,07eb5dee-3d16-4230-901d-1b6aafa37e81,"HEALTHEQUITY, INC.",NASDAQ,
0001360604,HR,b6478b5c-7672-4067-b354-d381ddb277ed,Healthcare Realty Trust Inc,NYSE,
0000012659,HRB,182e27d9-b7da-46fb-a666-3f373c71ff29,H&R BLOCK INC,NYSE,
0001364479,HRI,0be201ab-6fa1-4c1b-b211-d0113db81908,HERC HOLDINGS INC,NYSE,
0000048465,HRL,9d965268-d529-4b57-b211-b544310f1b30,HORMEL FOODS CORP /DE/,NYSE,
0001802665,HRMY,1cc5ef65-cd24-4a3b-aae8-e837a7c6217c,"Harmony Biosciences Holdings, Inc.",NASDAQ,
0001360214,HROW,203aecd1-b60d-40de-af17-575eba066cc0,"HARROW, INC.",NASDAQ,
0001598665,HRTG,d33de84a-5061-4829-af77-6ce19eee7b93,"Heritage Insurance Holdings, Inc.",NYSE,
0000818033,HRTX,8f0d5578-d6e9-4711-bfba-26c4fd859aa4,"HERON THERAPEUTICS, INC. /DE/",NASDAQ,
0001487428,HRZN,dffd147e-9b06-4bbd-839d-fd6950803490,Horizon Technology Finance Corp,NASDAQ,
0001089113,HSBC,0480660f-0584-4705-b421-25359177b2c9,HSBC HOLDINGS PLC,NYSE,
0001468492,HSCSW,624ae330-76db-456e-a08a-34a5421d8162,HeartSciences Inc.,NASDAQ,
0001959455,HSHP,7e12e4d7-267b-4522-963a-b00e85c73e01,Himalaya Shipping Ltd.,NYSE,
0001000228,HSIC,1bb0e1f2-1967-4b8d-8f98-30af6505cc6a,HENRY SCHEIN INC,NASDAQ,
0002013223,HSLV,508e3be1-7553-4a2b-8e0f-7f63f5596631,Highlander Silver Corp.,AMEX,
0001070750,HST,8c16ddb4-4722-4c02-848d-e9f022ae0c35,"HOST HOTELS & RESORTS, INC.",NASDAQ,
0001095565,HSTM,7218c523-1b5e-4066-8e14-fd3514ca6550,HEALTHSTREAM INC,NASDAQ,
0000047111,HSY,d8b2fc19-67b0-4dc4-b84e-648aeced6b96,HERSHEY CO,NYSE,
0001538263,HTB,3c88acea-d9f1-45e8-83b3-31ae5a69f3d9,"HomeTrust Bancshares, Inc.",NYSE,
0001928948,HTCO,cbbb8a86-059e-4b0c-914c-e0f119a4e7cd,High-Trend International Group,NASDAQ,
0001892322,HTCR,fe7cd49e-f93f-4386-8d44-09545fd7baff,"HeartCore Enterprises, Inc.",NASDAQ,
0001260041,HTD,7b3179de-0ec8-4ea8-9d1e-a2d945830e84,JOHN HANCOCK TAX-ADVANTAGED DIVIDEND INCOME FUND,NYSE,
0001464521,HTFL,90487c5a-7253-4881-8036-5e5fdaf43c31,"Heartflow, Inc.",NASDAQ,
0001280784,HTGC,7cb4bbb5-a1f9-4e02-992b-8955673a4b9e,"Hercules Capital, Inc.",NYSE,
0001265131,HTH,e2abc685-a5be-4cb4-a4d7-d55384343849,Hilltop Holdings Inc.,NYSE,
0001483994,HTHT,4bcfbbdd-f0bc-4801-b28c-2004620c0342,H World Group Ltd,NASDAQ,
0000799233,HTLD,b97899d2-e1a0-493b-83a3-3287c45a8dcd,HEARTLAND EXPRESS INC,NASDAQ,
0002023153,HTLM,a9a195b7-20cb-4641-9eeb-41544e1f3274,HomesToLife Ltd,NASDAQ,
0000766829,HTO,05205ab4-56e0-4998-9a89-c68589800c43,H2O AMERICA,NASDAQ,
0001819794,HTOO,659e0cf3-48f4-480c-a3dd-e7e3a3b6c69c,Fusion Fuel Green PLC,NASDAQ,
0001692705,HTT,a4447cf9-9adb-48f2-b71d-68508c3bd7bf,High Templar Tech Ltd,NYSE,
0001657853,HTZWW,1ff1e336-da40-44ca-89b4-43783023ebb4,"HERTZ GLOBAL HOLDINGS, INC",NASDAQ,
0000048898,HUBB,dbed894a-1189-413b-9825-112179cd244e,HUBBELL INC,NYSE,
0001905660,HUBCZ,54083c58-3749-4153-9666-9bd387c91a4f,Hub Cyber Security Ltd.,NASDAQ,
0001404655,HUBS,3d72d152-26f1-46de-9dcc-21133608e633,HUBSPOT INC,NYSE,
0001791725,HUDI,2c93ee4b-2f14-44c8-88f6-6d5de316eb24,"Huadi International Group Co., Ltd.",NASDAQ,
0001945415,HUHU,60fb3906-913b-4a94-b39d-907ddc5fefdb,HUHUTECH International Group Inc.,NASDAQ,
0000049071,HUM,5acb47e5-91b2-4c34-becd-a320436890d7,HUMANA INC,NYSE,
0001818382,HUMAW,86fddaf4-284b-4d91-ad07-37ac9ff00e5c,"Humacyte, Inc.",NASDAQ,
0001307954,HUN,3c2bf1d7-b933-4aa3-924c-721761587b8c,Huntsman CORP,NYSE,
0001498382,HURA,91f9fdf9-2904-4a4c-85c7-a0d7ac396506,"TuHURA Biosciences, Inc./NV",NASDAQ,
0000315374,HURC,991bfee9-c772-4be1-8f2f-ef632fe77fc2,HURCO COMPANIES INC,NASDAQ,
0001289848,HURN,7b17fe5a-6178-4361-9c41-caf5cffe8023,Huron Consulting Group Inc.,NASDAQ,
0001728190,HUYA,1fac96ba-916a-46a7-9d4b-3887a65cd85b,HUYA Inc.,NYSE,
0001846416,HVIIU,5747a956-179a-4079-aff6-85b33e2ee27e,Hennessy Capital Investment Corp. VII,NASDAQ,
0002070602,HVMCU,1ed30b16-b625-41a3-b9f0-b1ba29956164,Highview Merger Corp.,NASDAQ,
0000216085,HVT,a2f0b483-9841-433c-b2ec-9cf1b96c0955,HAVERTY FURNITURE COMPANIES INC,NYSE,
0000893847,HWBK,e24c0960-48d9-4af6-a086-308cef267807,"HAWTHORN BANCSHARES, INC.",NASDAQ,
0000750577,HWC,9df69cac-8319-490a-90dc-bdf3284562b1,HANCOCK WHITNEY CORP,NASDAQ,
0001897245,HWH,3d0ef4b9-a15c-469a-9fd6-be7e13521eb5,HWH International Inc.,NASDAQ,
0000046250,HWKN,56fc5b66-ec11-465b-8bba-0b3df021f21e,HAWKINS INC,NASDAQ,
0000004281,HWM,6f9bf0b0-4114-495f-87e4-720b2db3772a,Howmet Aerospace Inc.,NYSE,
0000717605,HXL,b46261d6-f3ae-4c1a-93f5-3696f1aad798,HEXCEL CORP /DE/,NYSE,
0001173514,HY,6bced4a9-151d-4db2-bff5-6b091c82614a,"HYSTER-YALE, INC.",NYSE,
0001695295,HYFM,243c2202-b379-47b5-bb86-0550f29e83a2,"HYDROFARM HOLDINGS GROUP, INC.",NASDAQ,
0001715925,HYFT,2ad65104-fab1-422c-858d-7f5e820af78a,MindWalk Holdings Corp.,NASDAQ,
0001497186,HYI,7e88f506-bdb6-4dd5-be92-4e211136df56,Western Asset High Yield Opportunity Fund Inc.,NYSE,
0001759631,HYLN,bdd92f60-1435-4c9e-897a-462109900cda,Hyliion Holdings Corp.,AMEX,
0001718405,HYMC,ab5fc90d-223d-4908-9d1e-d1a19d5eab5f,HYCROFT MINING HOLDING CORP,NASDAQ,
0002073153,HYNE,81a502a8-59bc-4117-b0a4-d16008fcee57,"Hoyne Bancorp, Inc.",NASDAQ,
0001682639,HYPD,2f51e471-0f5b-41a2-8343-3dc929d57be7,"HYPERION DEFI, INC.",NASDAQ,
0002107730,HYPG,48f2442f-956a-4e15-b1f0-ab2f8fd0e44e,Grayscale Hyperliquid Staking ETF,NASDAQ,
0001222401,HYT,7556f641-dc76-481c-9ca3-40bbe6eb3f38,"BLACKROCK CORPORATE HIGH YIELD FUND, INC.",NYSE,
0001057060,HZO,340703b5-a2f5-4497-9910-864d6526c517,MARINEMAX INC,NYSE,
0002091176,IACOU,7fabe8f3-93f4-47e6-845f-14108997e752,Idea Acquisition Corp.,NASDAQ,
0002122505,IACQU,7674a3bf-ce04-40cb-954e-5c4bed7d37b0,Irenic Acquisition Corp.,NASDAQ,
0001385632,IAE,f5067d1a-a4b3-4617-a3f4-cf609b630d28,Voya Asia Pacific High Dividend Equity Income Fund,NYSE,
0000779336,IAF,0c9c1641-93c3-4628-b3b9-4f7f4f9cdb45,"ABRDN AUSTRALIA EQUITY FUND, INC.",AMEX,
0001203464,IAG,150eccc9-d174-41cc-8ec3-0184d37a95d9,IAMGOLD CORP,NYSE,
0000917520,IART,3e0d60d8-8bde-46f6-8ebf-3950efe109ba,INTEGRA LIFESCIENCES HOLDINGS CORP,NASDAQ,
0001278680,IAU,dc4892e7-d1d2-428f-a9a5-e44c7f4c09aa,ISHARES GOLD TRUST,ARCA,
0001759124,IAUM,a8e3107c-0bf1-4037-b4d7-461b89656e07,iShares Gold Trust Micro,ARCA,
0001853962,IAUX,f5ad39b0-6c22-4eee-8954-00f700e63dfe,i-80 Gold Corp.,AMEX,
0001998781,IBACR,946248de-0670-44a0-b586-c458b031b97e,IB Acquisition Corp.,NASDAQ,
0000039311,IBCP,e5e4bdb5-3ea6-4591-92ff-f1c949c6baf1,INDEPENDENT BANK CORP /MI/,NASDAQ,
0001924482,IBG,fc63444a-4833-4b25-8c35-75d2b6f184d7,Innovation Beverage Group Ltd,NASDAQ,
0001980994,IBIT,55f8cb69-98de-495f-a8a2-85b1edccb18d,iShares Bitcoin Trust ETF,NASDAQ,
0001381197,IBKR,a2d428df-103b-4db0-b0b0-6d2c826b840c,"Interactive Brokers Group, Inc.",NASDAQ,
0000051143,IBM,21d40833-6d13-4031-9af3-02f6a516d791,INTERNATIONAL BUSINESS MACHINES CORP,NYSE,
0001103838,IBN,d4c735dd-ab6a-4f96-ad59-fc2e2dbff6c9,ICICI BANK LTD,NYSE,
0001834105,IBO,9c80f3ba-b361-4f55-ac30-1c5f8634957b,IMPACT BIOMEDICAL INC.,AMEX,
0000315709,IBOC,433fe47d-404d-41c7-a9f5-da4121d4dbec,INTERNATIONAL BANCSHARES CORP,NASDAQ,
0001580905,IBP,a8b4dec1-56c4-4e91-9d6d-12ef6686dbef,"Installed Building Products, Inc.",NYSE,
0001326110,IBRX,3222baed-3cad-4c7c-9211-1403bf3df74b,"ImmunityBio, Inc.",NASDAQ,
0001538379,IBTA,8536ce46-9ded-45f3-805f-f103a1d1419f,"Ibotta, Inc.",NYSE,
0000811641,ICCC,17377842-32df-4521-9662-387a2347c228,IMMUCELL CORP /DE/,NASDAQ,
0001584371,ICCM,cf45f525-2abd-4b31-b0c6-b07c2f8c1da4,IceCure Medical Ltd.,NASDAQ,
0001571949,ICE,dab97681-1775-47b8-922a-d23a4e50744d,"Intercontinental Exchange, Inc.",NYSE,
0001362004,ICFI,13b453f0-6bdb-4222-b546-5fafc2a06581,"ICF International, Inc.",NASDAQ,
0001895597,ICG,de81e965-ffcf-437a-8d9c-6a4beda7dba9,Intchains Group Ltd,NASDAQ,
0000941221,ICL,0553a09c-751c-46ed-83ce-57361f86393d,ICL Group Ltd.,NYSE,
0001578348,ICMB,851400f8-d968-4d40-9a19-fc3b3ef4cff1,"Investcorp Credit Management BDC, Inc.",NASDAQ,
0001995574,ICON,d0169b9c-1b17-4af8-81db-4e50502c1f6c,Icon Energy Corp,NASDAQ,
0001831868,ICUCW,0fea8cb4-65cd-4953-ba6d-54590131eaab,SeaStar Medical Holding Corp,NASDAQ,
0000883984,ICUI,90d7fcbe-1555-4f31-ac76-763c51709c73,ICU MEDICAL INC/DE,NASDAQ,
0001057877,IDA,bcf0d0ce-a6d3-4cd0-964b-caa3365e09fc,IDACORP INC,NYSE,
0002090441,IDACU,fdf937f7-6d08-4ea8-b751-93fe219ecdd8,Iron Dome Acquisition I Corp.,NASDAQ,
0001405495,IDCC,480d7cc5-cf35-42c9-9bd9-a35940b2ae67,"InterDigital, Inc.",NASDAQ,
0001417802,IDE,696535fb-92fc-4712-8419-d1ed59b85ced,"Voya Infrastructure, Industrials & Materials Fund",NYSE,
0001040896,IDN,65415f0f-4e97-440d-a795-25c5bf04a546,"Intellicheck, Inc.",NASDAQ,
0001030192,IDR,7e91534f-ac22-45a8-b884-889e18325475,"Idaho Strategic Resources, Inc.",AMEX,
0000874716,IDXX,3988b92e-b5ee-449e-a83a-a04bbdf18cff,IDEXX LABORATORIES INC /DE,NASDAQ,
0001676725,IDYA,f792de6d-9633-4327-b29e-3ae13bd3ab02,"IDEAYA Biosciences, Inc.",NASDAQ,
0001879016,IE,6624ee33-4c25-495b-acb5-c9b1467a0cf0,Ivanhoe Electric Inc.,AMEX,
0002084396,IEAGU,3d91e3a9-5a4a-4f5d-9594-c496818c1a43,Infinite Eagle Acquisition Corp.,NASDAQ,
0000813762,IEP,92fedb4c-d069-4c47-85b4-a70614ce0d19,ICAHN ENTERPRISES L.P.,NASDAQ,
0000832101,IEX,f56cfba3-833e-4ed2-95cc-a8f8756664fa,IDEX CORP /DE/,NYSE,
0001815566,IFBD,e2406e70-cb14-4414-ac3c-faca60013d47,"Infobird Co., Ltd",NASDAQ,
0000051253,IFF,c6c4b6a0-fd62-44b4-8e16-4dd9b31b71ba,INTERNATIONAL FLAVORS & FRAGRANCES INC,NYSE,
0000917100,IFN,53340832-b974-4a3e-8918-518463d22b78,"ABERDEEN INDIA FUND, INC.",NYSE,
0001708688,IFRX,b5bc7fe2-7490-472b-972a-480e20d623dc,InflaRx N.V.,NASDAQ,
0001615903,IFS,3e959eb5-2b11-46e8-a916-8ce0f839c4d9,Intercorp Financial Services Inc.,NYSE,
0001332943,IGA,f6d3b98d-9ad5-47f9-b162-4121753ad555,Voya Global Advantage & Premium Opportunity Fund,NYSE,
0002075068,IGACU,f1b25b6c-cd5c-44de-b5c8-a359ca4aac7d,Invest Green Acquisition Corp,NASDAQ,
0001326205,IGC,1b94de92-056b-4e8a-b099-2f188eb25e9c,"IGC Pharma, Inc.",AMEX,
0001285890,IGD,d0aa5aed-eb58-4ecb-9129-e269cd278c0f,Voya GLOBAL EQUITY DIVIDEND & PREMIUM OPPORTUNITY FUND,NYSE,
0001462586,IGI,a246e4a7-1f39-47c5-a73a-0d7a007a5b21,Western Asset Investment Grade Opportunity Trust Inc.,NYSE,
0001794338,IGIC,71b8debb-e8db-4dbd-a39b-54027b7f3435,International General Insurance Holdings Ltd.,NASDAQ,
0001268884,IGR,49403ec3-7b76-4eb8-83a9-da7d33572526,CBRE GLOBAL REAL ESTATE INCOME FUND,NYSE,
0001496292,IHD,059c4266-c71a-4c96-b7d4-a53bf7ecedff,Voya Emerging Markets High Dividend Equity Fund,NYSE,
0000858446,IHG,f912d405-d0dd-49ec-99ff-60a8f6e1983f,INTERCONTINENTAL HOTELS GROUP PLC /NEW/,NYSE,
0001876183,IHS,c4a54fd2-e096-41f2-a109-6d588a6a996e,IHS Holding Ltd,NYSE,
0000082473,IHT,91981b8f-2490-431b-84ab-3e16a1c3ae01,INNSUITES HOSPITALITY TRUST,AMEX,
0000916618,IIF,537d20af-4f4a-4586-be31-a547d3dad788,"MORGAN STANLEY INDIA INVESTMENT FUND, INC.",NYSE,
0001371489,III,22e64cf8-33b7-4b0f-873a-e3f761f7d4ab,Information Services Group Inc.,NASDAQ,
0000764401,IIIN,99c4bf7f-be08-4ae6-8283-d7ecb38a082c,INSTEEL INDUSTRIES INC,NYSE,
0001728688,IIIV,ae995c81-adcc-452d-b35c-7f8b1709da8d,"i3 Verticals, Inc.",NASDAQ,
0000885601,IIM,01e9bdb4-a483-4f58-959a-4a72493e82f7,Invesco Value Municipal Income Trust,NYSE,
0001677576,IIPR,3add4242-dda2-4eb4-84b4-13575bfcac24,INNOVATIVE INDUSTRIAL PROPERTIES INC,NYSE,
0001750149,IKT,dbfa6fc5-d858-4e5d-8858-f376a557d238,"Inhibikase Therapeutics, Inc.",NASDAQ,
0001814963,ILAG,7d883ac2-a75f-421f-9405-36317c44a515,Intelligent Living Application Group Inc.,NASDAQ,
0001769624,ILLRW,09d40c59-fa8e-4b96-97b5-9c6b0251635c,Triller Group Inc.,NASDAQ,
0002101135,ILLUU,3492c5d0-26ff-4f14-80bc-6db01fa63e34,Illumination Acquisition Corp. I,NASDAQ,
0001110803,ILMN,77832354-b542-4769-b168-1ee930e2d2e9,"ILLUMINA, INC.",NASDAQ,
0001717307,ILPT,055439d4-6575-4098-adf2-c8e8223e9ae5,Industrial Logistics Properties Trust,NASDAQ,
0001835579,IMA,2be5f802-f71f-4dd9-9c74-dd4496790ce0,"ImageneBio, Inc.",NASDAQ,
0000921582,IMAX,cb808a27-c15f-42e2-b2ee-a83a35b2593f,IMAX CORP,NYSE,
0002098395,IMC,03b42d7f-e5b7-40c5-b125-fe936734a90b,IMC Rare Earths Ltd,AMEX,
0001792030,IMCC,b477ed9a-3198-4440-9906-167fcc46b728,IM Cannabis Corp.,NASDAQ,
0001642380,IMDX,0931d5f6-e4bf-474c-b280-68b55782b25e,Insight Molecular Diagnostics Inc.,NASDAQ,
0000050493,IMKTA,62cb96c2-39ce-4b91-8b6b-87ffb9b91a65,INGLES MARKETS INC,NASDAQ,
0001058811,IMMR,f1810a70-b620-4f07-bc3f-40712dbd92bd,IMMERSION CORP,NASDAQ,
0001873835,IMMX,b3366efb-20a2-42ad-a8d3-2443b3410fb6,"Immix Biopharma, Inc.",NASDAQ,
0001472012,IMNM,961bc1ba-1230-4cb7-9ca5-7f95b37eb044,Immunome Inc.,NASDAQ,
0000749647,IMNN,5de2d113-b8e3-47bd-954b-d9e5ff4faa49,"Imunon, Inc.",NASDAQ,
0000049938,IMO,b90ce60d-1bd2-420b-a47d-6ff05954809f,IMPERIAL OIL LTD,AMEX,
0001123134,IMOS,8f3af544-0e01-4588-9f2c-62f24383e51a,CHIPMOS TECHNOLOGIES INC,NASDAQ,
0001876581,IMPP,5d8d5cc0-20d0-43a8-996c-16a9d95be558,Imperial Petroleum Inc./Marshall Islands,NASDAQ,
0001790340,IMRX,37cf7c99-3089-4064-b145-bfb7a230a294,Immuneering Corp,NASDAQ,
0002019804,IMSRW,26252a98-6eeb-433e-b47b-adffb78c7304,Terrestrial Energy Inc. /DE/,NASDAQ,
0001668438,IMTE,928d0036-0697-442a-ab7c-0790aea51123,Integrated Media Technology Ltd,NASDAQ,
0001809196,IMTX,d1cda48a-d89f-4602-82ab-f03b231422d7,Immatics N.V.,NASDAQ,
0001280776,IMUX,efe422e8-0a83-4bda-9bd5-a1299b6cdfaf,"IMMUNIC, INC.",NASDAQ,
0001764013,IMVT,c9772752-4a8d-4f56-b6ee-be0d6911dc2e,"Immunovant, Inc.",NASDAQ,
0001683695,IMXI,772cb526-4c77-460a-8835-5947e94c0bd9,"International Money Express, Inc.",NASDAQ,
0001740279,INAB,0cfeeea4-612d-470e-8c46-853acddfdcdd,"IN8BIO, INC.",NASDAQ,
0002063816,INACU,e00a160b-c964-4435-ac78-dcd193f4bc9a,Indigo Acquisition Corp.,NASDAQ,
0001562463,INBK,513f94f8-ef6a-4faf-be39-d27c6eb8121c,First Internet Bancorp,NASDAQ,
0001725430,INBS,93031206-3c64-47df-8f54-2f6a0beec7eb,INTELLIGENT BIO SOLUTIONS INC.,NASDAQ,
0002007919,INBX,5ef3cff6-0d4b-4643-91c2-362f372ab67a,"Inhibrx Biosciences, Inc.",NASDAQ,
0001857030,INCR,a5e4c919-09ed-41bd-a653-416f6ef2ffc3,Intercure Ltd.,NASDAQ,
0000879169,INCY,460d5fb3-ed90-48a1-b0d7-276f08f617f5,INCYTE CORP,NASDAQ,
0000776901,INDB,034e2e67-e61e-480b-a7f6-82a7b9ac6363,INDEPENDENT BANK CORP,NASDAQ,
0001841925,INDI,42139007-0e89-4268-a196-feaf487aee5d,"indie Semiconductor, Inc.",NASDAQ,
0001757840,INDO,d0b32ebc-144b-4f7b-90ad-5f3ae3de4f24,Indonesia Energy Corp Ltd,AMEX,
0001857044,INDP,edf2858d-98ec-4c46-b87e-ebbddc0d8949,"Indaptus Therapeutics, Inc.",NASDAQ,
0001625297,INDV,9a94b088-e05b-4218-a017-80abb518b10b,"Indivior Pharmaceuticals, Inc.",NASDAQ,
0002007825,INFQ,50f6ad08-4230-4309-bca8-8547877946ea,"Infleqtion, Inc.",NYSE,
0001337013,INFU,e10bff2e-252f-4aef-b8c2-2d1d55c22109,"InfuSystem Holdings, Inc",AMEX,
0001897762,INGM,facd63f5-5f40-42c2-befd-5a842ecb6a4a,Ingram Micro Holding Corp,NYSE,
0001294133,INGN,74ca1612-339e-4a36-93fc-1e6d2975d6b7,Inogen Inc,NASDAQ,
0001046257,INGR,d63f9fea-b582-40db-b75f-0329224436df,Ingredion Inc,NYSE,
0002109150,INIO,3d432774-56c6-44b4-8a5a-9f0c691bd19b,INNIO N.V.,NASDAQ,
0001840229,INKT,31440ac9-96e9-486c-9df5-3e5d8505f4ea,"MiNK Therapeutics, Inc.",NASDAQ,
0001081745,INLX,c60ea4e3-025e-49c5-98c4-96c59485b36f,"INTELLINETICS, INC.",AMEX,
0001728328,INM,e90ebde8-adc2-4bdc-adba-5c073c28e529,InMed Pharmaceuticals Inc.,NASDAQ,
0001711754,INMB,cdd902be-e094-4ac2-b777-7a33417b32bd,"Inmune Bio, Inc.",NASDAQ,
0001497645,INN,b00ca7c2-eebd-416e-8c49-2119cfc30e66,"Summit Hotel Properties, Inc.",NYSE,
0001834376,INNV,d31925e3-89b5-402b-944c-7a9ab2906f9e,InnovAge Holding Corp.,NASDAQ,
0001055726,INO,8dee1cf3-3ea9-4a3f-ab78-d309011702cd,"INOVIO PHARMACEUTICALS, INC.",NASDAQ,
0000903651,INOD,bba79d26-e6b2-4507-8fa7-20634072d7bf,INNODATA INC,NASDAQ,
0002029118,INR,b9a5d4c8-ccba-4895-be2a-64068b46a52b,"INFINITY NATURAL RESOURCES, INC.",NYSE,
0001615063,INSE,2ce275bf-8824-45c4-b3e2-201f39762293,"Inspired Entertainment, Inc.",NASDAQ,
0001022652,INSG,1ca8472b-59e5-406f-99c4-227c76412961,INSEEGO CORP.,NASDAQ,
0001104506,INSM,ca508e2e-ebcd-443a-9b9c-15aa4d3f2b53,INSMED Inc,NASDAQ,
0001609550,INSP,23056aeb-fbe7-476b-9852-5ccdb3dcbb2c,"Inspire Medical Systems, Inc.",NYSE,
0001679049,INSW,2127d391-f7d2-4477-b324-582508be826f,"International Seaways, Inc.",NYSE,
0001565687,INTA,e6c2fc99-a0e9-448d-8b30-ab1e3d93e760,"Intapp, Inc.",NASDAQ,
0000069422,INTG,49da38c2-8db2-4943-adb4-e054d6d10d2a,INTERGROUP CORP,NASDAQ,
0001916416,INTJ,2a1987e6-5d6d-47d3-b4bb-f1dc5be14e28,Intelligent Group Ltd,NASDAQ,
0001567264,INTS,1b564109-12ed-4c6e-8613-2795d22eaa35,"INTENSITY THERAPEUTICS, INC.",NASDAQ,
0001036262,INTT,f052bdfa-5008-4de2-9ea3-79222ec2bb61,INTEST CORP,AMEX,
0000896878,INTU,cd1347d7-8add-49bd-acd1-4ffde9a4081b,INTUIT INC.,NASDAQ,
0000736012,INTZ,09eeee32-98a1-44bd-bd31-b210cad43ec0,INTRUSION INC,NASDAQ,
0000829323,INUV,2cffbc52-835c-4d11-898d-71489b54b863,"Inuvo, Inc.",AMEX,
0002001557,INV,7eb84c21-733f-474a-89f0-0fdb9c1d3f3d,"Innventure, Inc.",NASDAQ,
0001080014,INVA,53834af5-0ff8-4cd2-9ecd-f814278d442e,"Innoviva, Inc.",NASDAQ,
0001036044,INVE,b305a59e-5945-41de-bb63-8beddcdb37e0,"Identiv, Inc.",NASDAQ,
0001687229,INVH,6d7aa93c-9c8a-414d-a1ed-4ba7154fdd11,Invitation Homes Inc.,NYSE,
0001042893,INVX,5c0c93f5-b4aa-48cf-a429-b40f62ce0960,"Innovex International, Inc.",NYSE,
0001835654,INVZ,7c3cb090-c047-4999-b2ab-d275fa71f55f,Innoviz Technologies Ltd.,NASDAQ,
0002007691,IOND,408a06a8-2999-4f2e-8b9c-6cb1c34d1573,Ionic Digital Inc.,NASDAQ,
0001824920,IONQ,2e24c584-029a-46b3-9f68-5ccacfc4ed84,"IonQ, Inc.",NYSE,
0000874015,IONS,0a944f49-22df-4335-9ce1-72a038cfe6c7,IONIS PHARMACEUTICALS INC,NASDAQ,
0000949961,IOR,10234f74-6a16-403f-8b77-dbc114e92a5b,INCOME OPPORTUNITY REALTY INVESTORS INC /TX/,AMEX,
0001054905,IOSP,b2f67b0c-76ea-4be2-a7a7-8d950055b5e7,INNOSPEC INC.,NASDAQ,
0001642896,IOT,88968dd4-f4b4-4143-830e-f5ed16a4d241,Samsara Inc.,NYSE,
0001997637,IOTR,618f7853-8b76-4334-a6f1-3875c83c189b,iOThree Ltd,NASDAQ,
0001425205,IOVA,e4c0de2d-cec9-4038-a311-92a99b935209,"IOVANCE BIOTHERAPEUTICS, INC.",NASDAQ,
0000051434,IP,d40b732c-72ca-44e0-a156-28ce00086458,INTERNATIONAL PAPER CO /NEW/,NYSE,
0000822663,IPAR,516e7d3c-1969-4972-9a24-eca3514849fd,INTERPARFUMS INC,NASDAQ,
0001267332,IPB,ea167976-2918-437f-a1a4-eb151e442432,MERRILL LYNCH DEPOSITOR INC INDEXPLUS TRUST SERIES 2003-1,NYSE,
0002012318,IPCXU,984e9ef4-6e5f-4a71-925e-91b2e15dc5b4,Inflection Point Acquisition Corp. III,NASDAQ,
0001546296,IPDN,838bef01-5944-4689-8ec7-d7406e55dadb,"Professional Diversity Network, Inc.",NASDAQ,
0002028355,IPEXU,c5a051cc-664c-4c20-adc1-8ac9ed58b14e,Inflection Point Acquisition Corp. V,NASDAQ,
0002102041,IPFXU,2ea2b479-dfae-429d-a9ab-ade771e18484,Inflection Point Acquisition Corp. VI,NASDAQ,
0001111928,IPGP,c36731fb-9b1b-4c84-8935-fe13bb764f72,IPG PHOTONICS CORP,NASDAQ,
0001598599,IPHA,6b7c572f-4f71-4b24-b02d-fe8cd164d01d,Innate Pharma SA,NASDAQ,
0001421461,IPI,33acb2e9-d2b0-4cb2-bbdf-39f792fd925d,"Intrepid Potash, Inc.",NYSE,
0001355839,IPM,35d018b4-5260-4498-bd5d-9e1c30b2e46a,INTELLIGENT PROTECTION MANAGEMENT CORP.,NASDAQ,
0001850119,IPSC,045fc311-bc5d-481b-ab5f-d27b9f794fa3,"Century Therapeutics, Inc.",NASDAQ,
0001788230,IPST,47436624-d3f0-4a1d-8c19-dc4e169c900e,"IP STRATEGY HOLDINGS, INC.",NASDAQ,
0002105274,IPVVU,11bacb26-6671-4385-b679-dc75360e2006,"InterPrivate Investment Partners V, Inc.",NASDAQ,
0001830072,IPW,41f9d5f8-d4f3-4a81-8ddb-4313f08eb2f8,iPower Inc.,NASDAQ,
0001507957,IPWR,a6b6cc4f-e56f-4a09-8867-7dce645880d3,Ideal Power Inc.,NASDAQ,
0000885125,IQI,e1d6a510-30ca-4eb8-9e29-c91ffa566557,Invesco Quality Municipal Income Trust,NYSE,
0002113060,IQMX,0f7280d8-0aee-4370-9942-4ba147a3b1ec,IQM Quantum Computers Oyj,NASDAQ,
0001527702,IQST,332a5f92-20ce-4116-80a2-e25ee3a7c69c,iQSTEL Inc,NASDAQ,
0001478242,IQV,b8a3bd96-7724-467b-b044-92a6f6d84fce,IQVIA HOLDINGS INC.,NYSE,
0001699150,IR,b33b4a2e-b930-48da-946c-568ef91f3dab,Ingersoll Rand Inc.,NYSE,
0002077785,IRAB,e2480c18-d6a3-419b-96a2-6821c3b02de3,Iris Acquisition Corp II,NYSE,
0001228627,IRD,cf50479f-9982-446a-ad3f-61fa7f339971,"Opus Genetics, Inc.",NASDAQ,
0001418819,IRDM,b5b33058-80a0-4ed8-93b6-e14e849c8b2e,Iridium Communications Inc.,NASDAQ,
0002051985,IRHOU,20f67e5c-27d8-44a7-b543-963338213bea,Iron Horse Acquisition II Corp.,NASDAQ,
0001006045,IRIX,0600dc31-eade-452a-b5cf-c6b58adf65c2,IRIDEX CORP,NASDAQ,
0001020569,IRM,2da35038-7511-48aa-81cf-3f6c377f7c09,IRON MOUNTAIN INC,NYSE,
0001325618,IRMD,20a32091-0978-4fba-ac84-8542944c092d,IRADIMED CORP,NASDAQ,
0001816736,IRON,616c2c48-5f8e-4f9b-9fe5-4cc80b24cda2,"Disc Medicine, Inc.",NASDAQ,
0000933267,IRS,90f27e3b-7591-4cb9-8fb8-a80b7880961c,IRSA INVESTMENTS & REPRESENTATIONS INC,NYSE,
0001466085,IRT,4600c45f-9ffa-42f6-b8bc-682a571e6df7,"INDEPENDENCE REALTY TRUST, INC.",NYSE,
0001388658,IRTC,f2ec4d31-5f7d-4f49-b546-36ac6085ef6e,"iRhythm Holdings, Inc.",NASDAQ,
0001446847,IRWD,a4fd3c39-ca6f-42db-85cc-195310176cda,IRONWOOD PHARMACEUTICALS INC,NASDAQ,
0000842517,ISBA,6ed6e4d4-8d36-4643-8c74-051c23d38144,ISABELLA BANK CORP,NASDAQ,
0001534880,ISD,97ba922b-bb47-45fb-b736-87cb1df071f7,"PGIM High Yield Bond Fund, Inc.",NYSE,
0002123475,ISNRU,08418c3a-9af3-40c0-b21b-43d6fb4701b0,Snow Rothschild Acquisition Corp.,NASDAQ,
0001997377,ISOU,709d4488-6988-46ab-95bf-327c2163815e,IsoEnergy Ltd.,AMEX,
0001558569,ISPC,610d805d-e30b-4ac0-b6de-0f67056ec0ea,iSpecimen Inc.,NASDAQ,
0001948455,ISPR,4c86d987-79da-49ef-a45d-e6479c4b9580,Ispire Technology Inc.,NASDAQ,
0001035267,ISRG,e02df0be-fd3a-4762-b4c1-c274784bf756,INTUITIVE SURGICAL INC,NASDAQ,
0000836690,ISSC,1d3c05a1-8d22-4c24-872a-3f60d48f6382,INNOVATIVE SOLUTIONS & SUPPORT INC,NASDAQ,
0001602658,ISTR,27765d55-c2b6-4c21-9f1e-9a7dd0b5f3d2,Investar Holding Corp,NASDAQ,
0000749251,IT,ce016848-57bf-4a5d-be20-af1ac2a199f9,GARTNER INC,NYSE,
0001114483,ITGR,3c9aedb0-331c-48e3-9baf-330ece8ad7ba,Integer Holdings Corp,NYSE,
0002080985,ITHAU,4660a555-40ad-4986-a249-8292ea40a27f,ITHAX Acquisition Corp III,NASDAQ,
0000720858,ITIC,3b556148-978f-4540-a284-80681b5c5139,INVESTORS TITLE CO,NASDAQ,
0001358190,ITP,18ba88a3-42f5-4cee-9618-768dd5f6f8a6,"IT TECH PACKAGING, INC.",AMEX,
0001722387,ITRG,4776f18b-88f7-4526-b65b-e46865830048,Integra Resources Corp.,AMEX,
0001337117,ITRN,b0d56d35-93e7-4635-8e45-721d6197a6c8,Ituran Location & Control Ltd.,NASDAQ,
0000216228,ITT,25fc84d6-a836-429b-848c-ebe4733d5db3,ITT INC.,NYSE,
0001132597,ITUB,2963234b-6741-47b4-ab67-a91c88392c62,Itau Unibanco Holding S.A.,NYSE,
0000049826,ITW,399a368e-f430-4a40-bd27-a046ea7bc0d9,ILLINOIS TOOL WORKS INC,NYSE,
0001397183,IVDAW,a6be5551-8fbd-4532-a4d3-7c254a6ad7cf,"Iveda Solutions, Inc.",NASDAQ,
0001417926,IVF,75f333fc-5acf-4f91-a2f2-b598ad72db78,"INVO Fertility, Inc.",NASDAQ,
0001437071,IVR,cad3102a-88ae-4686-8e2c-627ee61c6aff,Invesco Mortgage Capital Inc.,NYSE,
0001307748,IVT,a5469a8d-32e3-46d8-bd3f-2a1ff5b8e6fd,InvenTrust Properties Corp.,NYSE,
0001832038,IVVD,2accd158-bbde-4bd3-a864-277effb54099,"Invivyd, Inc.",NASDAQ,
0000914208,IVZ,4c95e7ec-088b-4406-b011-f3db977acb5a,Invesco Ltd.,NYSE,
0001873875,IXHL,82f40509-6cd6-4e02-ba68-d8fd74f2e8e4,Incannex Healthcare Inc.,NASDAQ,
0001495231,IZEA,a1e250bb-73ca-4adf-b60f-765350c528a1,"IZEA Worldwide, Inc.",NASDAQ,
0001854572,IZM,21696e64-2e84-41de-8c88-dbf542d72cef,ICZOOM Group Inc.,NASDAQ,
0000052988,J,a1fed325-c0f8-4bcb-8ea4-0cd595df061e,JACOBS SOLUTIONS INC.,NYSE,
0002128739,JABRU,57eeef43-f53e-4b21-948b-7e960126aa05,JAB Acquisition Corp I,NASDAQ,
0000807882,JACK,3c65ddf0-1336-462d-bd58-fa43ccec3c4a,JACK IN THE BOX INC,NASDAQ,
0002039058,JACS,415fabae-3ef7-401a-9d0e-699bcdb89c59,Jackson Acquisition Co II,NYSE,
0002039273,JAGU,26ee423c-9fb9-4f8d-9640-2ff59592989b,Jaguar Uranium Corp.,AMEX,
0001585608,JAGX,2d6e9c2e-3c72-4b37-ad51-44d4f27a5f27,"Jaguar Health, Inc.",NASDAQ,
0001009829,JAKK,7e8348b1-8a2d-4538-85e0-1379f5911fea,JAKKS PACIFIC INC,NASDAQ,
0002100805,JAN,f8fae62d-3da8-425d-9a28-9f24e6f0be37,"Janus Living, Inc.",NYSE,
0001817713,JANX,2f0c3ec2-5910-4874-949f-1bc6e8176175,"Janux Therapeutics, Inc.",NASDAQ,
0002112446,JATT,ba364f8b-d429-4c51-9522-b7e5a8438e15,JATT II Acquisition Corp.,NASDAQ,
0001232524,JAZZ,ad1ed09f-3d20-4826-9461-af127395b6c7,Jazz Pharmaceuticals plc,NASDAQ,
0001689796,JBGS,781270b6-1b43-466f-b284-8d1edf450157,JBG SMITH Properties,NYSE,
0000728535,JBHT,c201b764-a9a6-4a73-bed2-d25202fd0b62,HUNT J B TRANSPORT SERVICES INC,NASDAQ,
0001839839,JBI,0da2bd6c-2356-41da-aa2b-f464ebb514ab,"Janus International Group, Inc.",NYSE,
0001798749,JBIO,fccc7624-9d58-46df-a4db-5fa17180ce2d,"Jade Biosciences, Inc.",NASDAQ,
0000898293,JBL,ac8f1019-e8aa-4a5d-9434-97cc688bf606,JABIL INC,NYSE,
0001158463,JBLU,fd632ddd-bd92-4ad8-ba12-3b7725999570,JETBLUE AIRWAYS CORP,NASDAQ,
0001791942,JBS,86379ff3-587d-43ad-97a4-e4aab30410b4,JBS N.V.,NYSE,
0000880117,JBSS,d77c8e24-1d4a-4523-a736-b12a7e8fd531,SANFILIPPO JOHN B & SON INC,NASDAQ,
0001433660,JBTM,4e590014-273c-474f-940f-6af4a6d36f66,JBT MAREL Corp,NYSE,
0002046042,JCAP,2948406e-6bb7-4aa7-9d3f-213f96dabff8,"Jefferson Capital, Inc. / DE",NASDAQ,
0001385763,JCE,b8f35b06-7c8a-4187-888a-df00b23bffff,Nuveen Core Equity Alpha Fund,NYSE,
0000833444,JCI,aa0bfa06-96bb-4fcc-bc56-0aa8a1c0be47,Johnson Controls International plc,NYSE,
0001905511,JCSE,728a1503-86b5-4ef5-8791-231406dece9d,JE Cleantech Holdings Ltd,NASDAQ,
0000885307,JCTC,d03cdb94-69f6-4bf1-acbb-ef6ca41e0c93,JEWETT CAMERON TRADING CO LTD,NASDAQ,
0000096223,JEF,c223b328-d800-4fbb-b5b6-23f7b9662ffe,Jefferies Financial Group Inc.,NYSE,
0001674335,JELD,2b8ae347-3507-4cab-9c6d-f15ea16e9878,"JELD-WEN Holding, Inc.",NYSE,
0002018222,JEM,0b486508-7141-4f82-af22-793a013fb70c,707 Cayman Holdings Ltd.,NASDAQ,
0002060337,JENA,9b517d76-b1aa-4c06-b3fd-6bf7cc017287,JENA ACQUISITION Corp II,NYSE,
0002024306,JFB,a77b083f-465f-4c65-b5a8-12dfb0e13124,JFB Construction Holdings,NASDAQ,
0001743102,JFIN,bbf0f818-7f76-4dee-b614-0f77daa33dfd,Jiayin Group Inc.,NASDAQ,
0001276533,JFR,4f425b96-f5f4-403e-ab4b-834c5240ab87,NUVEEN FLOATING RATE INCOME FUND,NYSE,
0001737339,JG,8a476541-88f7-42e0-b88a-18f8d6a5a9ef,Aurora Mobile Ltd,NASDAQ,
0001615905,JGH,48956c8e-3e09-4dd5-8c5f-c3d4d9543a6f,Nuveen Global High Income Fund,NYSE,
0000759828,JHI,685dbbf2-dcaf-441a-a6a9-acfe601613ca,JOHN HANCOCK INVESTORS TRUST,NYSE,
0000759866,JHS,fb5af4ea-70f5-4cef-83c7-5486e2635864,JOHN HANCOCK INCOME SECURITIES TRUST,NYSE,
0001159152,JHX,45163e2f-0772-4a06-8439-7f2ec3b859e6,James Hardie Industries plc,NYSE,
0001687932,JILL,8746b0de-79ab-409c-85b7-0c9791b8be6b,"J.Jill, Inc.",NYSE,
0000785956,JJSF,f2c18222-b919-4dbf-b0e0-1b650ab791c4,J&J SNACK FOODS CORP,NASDAQ,
0000779152,JKHY,61d66f82-8daa-40f2-b912-087ff4fff2f5,JACK HENRY & ASSOCIATES INC,NASDAQ,
0001481513,JKS,e806c731-1c67-4f39-bb59-c1ee9b7d6a3b,"JinkoSolar Holding Co., Ltd.",NYSE,
0001948436,JL,d9cf6136-c3f7-4b30-b270-9551665e46e0,J-Long Group Ltd,NASDAQ,
0001037976,JLL,e9b749dc-a900-4a14-a1fc-ceba5d8d7810,JONES LANG LASALLE INC,NYSE,
0001472215,JLS,d4816e42-7c14-4007-940c-b9f1f3f469bf,Nuveen Mortgage & Income Fund/MA/,NYSE,
0001756708,JMIA,1320b143-2d2c-41ae-8cb1-1577fd692d00,Jumia Technologies AG,NYSE,
0002127043,JMKE,434db97a-dc48-4842-ae29-80b654d17791,Jersey Mike's Subs Inc.,NYSE,
0000838131,JMM,bdfdb369-fdf0-4ce5-adb5-a098c3e6de81,Nuveen Multi-Market Income Fund,NYSE,
0001710482,JMSB,b3a39f19-e903-43f9-b60e-0094cfe4b5b5,"John Marshall Bancorp, Inc.",NASDAQ,
0000200406,JNJ,ef9adcc6-6bce-452b-af5f-4a87e7f19131,JOHNSON & JOHNSON,NYSE,
0000040570,JOB,6c672e35-4976-46bb-90b0-957ecfe7f9ae,GEE Group Inc.,AMEX,
0001819848,JOBY,2b7c2791-a531-4242-9b61-2f7bae097c79,"Joby Aviation, Inc.",NYSE,
0000745308,JOE,15055c6e-6c71-4320-b1a5-d2084a3e2876,ST JOE Co,NYSE,
0000859796,JOF,5191795a-405f-4bdd-b984-10ea71d94c40,JAPAN SMALLER CAPITALIZATION FUND INC,NYSE,
0002129056,JONEU,8b3d6a56-0b47-4913-9ba3-dff46a487791,Jones Ventures INTL Acquisition1 Corp,NASDAQ,
0000788329,JOUT,05986c65-589b-4bff-9ccb-2eede93b34c6,JOHNSON OUTDOORS INC,NASDAQ,
0001216583,JPC,240ad7da-182b-46ee-a604-7e283a9b81d9,Nuveen Preferred & Income Opportunities Fund,NYSE,
0000019617,JPM,e3047683-637a-4fb2-b71d-805cd6fec95d,JPMORGAN CHASE & CO,NYSE,
0001227476,JQC,ab1f7c09-356f-44e6-9d63-b212355581cf,Nuveen Credit Strategies Income Fund,NYSE,
0001539337,JRI,7623783f-8bf1-49df-b550-7805844928a2,Nuveen Real Asset Income & Growth Fund,NYSE,
0001158289,JRS,2a3d1dbd-968b-4e0f-8e63-09f470c1fe5a,NUVEEN REAL ESTATE INCOME FUND,NYSE,
0001696558,JRSH,1148a9ab-7bed-455c-9dd3-901f85eba17d,"Jerash Holdings (US), Inc.",NASDAQ,
0001620459,JRVR,9f124015-ce58-4982-a5cb-c2511a0ecab5,"James River Group Holdings, Inc.",NASDAQ,
0001788028,JSPRW,80453b19-0fa5-407f-ac9e-d6624ab27f65,"Jasper Therapeutics, Inc.",NASDAQ,
0001861622,JTAI,2b50eb36-bb08-4580-b582-d9306d5a2ebd,Jet.AI Inc.,NASDAQ,
0001679628,JUNS,8ea7482e-8a4e-4c86-8105-0ae2411e7ed2,"JUPITER NEUROSCIENCES, INC.",NASDAQ,
0001007019,JVA,e4e38fa7-41f5-4965-93ce-518f6c1d7596,COFFEE HOLDING CO INC,NASDAQ,
0001805594,JWEL,d7e4dd60-bc7c-4d83-bf66-6b257a66c46d,Jowell Global Ltd.,NASDAQ,
0001546383,JXG,0ff4d3e9-3e0c-46e0-a990-2b665bf686c8,JX Luxventure Group Inc.,NASDAQ,
0001822993,JXN,92d8b178-2d30-4c52-8855-028e05995aa2,Jackson Financial Inc.,NYSE,
0001938186,JYD,10866e2f-457d-4c31-9b40-bc7c14b87b01,Jayud Global Logistics Ltd,NASDAQ,
0001852440,JZ,46cf7f9e-cca9-4e0b-95bc-46434e873123,Jianzhi Education Technology Group Co Ltd,NASDAQ,
0000886346,KAI,49a28b8d-7700-4202-b982-9df7aa7dd996,KADANT INC,NYSE,
0001479419,KALA,af620aa7-5360-4960-afcf-c7c9f22dc9cb,"KALA BIO, Inc.",NASDAQ,
0000811596,KALU,5af42719-e2e8-4e16-a02c-18bde075d694,KAISER ALUMINUM CORP,NASDAQ,
0001962011,KAPA,49dff1c8-453b-4cf0-ab9b-0742190c1242,"Kairos Pharma, LTD.",AMEX,
0002123613,KARD,5862b08e-1136-4bf5-bafe-c89abaf5d79f,"Kardigan, Inc.",NASDAQ,
0001828102,KARO,93eab3a8-9beb-4638-a3fd-1b14f7e12dd9,Karooooo Ltd.,NASDAQ,
0002031009,KAZR,934e4e6a-b0f4-4915-a7bd-1a36d12f4ffb,Skyline Builders Group Holding Ltd,NASDAQ,
0001445930,KB,0e90d24a-e64e-4a84-9fb7-e3af3b2a2830,KB Financial Group Inc.,NYSE,
0001747172,KBDC,0705318f-96f6-468f-8c65-eef0f50f8395,"Kayne Anderson BDC, Inc.",NYSE,
0000795266,KBH,c012d6d7-28d0-42d9-b9f3-bdad74f30bb3,KB HOME,NYSE,
0002088749,KBONU,deadae97-da0a-406e-af95-00e253e4fe88,Karbon Capital Partners Corp.,NASDAQ,
0001357615,KBR,e746b8a8-ab53-4772-ba6e-c28bb03713fa,"KBR, INC.",NYSE,
0001795589,KC,698a0297-816c-43aa-8bfe-e4f7161bc11b,Kingsoft Cloud Holdings Ltd,NASDAQ,
0002053799,KCHVR,a10b00f6-8233-4902-8e2f-d065a44160c7,Kochav Defense Acquisition Corp.,NASDAQ,
0001867072,KD,5e813282-efa0-4d64-8af8-4fed5894f3a2,"Kyndryl Holdings, Inc.",NYSE,
0001853138,KDKRW,4982c828-9345-4ae9-ac95-fcdf04bfde7a,"Kodiak AI, Inc.",NASDAQ,
0001418135,KDP,88623995-d3b2-41ff-b80d-17a29c51454b,Keurig Dr Pepper Inc.,NASDAQ,
0001606757,KE,15e1a5a6-e637-4865-9139-7584b60a3d36,"Kimball Electronics, Inc.",NASDAQ,
0001812477,KEEL,9bad19f1-b293-4fbf-a685-2c7f265819a4,Keel Infrastructure Corp.,NASDAQ,
0000055135,KELYA,5a5ffda2-d7aa-45c9-8a3b-68bc73bba1c1,KELLY SERVICES INC,NASDAQ,
0001611005,KEN,fe1f3021-6c96-46fb-8820-28e0dae2a51b,Kenon Holdings Ltd.,NYSE,
0000887225,KEP,3b0307c7-3bf5-41b0-a58f-7fa7f97d6cd5,KOREA ELECTRIC POWER CORP,NYSE,
0000055529,KEQU,856f180d-69dc-4881-9a81-1c6921fe0dd2,KEWAUNEE SCIENTIFIC CORP /DE/,NASDAQ,
0000056047,KEX,788c0e6b-9bfb-4a9b-9048-1ccbefd9ee96,KIRBY CORP,NYSE,
0000091576,KEY,f7623733-d5b7-4d6b-b04a-fedeed0f2e64,KEYCORP /NEW/,NYSE,
0001601046,KEYS,c12d8862-2ca2-48ca-9fdc-368bace91bd3,"Keysight Technologies, Inc.",NYSE,
0002102771,KEYYU,74f9f05a-848c-4d2c-8070-bf804334660c,Keystone Acquisition Corp.,NASDAQ,
0000748691,KF,6daa3709-ec2a-4eee-8815-67b296582bf3,KOREA FUND INC,NYSE,
0001297341,KFFB,444709a9-91b1-4618-ad58-c4e025b80cd9,Kentucky First Federal Bancorp,NASDAQ,
0002029976,KFIIU,404187a1-4167-491d-83bd-8126aea32bb1,K&F GROWTH ACQUISITION CORP. II,NASDAQ,
0000930420,KFRC,c78bcae7-db3e-4c8b-b4e2-51eb0db7ed27,KFORCE INC,NYSE,
0000056679,KFY,6d6cf369-b6f5-471a-ba23-86abe78d5b91,KORN FERRY,NYSE,
0002055116,KG,991fc59d-10fd-43a7-9c5b-b5d5e5b19ac6,Kestrel Group Ltd,NASDAQ,
0000701818,KGC,76b615bb-4a70-44f0-b330-9524a0b05aec,KINROSS GOLD CORP,NYSE,
0001477081,KGEI,acb8ce21-64ff-4ab4-8b17-68a71cc95c01,Kolibri Global Energy Inc.,NASDAQ,
0001767042,KGS,1fcfe763-7918-41ad-8b42-f8231f026f8b,"Kodiak Gas Services, Inc.",NYSE,
0001637459,KHC,df014db2-72a2-4686-be56-e3cdc15efb71,Kraft Heinz Co,NASDAQ,
0001425450,KIDS,06079e7e-8dbe-46be-8467-5637b9ee2e05,ORTHOPEDIATRICS CORP,NASDAQ,
0002022308,KIDZW,697f1b05-e880-4284-af6f-c4983663a4db,KIDZ AI Inc.,NASDAQ,
0000879101,KIM,c70c1de6-d9cd-4c77-9f72-fd8e6d889c0f,KIMCO REALTY CORP,NYSE,
0000033992,KINS,37e13856-0291-45c7-9492-4967dc8ac9a4,"KINGSTONE COMPANIES, INC.",NASDAQ,
0001515940,KIO,610d9eeb-8a1f-4db2-8a3d-422ba2cf4e77,KKR Income Opportunities Fund,NYSE,
0001849820,KITTW,4812f17b-ff05-43b6-a625-f72a63f2bfe7,"Nauticus Robotics, Inc.",NASDAQ,
0001404912,KKR,17f819cf-891b-478e-9ea3-cb23166c1479,KKR & Co. Inc.,NYSE,
0002003292,KLAR,5d943e63-2c4f-415e-8386-a8bf9259853d,Klarna Group plc,NYSE,
0001873529,KLC,793b5706-d551-4105-b687-9d17720d358a,"KinderCare Learning Companies, Inc.",NYSE,
0000056978,KLIC,84156375-b72d-486f-8185-73691f5eeeef,KULICKE & SOFFA INDUSTRIES INC,NASDAQ,
0002096997,KLRA,f9be37d3-5784-41ff-b359-5a3fba18dafb,"Kailera Therapeutics, Inc.",NASDAQ,
0001754068,KLRS,f1cbc202-aef0-486e-a34d-f73391d47524,"Kalaris Therapeutics, Inc.",NASDAQ,
0001432133,KLTR,a1c6d113-1e36-4780-aac9-56a74436b649,KALTURA INC,NASDAQ,
0001738827,KLXE,bc4897fc-2514-4472-9f04-8ca5658df781,"KLX Energy Services Holdings, Inc.",NASDAQ,
0000055785,KMB,5ca2cc07-2657-4769-9491-1c89b5f58a76,KIMBERLY CLARK CORP,NASDAQ,
0001506307,KMI,e47acf22-5340-477a-a3ac-020b1ed34d12,"KINDER MORGAN, INC.",NYSE,
0000860748,KMPR,5cd19496-521c-4ea9-9e1a-e843f4977aa2,KEMPER Corp,NYSE,
0002049187,KMRK,ff323d6c-97ee-4481-9f72-4c772dd14969,K-TECH SOLUTIONS CO LTD,NASDAQ,
0000055242,KMT,9b7dd7c2-b1ff-44a6-a9a5-1fb21d984e3c,KENNAMETAL INC,NYSE,
0001877184,KMTS,596ee1f0-5023-490a-88e5-90709e207b29,"KESTRA MEDICAL TECHNOLOGIES, LTD.",NASDAQ,
0001170010,KMX,9f7c7237-c37c-435f-bd10-33fd212c3ee3,CARMAX INC,NYSE,
0001587523,KN,22018b91-e316-4452-936a-7145a8dc0bf6,Knowles Corp,NYSE,
0001720250,KNDI,413245da-0d05-4c4f-9b1d-21cd34f66916,"Kandi Technologies Group, Inc.",NASDAQ,
0001955520,KNF,0da62724-ce45-444a-87de-b0c50409f2f1,Knife River Corp,NYSE,
0001564180,KNOP,fdc6d308-3d7c-4ab2-89c6-3ef17f853667,KNOT Offshore Partners LP,NYSE,
0001982960,KNRX,da2b8b3a-c2ab-4109-8b03-aa8f6aff0500,KNOREX LTD.,AMEX,
0001730430,KNSA,b644de4d-d367-4b21-b569-0e1067e7a300,"Kiniksa Pharmaceuticals International, plc",NASDAQ,
0001669162,KNSL,bcd2d502-9faf-464b-9716-433869a0e9dc,"Kinsale Capital Group, Inc.",NYSE,
0001692787,KNTK,b67cf34c-c836-4bb2-9422-dbe3ae79f410,Kinetik Holdings Inc.,NYSE,
0001492691,KNX,ec96b970-0e83-4eb1-9aac-183be96be5e2,Knight-Swift Transportation Holdings Inc.,NYSE,
0000021344,KO,3795cafe-fd54-4f66-a31e-66774be875ca,COCA COLA CO,NYSE,
0001468748,KOD,16f7805d-842a-43ec-9bf0-6b8946dc8722,Kodiak Sciences Inc.,NASDAQ,
0000031235,KODK,ba8a3cc0-3c9c-4a3f-bf1f-100796b5efe9,EASTMAN KODAK CO,NYSE,
0000910631,KOF,9a85fdc3-1cbe-4b17-951c-80c699f2e185,COCA COLA FEMSA SAB DE CV,NYSE,
0001315257,KOP,d5084921-17bb-4564-97ae-dcaf62e0008f,Koppers Holdings Inc.,NYSE,
0001509991,KOS,7fca6821-c898-42e8-a46e-32cc8e94aa07,Kosmos Energy Ltd.,NYSE,
0002068454,KOYNU,f98d58c6-5af9-4437-be75-ef0d6a85b096,"CSLM Digital Asset Acquisition Corp III, Ltd",NASDAQ,
0002095297,KPET,2904cc51-625f-4054-b8f7-25ae295e2a4a,KPET Ultra Paceline Corp,NYSE,
0001785424,KPLT,898b7123-bc5c-4d48-8537-959d6a3afb58,"Katapult Holdings, Inc.",NASDAQ,
0001372514,KPRX,3087771c-0fd1-413e-8d51-734b96b32e1c,KIORA PHARMACEUTICALS INC,NASDAQ,
0001503802,KPTI,874dc95f-027a-4bcd-af26-c643d5a14a60,Karyopharm Therapeutics Inc.,NASDAQ,
0000056873,KR,e54335e7-7483-46e5-8410-2dfff00e98bb,KROGER CO,NYSE,
0002082119,KRAQU,5de1148e-15d2-4616-a726-2732286eaf52,KRAKacquisition Corp,NASDAQ,
0001025996,KRC,ee5f9d3e-9376-4886-88e7-d1059b9aed4f,KILROY REALTY CORP,NYSE,
0001631596,KREF,f4863c01-fc07-46f2-973d-3f512e8e802d,KKR Real Estate Finance Trust Inc.,NYSE,
0001286043,KRG,5ce15de3-2927-4f39-9a8d-7ef985225834,KITE REALTY GROUP TRUST,NYSE,
0000704440,KRMD,f22e6675-515c-4e01-b23d-a33e0fe37518,"KORU Medical Systems, Inc.",NASDAQ,
0002040127,KRMN,8f2eceea-958f-471b-b478-675f1ee87d42,Karman Holdings Inc.,NYSE,
0001625791,KRNT,aabff37e-a5a0-425c-83cc-7bddd4a2c57e,Kornit Digital Ltd.,NASDAQ,
0001617242,KRNY,677f75e5-6806-4cc2-9026-02c7cefd5c35,Kearny Financial Corp.,NASDAQ,
0001257640,KRO,db94c240-af25-45d4-8ac7-30aa5b37476c,KRONOS WORLDWIDE INC,NYSE,
0001664710,KROS,f6fd9b27-a7f1-4015-9cce-803baef833dd,"Keros Therapeutics, Inc.",NASDAQ,
0001657788,KRP,bebdc23b-e5eb-41ed-8d5d-6ffca4eb413f,"Kimbell Royalty Partners, LP",NYSE,
0001703647,KRRO,985e9e35-1c72-413c-8cd5-544f95a3cab8,"Korro Bio, Inc.",NASDAQ,
0002074872,KRSP,90312567-5859-46d8-bed7-513306872db4,Rice Acquisition Corp 3,NYSE,
0001758021,KRT,c22437ea-d8ef-499e-92e1-a675ab9d47e0,Karat Packaging Inc.,NASDAQ,
0001772177,KRUS,8ad724a7-0934-4398-b9f2-4792cfb70064,"KURA SUSHI USA, INC.",NASDAQ,
0001711279,KRYS,8d3aceaa-6bef-4de3-8df8-4e545db4284c,"Krystal Biotech, Inc.",NASDAQ,
0001600983,KSCP,1847895f-56be-4247-86b2-93907d461f56,"Knightscope, Inc.",NASDAQ,
0001985487,KSPI,9b1af094-e55e-4e3d-88c8-f32028f47463,Joint Stock Co Kaspi.kz,NASDAQ,
0000885639,KSS,31cffb44-7b1b-40e0-8c79-b17bb2508d09,KOHLS Corp,NYSE,
0000892450,KT,2743bcd4-56e0-4918-ae6b-02cdc3aa42ce,KT CORP,NYSE,
0001760965,KTB,d6830f33-ad2a-4899-b80b-9189a52503cb,"Kontoor Brands, Inc.",NYSE,
0000719733,KTCC,c90d7064-3ec2-4b8e-a56c-09c75290f1f2,KEY TRONIC CORP,NASDAQ,
0000839533,KTF,17b39f0a-23ea-49ef-ba5c-d34e5c4a82b3,DWS MUNICIPAL INCOME TRUST,NYSE,
0001283464,KTH,1feda228-0531-4fcc-9afe-44aee0d69d62,STRUCTURED PRODUCTS CORP CORTS TR FOR PECO ENERGY CAP TR III,NYSE,
0001283337,KTN,0bfb5651-93a7-48e4-81db-2c08804bc12f,STRUCTURED PRODUCTS CORP CRED ENHANCE CORTS TR FOR AON CAP A,NYSE,
0001069258,KTOS,85c35b15-daed-4b8a-8d9d-3840fd338040,"KRATOS DEFENSE & SECURITY SOLUTIONS, INC.",NASDAQ,
0001841330,KTTAW,5ff75600-203e-4a1d-ba88-ce20b5aaa1e8,Pasithea Therapeutics Corp.,NASDAQ,
0002086524,KTWOU,844ab534-f4c2-4505-9b0a-b6a613fa97f4,K2 Capital Acquisition Corp,NASDAQ,
0001662684,KULR,e3f64f48-a7c1-4d1d-9aa8-a0cb9559fb23,"KULR Technology Group, Inc.",AMEX,
0001422143,KURA,913c977c-f358-4c53-afb9-25e46c357cda,"Kura Oncology, Inc.",NASDAQ,
0001342958,KUST,0b2275f0-7b09-44ad-8dd1-09fb34da24e1,"KUSTOM ENTERTAINMENT, INC.",NASDAQ,
0001007587,KVHI,99ea9cbd-20db-48fe-b4bb-cb439902f336,KVH INDUSTRIES INC \DE\,NASDAQ,
0001944048,KVUE,3bded6a8-55f6-40d0-8157-1d2eb50cf7d8,Kenvue Inc.,NYSE,
0001835830,KVYO,c9f2f890-b758-4caa-8668-43124658a1a9,"Klaviyo, Inc.",NYSE,
0002000756,KWMWW,c733d35f-14c1-42ca-b8b4-a7540a9eefc2,K Wave Media Ltd.,NASDAQ,
0000081362,KWR,e5f67d3c-bcf0-42e3-89bf-1b2bf62afff7,QUAKER CHEMICAL CORP,NYSE,
0001072627,KWY,941866a1-f4a6-422d-9d5e-f47bcb8f0404,KINGSWAY Corp,NYSE,
0002062440,KYIVW,7923dafc-86f3-469a-88f6-04af0c4a8ac9,Kyivstar Group Ltd.,NASDAQ,
0001815442,KYMR,70b34555-9d80-48f4-9033-b077d6c29211,"Kymera Therapeutics, Inc.",NASDAQ,
0001293613,KYN,b3d9e097-2a0f-46ba-a30a-8b06ca17aad3,"Kayne Anderson Energy Infrastructure Fund, Inc.",NYSE,
0000921299,KYNB,aaf98699-d8e3-4d4d-ad40-23c052341a03,"KYNTRA BIO, INC.",NASDAQ,
0001994702,KYTX,7f3f326d-e77d-40de-b81b-278a53e9298a,"Kyverna Therapeutics, Inc.",NASDAQ,
0001075880,KZIA,145d8048-edd3-4643-a516-d5898a94673a,KAZIA THERAPEUTICS LTD,NASDAQ,
0000060086,L,225a5e8a-938e-4a95-8bcb-3989a3df618d,LOEWS CORP,NYSE,
0001162194,LAB,3b0180b3-2ce7-484a-b476-4c7bdc84774c,STANDARD BIOTOOLS INC.,NASDAQ,
0002079272,LABT,a0d0904f-128d-4ddc-b484-00fea3b101f3,Lakewood-Amedex Biotherapeutics Inc.,NASDAQ,
0001966983,LAC,419a161e-b276-46f7-ae25-104543ba3857,LITHIUM AMERICAS CORP.,NYSE,
0001023128,LAD,6fa57c3a-218a-423c-8b52-ef5f24ea7ac9,LITHIA MOTORS INC,NYSE,
0001577670,LADR,e13a5e00-2167-4808-ba89-a693c36b7631,Ladder Capital Corp,NYSE,
0002079106,LAFAU,fa7027eb-a9de-42f2-b474-8ba9be795fc8,LaFayette Acquisition Corp.,NASDAQ,
0000798081,LAKE,6e578ba3-3dfa-4544-b16c-d5214cf35acf,LAKELAND INDUSTRIES INC,NASDAQ,
0001090425,LAMR,894d3520-38ec-4ddb-bec6-0fe29d6d49a8,LAMAR ADVERTISING CO/NEW,NASDAQ,
0001495240,LAND,03618a01-7ae4-4f00-9f4c-88255f379f33,GLADSTONE LAND Corp,NASDAQ,
0001922097,LANV,36572373-6e7f-40bc-a8c3-39079905b24c,Lanvin Group Holdings Ltd,NYSE,
0001440972,LAR,b7572ad0-4344-43b2-b1de-f4b9c5cb8a7a,Lithium Argentina AG,NYSE,
0001141688,LARK,f4eeab16-4ab8-4bc5-b3e9-a66566b41cc7,LANDMARK BANCORP INC,NASDAQ,
0001807887,LASE,075635d2-19c9-4f15-8ba8-b771e466ae34,Laser Photonics Corp,NASDAQ,
0001124796,LASR,4439c567-4395-4560-9f4b-c8bc10af458b,"NLIGHT, INC.",NASDAQ,
0002076427,LATAU,427795cb-da4e-43b6-b395-a2fbae97a4d0,Galata Acquisition Corp. II,NASDAQ,
0000912766,LAUR,c7c1a5a9-a2bc-4a34-bacd-602b77bc14e9,"LAUREATE EDUCATION, INC.",NASDAQ,
0001625641,LAW,060d6a9d-d93c-4aa1-9239-d86b0edaeb69,"CS Disco, Inc.",NYSE,
0002007599,LAWR,84ab77a1-ccbf-4c6d-8e2c-b098fc3efc0f,"Robot Consulting Co., Ltd.",NASDAQ,
0001311370,LAZ,4fd5d4dd-adff-4c9c-8632-ffdbe0cf2dc8,"Lazard, Inc.",NYSE,
0001995807,LB,8cadb013-c8fa-4d40-aed3-6d8e2137ad83,LandBridge Co LLC,NYSE,
0001896425,LBGJ,dae7b171-9d2f-4f5a-b0d9-69c8a4f19b61,Li Bang International Corp Inc.,NASDAQ,
0001611983,LBRDA,b8f3bef6-dce2-4192-b8a1-1a0e66eb36f9,Liberty Broadband Corp,NASDAQ,
0001694028,LBRT,fa938495-578a-467e-bd19-42688bc1a836,Liberty Energy Inc.,NYSE,
0001691082,LBRX,c4bd92f4-a7c7-4241-8595-bf79c3b22f25,LB PHARMACEUTICALS INC,NASDAQ,
0001570585,LBTYA,c9413826-13a8-4e01-9710-7a0c4b9f8027,Liberty Global Ltd.,NASDAQ,
0002049248,LCCCU,61ee16ca-20c6-4c33-ab06-fcfbdbde1b84,Lakeshore Acquisition III Corp.,NASDAQ,
0001875547,LCFYW,8e3cb844-92af-498b-95fd-1640ba003a7c,Locafy Ltd,NASDAQ,
0001811210,LCID,e14d5c2a-adfd-4634-bedc-77c40bd50794,"Lucid Group, Inc.",NASDAQ,
0000763744,LCII,6ee4dfdb-b917-4f5b-b09d-26de27774fdf,LCI INDUSTRIES,NYSE,
0001925283,LCLN,c337e66b-fb27-4ec4-9b26-58b8e708b2c3,"Lincoln International, Inc.",NYSE,
0000876343,LCTX,3e407c53-5b7b-47a2-beef-40f8ad510945,"Lineage Cell Therapeutics, Inc.",AMEX,
0000874396,LCUT,8a7ae607-8a14-4653-91d3-50482a802ee0,"LIFETIME BRANDS, INC",NASDAQ,
0001831631,LDI,72eb4b5e-fbd0-46aa-a641-349f5c71c575,"loanDepot, Inc.",NYSE,
0001336920,LDOS,0baeabb2-12ac-4751-af09-fcb671f498a7,"Leidos Holdings, Inc.",NYSE,
0001548717,LDP,25cd8c35-06ee-4c2a-b4b5-02b561c85771,"Cohen & Steers Ltd Duration Preferred & Income Fund, Inc.",NYSE,
0000799288,LE,0eac32ea-9666-4a31-afef-d372e2a0a3b2,"LANDS' END, INC.",NASDAQ,
0000842162,LEA,d4bb6e80-1510-480a-9246-04f7f2b1d25c,LEAR CORP,NYSE,
0000059527,LECO,63a2761d-d466-4aec-ac30-73e7fd76c57f,LINCOLN ELECTRIC HOLDINGS INC,NASDAQ,
0001333822,LEDS,4a5588cf-92af-4add-8063-946741b5074a,SemiLEDs Corp,NASDAQ,
0000058361,LEE,b68b1164-87fd-4544-95ef-0b41077f6ffe,"LEE ENTERPRISES, Inc",NASDAQ,
0000058492,LEG,2a225d7c-e665-49b5-8b56-e60a3dbdad8b,LEGGETT & PLATT INC,NYSE,
0001436208,LEGH,d3c3b85c-6a47-4f19-83b7-327b762d61e6,Legacy Housing Corp,NASDAQ,
0001801198,LEGN,d2a450bc-4401-4d6b-b6ef-1b221e9032a7,Legend Biotech Corp,NASDAQ,
0002087450,LEGO,2c7a5c78-57a8-463a-8528-2af8884b6ce7,Legato Merger Corp. IV,AMEX,
0000920760,LEN,95ae860b-4cf1-4dfe-9159-9bd4cd3c7915,LENNAR CORP /NEW/,NYSE,
0001815776,LENZ,e7b0131d-e062-4e76-807f-035d787d6f74,"LENZ Therapeutics, Inc.",NASDAQ,
0000818972,LEO,580d6367-8a0a-4d72-b0e8-bcef75e74cac,"BNY MELLON STRATEGIC MUNICIPALS, INC.",NYSE,
0001821806,LESL,ca55bdfb-f7a6-426b-99ed-f6bb295a7891,"Leslie's, Inc.",NASDAQ,
0001065059,LEU,4a354dc4-d9d6-4048-bc18-cc42ab71fbbf,CENTRUS ENERGY CORP,NYSE,
0000094845,LEVI,3e9d58e3-5aab-4c7a-b84a-ca22057e89c6,LEVI STRAUSS & CO,NYSE,
0001348362,LEXX,0cd4cd90-39bf-44e8-9a14-97e4aaf324fd,Lexaria Bioscience Corp.,NASDAQ,
0002084563,LFACU,f94a2ad1-7905-4e0d-9ee0-667fda17c45f,Leapfrog Acquisition Corp,NASDAQ,
0001005286,LFCR,fd36010f-e1bb-4095-83fe-7008e19e217d,"LIFECORE BIOMEDICAL, INC. \DE\",NASDAQ,
0000948320,LFMD,5994e90d-bde3-49f7-a0a5-f8f0662e80f8,"LifeMD, Inc.",NASDAQ,
0001845257,LFST,fa6d3190-1232-49e0-b3d9-5da3ccfe2551,"LifeStance Health Group, Inc.",NASDAQ,
0001547546,LFT,bb9a6e85-7e14-4d8d-9e3f-c9f42fbb8264,"Lument Finance Trust, Inc.",NYSE,
0001850351,LFTO,52883a44-85a4-43a7-a2a9-95e766915ffa,"Liftoff Mobile, Inc.",NASDAQ,
0000889331,LFUS,b6e11923-2fed-4aad-b30f-483da2ca16a0,LITTELFUSE INC /DE,NASDAQ,
0000849146,LFVN,606d8399-7cf9-496f-ae5f-312e937412d9,Lifevantage Corp,NASDAQ,
0001607962,LFWD,810ab7f1-aecf-4c92-bda4-837289725f56,Lifeward Ltd.,NASDAQ,
0001954694,LGCL,0eb5db3d-9c60-42ce-a4a5-f02baebc0e54,Lucas GC Ltd,NASDAQ,
0001836754,LGCY,6e80d343-8788-49ff-a04e-6a5dfd26cf46,Legacy Education Inc.,AMEX,
0001278211,LGI,b04e8bbd-6e0f-43cd-8295-74c75e4e3dc4,LAZARD GLOBAL TOTAL RETURN & INCOME FUND INC,NYSE,
0001580670,LGIH,7cb30db4-a774-40bf-be54-b683a8dcf12d,"LGI Homes, Inc.",NASDAQ,
0000061004,LGL,fc870857-f3f2-4053-a23e-478bff864f25,LGL GROUP INC,AMEX,
0000886163,LGND,2da6a09c-79a9-421d-b530-4420a60bb7b4,LIGAND PHARMACEUTICALS INC,NASDAQ,
0002040290,LGPS,74250bb0-1b3f-47e2-9190-dd04ed9e40e9,LOGPROSTYLE INC.,AMEX,
0001721484,LGVN,4d24c9ef-e251-461f-b251-92d7416b0078,Longeveron Inc.,NASDAQ,
0000920148,LH,ba597ea4-0f8c-4738-8f41-bfc97d76bc71,LABCORP HOLDINGS INC.,NYSE,
0002017758,LHAI,2189f313-e6df-4a1b-90c2-9952636821e9,Linkhome Holdings Inc.,NASDAQ,
0002004024,LHSW,b5f60079-ea48-4e8b-a3c8-628b063042a9,Lianhe Sowell International Group Ltd,NASDAQ,
0000202058,LHX,ac11bc30-2788-40f7-9c87-e24734d4dfd9,"L3HARRIS TECHNOLOGIES, INC. /DE/",NYSE,
0001876766,LICN,70bf4f35-9469-40f4-91ef-46d6c12bb570,Lichen International Ltd,NASDAQ,
0001818644,LIDRW,447c2246-74d2-4d73-9573-e0d7f1d7500b,"AEye, Inc.",NASDAQ,
0001843162,LIEN,7371d27e-0883-4e5b-a58d-83a6f23dd941,"Chicago Atlantic BDC, Inc.",NASDAQ,
0001581760,LIF,86ce7c4c-da32-43b0-a6e2-92d597d5b07c,"Life360, Inc.",NASDAQ,
0001788451,LIFE,3f8d8eb3-b510-4d03-91b6-45243174921e,Ethos Technologies Inc.,NASDAQ,
0001069202,LII,93b14f86-b2ed-4d2b-ad69-490922938b5f,LENNOX INTERNATIONAL INC,NYSE,
0001712184,LILA,23b60737-312f-4ecc-be7b-6b374efb2864,Liberty Latin America Ltd.,NASDAQ,
0001699963,LIME,1c942bd2-8c14-48f5-9d9c-913d7718abfa,"Neutron Holdings, Inc.",NASDAQ,
0001971387,LIMNW,4cc0f208-a417-45b5-be4e-f96101d2601e,"Liminatus Pharma, Inc.",NASDAQ,
0001286613,LINC,e137ac38-0f63-4e33-9a76-cba054c484b8,LINCOLN EDUCATIONAL SERVICES CORP,NASDAQ,
0001512499,LIND,b25ba0bb-dd02-4ba7-ade0-6daad0c46b03,"LINDBLAD EXPEDITIONS HOLDINGS, INC.",NASDAQ,
0001868159,LINE,7bc6c5f7-8099-4582-8382-82570a96817d,"Lineage, Inc.",NASDAQ,
0000828146,LINK,a2294c6c-92b4-437a-978a-2736ab0f000f,INTERLINK ELECTRONICS INC,NASDAQ,
0002052959,LION,597c4980-1692-4a47-9c9d-5a136c3414a4,Lionsgate Studios Corp.,NYSE,
0001307579,LIQT,d8fb06d8-e9dc-4b93-bcde-e151e0fc0dce,LIQTECH INTERNATIONAL INC,NASDAQ,
0001633978,LITE,363b9094-c5ae-4899-bbc0-f94b27c87a6e,Lumentum Holdings Inc.,NASDAQ,
0001262104,LITS,9bc1849f-8b28-448d-bfbf-406db5784186,"Lite Strategy, Inc.",NASDAQ,
0001045742,LIVE,8844dfa6-217a-4e43-99dd-8be03a90b822,LIVE VENTURES Inc,NASDAQ,
0001639691,LIVN,f2d0ea22-d99c-4dd7-a400-8df752c5a3f6,LivaNova PLC,NASDAQ,
0000721994,LKFN,b7942d6b-49c6-43e4-b27c-1bc1f0fac881,LAKELAND FINANCIAL CORP,NASDAQ,
0001421876,LKFT,22d440ca-e705-4def-8ffb-f71819b39c7f,Lakefront Biotherapeutics NV,NASDAQ,
0002043508,LKSPU,e9a065d0-dd01-46a5-b619-11a1de507628,Lake Superior Acquisition Corp,NASDAQ,
0000059478,LLY,87266a27-1b34-47bd-b236-bd3a9f59b138,ELI LILLY & Co,NYSE,
0001158895,LMAT,ebdbd98f-3d9d-4078-b0f3-60cccd8b8668,LEMAITRE VASCULAR INC,NASDAQ,
0001606163,LMB,354328e0-7e2a-44ef-ad1a-26e9823a0931,"Limbach Holdings, Inc.",NASDAQ,
0001691421,LMND,8dbd0128-3043-443e-bf1b-32f7723fcc3a,"Lemonade, Inc.",NYSE,
0001342423,LMNR,7360cef4-4723-422b-a25f-3ebcbba710bd,Limoneira CO,NASDAQ,
0002071288,LMRI,c358cd0f-f716-4440-b78e-346a2d697d72,"Lumexa Imaging Holdings, Inc.",NASDAQ,
0000936468,LMT,6ae1929e-adcd-4de1-9647-25763c8a4548,LOCKHEED MARTIN CORP,NYSE,
0001527728,LNAI,18193d66-667f-47fa-9c99-5ea1d5364698,Lunai Bioworks Inc.,NASDAQ,
0000059558,LNC,e134e1a0-2111-410e-89bf-588f9d5f9976,LINCOLN NATIONAL CORP,NYSE,
0001499849,LND,c731eec4-3d78-4f6f-a55b-c1cfdf426273,BrasilAgro - Brazilian Agricultural Real Estate Co,NYSE,
0000003570,LNG,d9263a3c-194d-48b2-b272-13fc42aa2bdd,"Cheniere Energy, Inc.",NYSE,
0001972074,LNKS,990a11dd-c348-45a5-a3bb-e57638589f5a,Linkers Industries Ltd,NASDAQ,
0000836157,LNN,8875583b-6fb1-4afc-bc9d-f00fae3fc8e2,LINDSAY CORP,NYSE,
0001320350,LNSR,352fdb30-348f-41c9-b04b-6c888c335df9,"LENSAR, Inc.",NASDAQ,
0000352541,LNT,ceec46e0-7a0d-41cf-9e65-0faf0a9e92a4,ALLIANT ENERGY CORP,NASDAQ,
0001521036,LNTH,4b39fd62-acb0-4a60-bed5-76cd5aecd83d,"Lantheus Holdings, Inc.",NASDAQ,
0001843724,LNZAW,03311115-d722-459a-bcb6-7c780eed5f11,"LanzaTech Global, Inc.",NASDAQ,
0001080340,LOAN,e1d0ed3a-6cea-4746-9bb2-4c83acec6a3a,"MANHATTAN BRIDGE CAPITAL, INC",NASDAQ,
0002000178,LOAR,d5d90575-ecdd-47a2-9936-36e75c26fc2b,Loar Holdings Inc.,NYSE,
0001462120,LOB,5170a914-07e2-4282-98d5-0aead7c9c623,"Live Oak Bancshares, Inc.",NYSE,
0001932072,LOBO,f4105769-f25d-485c-b0fd-56022839a31c,LOBO TECHNOLOGIES LTD.,NASDAQ,
0001840780,LOCL,ea6a45d4-5b1a-43e4-9777-3f91106e1524,Local Bounti Corporation/DE,NYSE,
0001606366,LOCO,df46565a-e37e-4795-a67a-2c38f0f9a72e,"El Pollo Loco Holdings, Inc.",NASDAQ,
0001120970,LODE,cb6552f7-1765-4bed-83bb-66ca83430334,Comstock Inc.,AMEX,
0001032975,LOGI,4215890b-ed78-497b-a960-8873a53d9e94,LOGITECH INTERNATIONAL S.A.,NASDAQ,
0001711375,LOMA,cd0bbe86-b61b-4624-9aa5-38c671e691d9,Loma Negra Compania Industrial Argentina Sociedad Anonima,NYSE,
0001620463,LONA,fc30d394-db4e-458d-a015-24dc0ae8ccbe,"LeonaBio, Inc.",NASDAQ,
0001504678,LOOP,e6dd8779-020e-4b07-a28d-1e7c85a6047c,"Loop Industries, Inc.",NASDAQ,
0001434588,LOPE,4a0e7e84-0377-438d-b0e2-3067d4583de1,"Grand Canyon Education, Inc.",NASDAQ,
0001962746,LOTWW,1e43db4b-ea49-44a4-9517-a4f86f3076b1,Lotus Technology Inc.,NASDAQ,
0000060667,LOW,a6ffe329-5ea3-4bb8-b58a-06ed1432dd50,LOWES COMPANIES INC,NYSE,
0001997711,LPA,c6f51c9f-898c-48c3-8060-c044c38dfafd,Logistic Properties of the Americas,AMEX,
0002015502,LPAAU,6838a628-f8d4-4fa1-93a4-1fbf6a3ceeca,Launch One Acquisition Corp.,NASDAQ,
0002023676,LPBBU,19f6b7a7-c953-4db3-83b1-3d4a57754476,Launch Two Acquisition Corp.,NASDAQ,
0001535955,LPCN,44f1bbbc-3221-4b34-a304-6e952624c01a,Lipocine Inc.,NASDAQ,
0002083728,LPCVU,f9c86579-4b5b-4865-816a-a2d620909a97,Launchpad Cadenza Acquisition Corp I,NASDAQ,
0001596993,LPG,833761ad-c6f0-462c-aa69-a412b082665c,DORIAN LPG LTD.,NYSE,
0001290109,LPL,22215c5c-900e-4f0a-a5ed-2b054d666163,"LG Display Co., Ltd.",NYSE,
0001397911,LPLA,d832044a-f4ff-4cb9-8a80-5afcf404854d,LPL Financial Holdings Inc.,NASDAQ,
0001102993,LPSN,ff1d7b02-a249-4b3f-8909-1003cbeaa094,LIVEPERSON INC,NASDAQ,
0000889971,LPTH,5fe04dea-6e7c-4223-8e76-195990345838,LIGHTPATH TECHNOLOGIES INC,NASDAQ,
0000060519,LPX,0ef02023-3903-4383-a028-c0d79990cf6e,LOUISIANA-PACIFIC CORP,NYSE,
0001819576,LQDA,7ab2e30f-10d5-415d-9be3-bf7be7ac4f2c,Liquidia Corp,NASDAQ,
0001235468,LQDT,bd18b1ce-f3ad-4810-8642-a912148f81d3,LIQUIDITY SERVICES INC,NASDAQ,
0000707549,LRCX,3ae976ac-6d14-4c4f-b02d-e83813f8a829,LAM RESEARCH CORP,NASDAQ,
0001888980,LRE,0e12d056-1378-4d1a-8909-7cefd0a18fa2,"LEAD REAL ESTATE CO., LTD",NASDAQ,
0001879403,LRHC,9eea0000-8c0e-498b-b7c3-a13d612a5677,La Rosa Holdings Corp.,NASDAQ,
0001374690,LRMR,21980b90-5083-42f2-974a-273f101b65c4,"Larimar Therapeutics, Inc.",NASDAQ,
0001157408,LRN,6ea2ccda-2516-448f-93a9-c5106af3497e,"Stride, Inc.",NYSE,
0001041514,LSAK,463732dc-7fc1-4130-b753-0f159bd41ded,LESAKA TECHNOLOGIES INC,NASDAQ,
0002059653,LSBK,7faddfc5-db2a-48ee-b8b2-eee987b7d3b5,"Lake Shore Bancorp, Inc. /MD/",NASDAQ,
0000855658,LSCC,b342d8dd-3483-43f3-9f9b-2591a14ef2aa,LATTICE SEMICONDUCTOR CORP,NASDAQ,
0001985139,LSE,9bda42d2-b586-44a8-a317-d61c50726d2e,"Leishen Energy Holding Co., Ltd.",NASDAQ,
0001650696,LSF,90d56464-95e4-4d1e-849f-7520864df60f,"Laird Superfood, Inc.",AMEX,
0001823306,LSPD,e9020dce-cb23-4d8b-93f8-0ea0a284c6ad,Lightspeed Commerce Inc.,NYSE,
0000320017,LSTA,9eba0a9f-fb58-49d6-a4b2-f34e432dd214,"LISATA THERAPEUTICS, INC.",NASDAQ,
0000853816,LSTR,f4e23fbd-0a1c-4afc-95c4-1b0806e57db7,LANDSTAR SYSTEM INC,NASDAQ,
0001084554,LTBR,13d52645-b42f-47a6-bb26-8b9c846110dc,LIGHTBRIDGE Corp,NASDAQ,
0000887905,LTC,ee5a82ce-d612-439f-a759-48e82dc44eda,LTC PROPERTIES INC,NYSE,
0002104177,LTGRU,a85bdbd6-c183-4003-95a4-0aea88ff17af,Long Table Growth Corp.,NASDAQ,
0001869198,LTH,a51c8055-abb7-4811-987e-fe6f37bee1a3,"Life Time Group Holdings, Inc.",NYSE,
0001763950,LTRN,ab752969-ad0d-4951-a994-0032a9a3608e,Lantern Pharma Inc.,NASDAQ,
0001114925,LTRX,6efeace4-00e7-46de-8f55-97126edb8ce3,LANTRONIX INC,NASDAQ,
0001673481,LTRYW,6d7dab7c-3b99-4edc-8bb1-b3170ae3a627,Sports Entertainment Gaming Global Corp,NASDAQ,
0001799011,LUCD,0f76d183-2139-4f61-a6bf-fdf1da4739fb,Lucid Diagnostics Inc.,NASDAQ,
0001840572,LUCK,0a48213f-2757-4c18-a97a-60597730cd1b,Lucky Strike Entertainment Corp,NYSE,
0001808377,LUCY,4c644992-ff5d-4d88-81c1-adb06e9e632d,Innovative Eyewear Inc,NASDAQ,
0001984124,LUD,45e4fb9b-bfb8-466c-a2e9-9386ea82f49c,Luda Technology Group Ltd,AMEX,
0001397187,LULU,31aa3cfa-8925-4cbc-98bc-74f411b7f17c,lululemon athletica inc.,NASDAQ,
0000018926,LUMN,8c71bd01-e130-4c85-90b5-abef440c2029,"Lumen Technologies, Inc.",NYSE,
0001127537,LUNG,25855545-dc3a-4487-b680-303ec357aec3,Pulmonx Corp,NASDAQ,
0001844452,LUNR,16469f6e-6337-4d2c-9e28-82a376b9df63,"Intuitive Machines, Inc.",NASDAQ,
0000092380,LUV,e930cf4f-6b04-4a7e-85e6-ad1b01cd3c17,SOUTHWEST AIRLINES CO,NYSE,
0001780201,LVLU,c3691aac-4cd3-4e39-bde2-f79915b0e89a,"Lulu's Fashion Lounge Holdings, Inc.",NASDAQ,
0001491419,LVO,f4e9b985-2c13-46bf-b146-cf7a60f386b8,"LiveOne, Inc.",NASDAQ,
0001300514,LVS,612794e4-dbcc-4814-8ea2-3aa1e47523e3,LAS VEGAS SANDS CORP,NYSE,
0001898795,LVWR,ca7ffb77-7311-446a-8959-d468e72cf913,"LiveWire Group, Inc.",NYSE,
0001679273,LW,4a26c57e-00aa-46b5-8b42-a8f9a8abeb90,"Lamb Weston Holdings, Inc.",NYSE,
0002061379,LWACU,25ba5044-0e32-4c88-9005-25d1f682b37a,LightWave Acquisition Corp.,NASDAQ,
0000814586,LWAY,67afe992-1fb9-4c18-adc9-bd6782075f8b,"Lifeway Foods, Inc.",NASDAQ,
0001325964,LWLG,9fb9cc95-ca03-4a5a-9db5-593fd7d7fb2f,"Lightwave Logic, Inc.",NASDAQ,
0001708259,LX,7ac59904-f084-4e10-a7e3-15822f7bdd05,LexinFintech Holdings Ltd.,NASDAQ,
0001814067,LXEH,02185b78-de49-4b47-9d48-f742bd4a76e5,Lixiang Education Holding Co. Ltd.,NASDAQ,
0001907108,LXEO,aad436c2-d898-4d1e-95b0-633441a54a1e,"Lexeo Therapeutics, Inc.",NASDAQ,
0000910108,LXP,44321ddf-40a3-4f44-bd1b-cdd59c7c312c,LXP Industrial Trust,NYSE,
0001062822,LXRX,99643182-51f6-48c0-b2ad-bcc5c498df2d,"LEXICON PHARMACEUTICALS, INC.",NASDAQ,
0000060714,LXU,74e2934a-c93d-4685-93cf-f59ed507e8d0,"LSB INDUSTRIES, INC.",NYSE,
0001489393,LYB,ef918bdf-cce8-4282-b7f4-ac24b881f7e3,LyondellBasell Industries N.V.,NYSE,
0001806952,LYEL,dd1b411b-e510-4174-80b2-ae86c9e4236f,"Lyell Immunopharma, Inc.",NASDAQ,
0001160106,LYG,33e71bb8-7dfb-446c-9e5a-44e9d7eba86e,Lloyds Banking Group plc,NYSE,
0000763532,LYTS,ec1d980c-2898-43f3-a8cb-684e7cefc94c,LSI INDUSTRIES INC,NASDAQ,
0001335258,LYV,b9f7677c-965f-4074-b87b-cea5c848b6ce,"Live Nation Entertainment, Inc.",NYSE,
0001286139,LZ,9aa49aa4-08ba-4d1d-9e8e-3f71ea85ba40,"LEGALZOOM.COM, INC.",NASDAQ,
0000057131,LZB,d42287ec-4303-42ac-bb34-f2452289aa1c,LA-Z-BOY INC,NYSE,
0001958217,LZM,d9a95183-f130-42fe-bc1a-32fbb1cc2e1d,Lifezone Metals Ltd,NYSE,
0001967397,LZMH,60ff7d80-efb4-4262-966b-d09210607a4d,LZ Technology Holdings Ltd,NASDAQ,
0000794367,M,b3001dcc-4903-413c-b91a-985feacf5284,"Macy's, Inc.",NYSE,
0001141391,MA,2140998d-7f62-46f2-a9b2-e44350bd4807,Mastercard Inc,NYSE,
0000912595,MAA,43c10351-9d2c-40cd-879a-9aaa21d5db01,MID AMERICA APARTMENT COMMUNITIES INC.,NYSE,
0000912242,MAC,e926c442-e591-4dff-9bcf-fd75f11f3b39,MACERICH CO,NYSE,
0002016221,MACIW,da012756-6f4d-4872-9681-b342653b70f3,Melar Acquisition Corp. I/Cayman,NASDAQ,
0002046117,MAGH,75e50dc3-14f3-4b42-b818-be75efec47a9,Magnitude International Ltd,NASDAQ,
0000041719,MAGN,7d9ecdd5-0e37-4955-928a-e9dc2f5450ec,Magnera Corp,NYSE,
0001878313,MAIA,1f6f4908-3e43-45c6-b53f-2191873c5849,"MAIA Biotechnology, Inc.",AMEX,
0001396440,MAIN,27155f8a-2e13-4098-a54b-d63ac819aa9c,Main Street Capital CORP,NYSE,
0002098430,MAIR,24fde560-2d1a-46fd-9500-b81983709d5d,Madison Air Solutions Corp,NYSE,
0001784930,MAKO,05bca643-9646-4f52-b437-9bd8f85a86ac,Mako Mining Corp.,NASDAQ,
0001520358,MAMA,916db47f-36fe-480c-93c1-b9682d7a180f,"Mama's Creations, Inc.",NASDAQ,
0001952853,MAMO,3f1f0155-1c04-446a-a606-459b16b4d040,Massimo Group,NASDAQ,
0000871763,MAN,b4103c68-7fc5-4d44-9c71-c05013210afc,ManpowerGroup Inc.,NYSE,
0001827635,MANE,f93e648a-4295-4338-952c-0325642f39fd,"Veradermics, Inc",NYSE,
0001056696,MANH,6007d5bb-953b-4910-89c1-aa87ae9e75c9,MANHATTAN ASSOCIATES INC,NASDAQ,
0001549107,MANU,9008aeea-4f98-4d1d-972d-d2dc9a9c0722,Manchester United plc,NYSE,
0001048286,MAR,bd10e4a3-a39d-4726-91cd-8b4d68a635ab,MARRIOTT INTERNATIONAL INC /MD/,NASDAQ,
0000062362,MARPS,684697cd-a619-4f65-8f3a-f16ede66e405,MARINE PETROLEUM TRUST,NASDAQ,
0000062996,MAS,3d9e6406-e27a-4c27-a898-ab1670650b5a,MASCO CORP /DE/,NYSE,
0001993097,MASK,d50b3022-2cdd-4df8-b9c0-64b982b91d7e,3 E Network Technology Group Ltd,NASDAQ,
0001555279,MASS,02cdb176-f60a-4c59-a9d5-a7b4c0de689d,908 Devices Inc.,NASDAQ,
0000063276,MAT,8ace7574-1e55-48d9-bf01-90f4d0f9589d,MATTEL INC /DE/,NASDAQ,
0001682241,MATH,d5bff490-7634-4ce5-a611-da663d3150d6,Metalpha Technology Holding Ltd,NASDAQ,
0001000623,MATV,2eea33c1-0cc8-43ff-8343-03254911f6c0,"Mativ Holdings, Inc.",NYSE,
0000063296,MATW,093571ba-140a-43f9-9d5d-78f93090c7dd,MATTHEWS INTERNATIONAL CORP,NASDAQ,
0000003453,MATX,949922e8-b577-4d30-832e-a825ab3366e5,"Matson, Inc.",NYSE,
0001818383,MAX,4920b347-6f8c-4eaf-a1db-6fbb43355080,"MediaAlpha, Inc.",NYSE,
0001842295,MAZE,d0488b94-1f74-4481-a21f-942ac4f8fd08,"Maze Therapeutics, Inc.",NASDAQ,
0002027265,MB,96760f7d-42e9-4adb-b487-4b054a1d095f,MASTERBEEF GROUP,NASDAQ,
0001610590,MBAI,a997cc32-925d-4379-b6b6-c4009ec3109c,Check-Cap Ltd,NASDAQ,
0001835385,MBBC,732a4d48-fabb-41f9-ba12-9a4d567f5aed,"Marathon Bancorp, Inc. /MD/",NASDAQ,
0001941365,MBC,54fa66a5-59dd-4890-bc34-9162b4a1ab86,"MasterBrand, Inc.",NYSE,
0002090312,MBGL,6599ec87-8b9e-41cd-90d7-30dffc56dcfb,Mobility Global Inc.,NYSE,
0000814585,MBI,2357d45b-2c16-4528-87b9-ffc70350ad89,MBIA INC,NYSE,
0001629019,MBIN,75c9e191-bf26-4eed-891a-b9c862189c96,Merchants Bancorp,NASDAQ,
0001680048,MBIO,49cfb8b4-da75-4f4b-87a0-1cbe254e78c6,"MUSTANG BIO, INC.",NASDAQ,
0001910139,MBLY,b8fd95b0-1fe7-467e-a7b7-024007f5985a,Mobileye Global Inc.,NASDAQ,
0000883975,MBOT,6ea1fb90-3000-409c-b89a-3aa93faa3d9a,Microbot Medical Inc.,NASDAQ,
0001659617,MBRX,41651fc8-de64-4dff-b008-d2a69e583226,"Moleculin Biotech, Inc.",NASDAQ,
0001590976,MBUU,48198be6-e748-4223-9963-d4ec37b4cd34,"MALIBU BOATS, INC.",NASDAQ,
0002073928,MBVIU,237fbb3b-6e97-4369-a992-b77117f15b8f,M3-Brigade Acquisition VI Corp.,NASDAQ,
0001042729,MBWM,4b8662bc-f1f6-4958-a69b-b4310a3bcb1d,MERCANTILE BANK CORP,NASDAQ,
0001776111,MBX,403cfc4f-4a5f-41bc-9d68-0a772fc10ec4,"MBX Biosciences, Inc.",NASDAQ,
0001596967,MC,36e8b3ed-d182-4bbf-9226-9d9953fb4cd7,Moelis & Co,NYSE,
0002109876,MCAHU,b82b9517-c08c-4f57-b75e-e19ec3ec4980,Mountain Crest Acquisition 6 Corp.,NASDAQ,
0001476034,MCB,ea808fd1-5fc9-4469-8381-bdbca956175c,Metropolitan Bank Holding Corp.,NYSE,
0001747068,MCBS,38c3ac8f-3cfe-4445-ada9-12ced351f727,"MetroCity Bankshares, Inc.",NASDAQ,
0000063908,MCD,e077638f-a5c9-47e4-a7ce-2bfabf5ff698,MCDONALDS CORP,NYSE,
0001638290,MCFT,b53c468d-a121-43ca-9525-752aa0a17979,"MasterCraft Boat Holdings, Inc.",NASDAQ,
0002064658,MCGAU,0b5b5d04-546b-44ec-9dcd-e310c0a7cf60,Yorkville Acquisition Corp.,NASDAQ,
0001518715,MCHB,c922ea94-ea6f-4516-ab7c-57648886cdab,Mechanics Bancorp,NASDAQ,
0000827054,MCHP,edc751a9-e628-40bd-9498-23ad7918269e,MICROCHIP TECHNOLOGY INC,NASDAQ,
0000275694,MCI,19303380-7930-4280-bffe-b8add2a9c67a,BARINGS CORPORATE INVESTORS,NYSE,
0000927653,MCK,73706fa6-f7b8-4919-9381-ff7377a56726,MCKESSON CORP,NYSE,
0001289868,MCN,e530d022-86a4-4f70-98a3-2c33ef892e4d,XAI Madison Equity Premium Income Fund,NYSE,
0001059556,MCO,7ad52094-7cc2-4ed8-b324-69731dfaa79a,MOODYS CORP /DE/,NYSE,
0001609809,MCRB,a6cead96-28ee-4b91-bc76-dd172034101e,"Seres Therapeutics, Inc.",NASDAQ,
0000907242,MCRI,bac0c94e-42af-44c3-b60a-ede8f7342a8d,MONARCH CASINO & RESORT INC,NASDAQ,
0001993431,MCRP,a61054c4-abca-4df1-9167-cc67f4811de5,Micropolis AI Robotics,AMEX,
0000062234,MCS,8bcf25ab-a209-4bd5-b309-7c669f7d8d8b,MARCUS CORP,NYSE,
0002035992,MCTA,67367f66-ac99-4d92-8978-ff0c9497b92d,Charming Medical Ltd,NASDAQ,
0000064996,MCY,a556c17f-e9f6-44be-8f6c-399325816a10,MERCURY GENERAL CORP,NYSE,
0000893949,MD,1f42101a-e67c-4930-9673-af331ab04d8f,"Pediatrix Medical Group, Inc.",NYSE,
0001857047,MDA,509f0cd1-f280-4c5b-8a57-dc43b841deb8,MDA Space Ltd.,NYSE,
0001833498,MDAIW,2ef640b9-add0-44ae-bb31-f4487500565a,"Spectral AI, Inc.",NASDAQ,
0001934642,MDBH,7cea5a11-5d26-4b0f-b2bc-c0adfc3f3d00,"MDB Capital Holdings, LLC",NASDAQ,
0001997296,MDCXW,fc192c30-67d4-4808-938a-21d06d7cc2f2,Medicus Pharma Ltd.,NASDAQ,
0001157601,MDGL,7556ca4d-fe04-4a24-aebc-57857390efcb,"MADRIGAL PHARMACEUTICALS, INC.",NASDAQ,
0001103982,MDLZ,705ec4dc-73b9-42fc-8b17-d4e13c31cfae,"Mondelez International, Inc.",NASDAQ,
0001654595,MDRR,13178e77-fcc6-420e-87c7-0fefdd4f8f90,"Medalist Diversified, Inc.",NASDAQ,
0001613103,MDT,1fc2849e-26d5-4f49-add6-2f913ded54c9,Medtronic plc,NYSE,
0000067716,MDU,0beedfed-afb1-44ec-937e-54c27e389b8a,MDU RESOURCES GROUP INC,NYSE,
0001645873,MDV,406d2feb-1ae3-41e0-9d85-4797440e2f38,"MODIV INDUSTRIAL, INC.",NYSE,
0001593984,MDWD,b718126c-1adb-4bd3-b158-c536d135f004,MediWound Ltd.,NASDAQ,
0001376339,MDXG,66cfd4ad-a301-48b1-b01e-00efaed819f3,"MIMEDX GROUP, INC.",NASDAQ,
0001872529,MDXH,de88739b-7cbf-4078-98b8-becaf573a253,MDxHealth SA,NASDAQ,
0000936958,MDY,e97d329a-ddcb-4262-9a9d-98446a488f0d,SPDR S&P MIDCAP 400 ETF TRUST,ARCA,
0001766368,MEC,1b4bc930-738d-4499-82f6-296dd3001130,"Mayville Engineering Company, Inc.",NYSE,
0000910329,MED,4ee83ece-3624-4cbb-aa23-d5b9b31a1776,MEDIFAST INC,NYSE,
0001668397,MEDP,66c81369-ee1f-48a4-a247-c1bcfaa4f899,"Medpace Holdings, Inc.",NASDAQ,
0002030763,MEDS,7e91c061-10f8-497a-8060-c7bbce7827fe,"DataMeds AI, Inc.",NASDAQ,
0001855066,MEGI,19ab3014-8a86-4910-8636-fc46ee03e6ca,NYLI CBRE Global Infrastructure Megatrends Term Fund,NYSE,
0001881472,MEGL,91c10dd9-a5bf-4152-b21d-bdf212a7d596,Magic Empire Global Ltd,NASDAQ,
0000065270,MEI,99fa49fd-6b3c-4534-9873-40e91d2f6222,METHODE ELECTRONICS INC,NYSE,
0001099590,MELI,c85841d1-e05b-4f3c-9e9c-cc8fd3949fbb,MERCADOLIBRE INC,NASDAQ,
0001954488,MENS,688c8206-b8ca-4f0a-9fa2-168679a1d436,Jyong Biotech Ltd.,NASDAQ,
0000886977,MEOH,f75fe926-f70c-41bb-84e5-61dcb5729b2b,METHANEX CORP,NASDAQ,
0001333274,MERC,be3df889-1ca5-48c7-ae9e-692d67c0bdf4,MERCER INTERNATIONAL INC.,NASDAQ,
0002081468,MESHU,a60b2d87-56c8-4c48-b3c1-b1afdbabee48,Meshflow Acquisition Corp,NASDAQ,
0001099219,MET,00e5cd6a-c370-4d72-86d2-fef5353aa17a,METLIFE INC,NYSE,
0001326801,META,fc6a5dcd-4a70-4b8d-b64f-d83a6dae9ba4,"Meta Platforms, Inc.",NASDAQ,
0001687187,METC,daa66444-131b-4a32-94a8-7d8529a3160e,"Ramaco Resources, Inc.",NASDAQ,
0002087361,MEVOU,e380c176-cff9-4c41-be9c-a9a53488e5a9,M Evo Global Acquisition Corp II,NASDAQ,
0001055160,MFA,ec02b646-c160-4331-b9ea-9df8d96345f9,"MFA FINANCIAL, INC.",NYSE,
0001086888,MFC,bdf4f6e4-5bd4-4ddf-9c39-6f7a6bb7a718,MANULIFE FINANCIAL CORP,NYSE,
0001940941,MFI,b3542f1a-d38e-4a38-9f62-bfec9c8de9ec,mF International Ltd,NASDAQ,
0001278752,MFIC,3b747c7b-dda8-4ccd-bb55-e53d0510aaa7,MidCap Financial Investment Corp,NASDAQ,
0001000209,MFIN,2f882aeb-d086-428b-8b36-41106f742ae2,MEDALLION FINANCIAL CORP,NASDAQ,
0000801961,MFM,4e025cc8-c1ae-47fc-ae56-dc64f95ba1fb,ABERDEEN MUNICIPAL INCOME FUND,NYSE,
0002088281,MFP,e2a9b32f-92c0-4e92-b94b-75be72e506ad,"Midera Food Processing, Inc.",NASDAQ,
0001436126,MG,432051b2-b010-4c4a-8e90-c4242b481721,"Mistras Group, Inc.",NYSE,
0000749098,MGA,d7f79bc8-e346-48fd-b9b9-01663d958c37,MAGNA INTERNATIONAL INC,NYSE,
0001161728,MGEE,9d2a2624-518d-4815-9bcc-cf4c2324e362,MGE ENERGY INC,NASDAQ,
0000811922,MGF,28d1372e-2029-4d27-980e-d504a8bce392,ABERDEEN GOVERNMENT MARKETS INCOME FUND,NYSE,
0001903995,MGIH,1c5a7e3d-fa1a-410b-825c-26fd6ef5ba08,Millennium Group International Holdings Ltd,NASDAQ,
0001005101,MGLD,97bc0a28-a580-4dd4-a335-f75606811738,"Marygold Companies, Inc.",AMEX,
0000789570,MGM,4eca36dd-edaf-4d57-a0cd-5ddce8c27679,MGM Resorts International,NYSE,
0001595974,MGNI,63107c75-e53d-4119-9f68-694ee0b1bf3a,"MAGNITE, INC.",NASDAQ,
0001125345,MGNX,9c23f334-78a7-47e0-82b7-e8f61e907678,MACROGENICS INC,NASDAQ,
0000835011,MGPI,1ef246b6-4662-4197-83ec-eb0f6edb960d,MGP INGREDIENTS INC,NASDAQ,
0000752714,MGRC,3a8a5d92-24b1-4bdd-b52b-6fa4674c6448,MCGRATH RENTCORP,NASDAQ,
0002033377,MGRT,9b473002-bc6e-44e3-a122-a2148b650fee,Mega Fortune Co Ltd,NASDAQ,
0001938046,MGRX,8e74d272-5b5f-4a75-b846-60fd69200b7c,"MANGOCEUTICALS, INC.",NASDAQ,
0001735438,MGTX,0dd74470-bb09-4b40-a9a1-cf8f072a0b8f,MeiraGTx Holdings plc,NASDAQ,
0001785279,MGX,ed4869b7-a17f-4d16-a7a9-a0612a98bcd2,"Metagenomi Therapeutics, Inc.",NASDAQ,
0001698990,MGY,9767ecdd-7500-45a5-af5c-5f196547dfc7,Magnolia Oil & Gas Corp,NYSE,
0001337068,MGYR,091ea868-04e0-41f6-9bc7-28067b3f8435,"Magyar Bancorp, Inc.",NASDAQ,
0001951070,MH,308176c9-a9db-4e53-af64-71151dc784d1,"McGraw Hill, Inc.",NYSE,
0001034665,MHD,806bca62-6901-4d82-ba04-298e92e4b558,"BLACKROCK MUNIHOLDINGS FUND, INC.",NYSE,
0000830487,MHF,bb63c0dd-5699-4a83-bcc6-fd1873648827,WESTERN ASSET MUNICIPAL HIGH INCOME FUND INC.,NYSE,
0001437226,MHH,3e64918b-9286-41c1-be86-2a454c8aef58,"Mastech Digital, Inc.",AMEX,
0000851968,MHK,4cbfe1d7-edee-4f6e-b496-ae0b374f0939,MOHAWK INDUSTRIES INC,NYSE,
0001412100,MHLA,6f7dc697-277e-41e8-a2a3-7a5e6a1009d4,"Maiden Holdings, Ltd.",NYSE,
0000799292,MHO,a1a4ce8f-e801-404f-a374-3e4b7d43765b,"M/I HOMES, INC.",NYSE,
0001958713,MI,df60086c-a549-4dae-93c2-62bbfb8b979a,NFT Ltd,AMEX,
0002136530,MIACU,a430388d-dc3b-4113-8b71-858cde80b7d7,Meridian3 Industrials Acquisition Corp,NASDAQ,
0001438472,MIAX,467b7a6a-2ee1-463d-a5f4-28572bb4a4ea,"MIAMI INTERNATIONAL HOLDINGS, INC.",NYSE,
0002071668,MICC,b69f5ff7-fc9d-4877-b72b-1772db674116,Magnum Ice Cream Co N.V.,NYSE,
0000769520,MIDD,b3b6be3c-a802-4048-9753-f8f612a4b9eb,MIDDLEBY Corp,NASDAQ,
0000826735,MIN,91d6834f-1c97-4de7-8ebc-5cba5d5021af,ABERDEEN INTERMEDIATE INCOME FUND,NYSE,
0000926423,MIND,77fc42f9-73d2-4449-bfe7-66e07d5df404,"MIND TECHNOLOGY, INC",NASDAQ,
0001823255,MINE,71e1b887-a499-4604-b0c6-42cd6ee239ce,MAYFAIR GOLD CORP.,AMEX,
0001809987,MIR,c632a4c6-354b-4d24-b464-5c1f4787b888,"Mirion Technologies, Inc.",NYSE,
0001904286,MIRA,6ecbe717-4535-4369-b330-68e4f1ca12be,"MIRA PHARMACEUTICALS, INC.",NASDAQ,
0001759425,MIRM,f2f9bcce-66e0-4c22-80fa-2cb2950124fd,"Mirum Pharmaceuticals, Inc.",NASDAQ,
0001408443,MIST,e034e619-6f5d-4c5e-a757-9006285f9b2a,Milestone Pharmaceuticals Inc.,NASDAQ,
0000807863,MITK,accfe4f9-2016-42ed-9220-13c75b6ef715,MITEK SYSTEMS INC,NASDAQ,
0001770236,MITQ,bc7c5bb1-89c3-4fd6-a013-1ffff0365eb1,MOVING iMAGE TECHNOLOGIES INC.,AMEX,
0001514281,MITT,0f85af0c-1683-4fa8-a20e-d3523193a2ec,"TPG Mortgage Investment Trust, Inc.",NYSE,
0000890393,MIY,1cad0dac-e601-4be9-8730-c79b0af60566,"BLACKROCK MUNIYIELD MICHIGAN QUALITY FUND, INC.",NYSE,
0000063754,MKC.V,eefa125a-bc5b-4b89-8190-5ff189dd3cc5,MCCORMICK & CO INC,NYSE,
0001991332,MKDWW,8abde94d-d523-43ac-bbde-c1a2914023a8,MKDWELL Tech Inc.,NASDAQ,
0001096343,MKL,5e21acde-2fc3-45c0-8fb3-4d20e0738299,MARKEL GROUP INC.,NYSE,
0002067592,MKLYU,d84665c2-591e-48b3-b1a6-776cdcd4090e,McKinley Acquisition Corp,NASDAQ,
0001805651,MKTW,31fc9f74-ee3d-4545-b859-d3c4f60be2fb,"MARKETWISE, INC.",NASDAQ,
0001278021,MKTX,c9ba3fb3-4daf-4f43-981e-ef531850a6bd,MARKETAXESS HOLDINGS INC,NASDAQ,
0001550913,MKZR,b6a4caf5-2bd9-416a-8b5c-1d2a826ba3c4,"MacKenzie Realty Capital, Inc.",NASDAQ,
0002094265,MLAAU,dd0d9522-9bdd-46bd-8711-22925b0b6c9e,Mountain Lake Acquisition Corp. II,NASDAQ,
0000724004,MLAB,f5362f5c-cfe2-4e96-8213-60beb7b8867d,MESA LABORATORIES INC /CO/,NASDAQ,
0002051820,MLCI,5f667cf4-6008-44d6-93bf-b205f5a6a412,Mount Logan Capital Inc.,NASDAQ,
0001381640,MLCO,bbd1c825-9cf5-428d-933b-f98a3cfdc620,Melco Resorts & Entertainment LTD,NASDAQ,
0001937737,MLECW,c0e1dd75-aa52-4bd7-807a-3ea282f614bd,Moolec Science SA,NASDAQ,
0000089439,MLI,1220182c-5641-4168-b2f2-3df7423c7267,MUELLER INDUSTRIES INC,NYSE,
0000066382,MLKN,109975ad-e1a0-4de9-9390-a2d7fd7fd57b,"MILLERKNOLL, INC.",NASDAQ,
0000916076,MLM,154033d6-32bc-43e0-8344-9a07e54e7c32,MARTIN MARIETTA MATERIALS INC,NYSE,
0000063330,MLP,fdbf75e0-eafb-4b1c-a63f-cf0ac1955fb2,MAUI LAND & PINEAPPLE CO INC,NYSE,
0000924822,MLR,a36963e7-4830-4187-a9cc-66fa61b3f433,MILLER INDUSTRIES INC /TN/,NYSE,
0000855683,MLSS,67707692-13bd-4864-b5a4-1aea9d1db387,MILESTONE SCIENTIFIC INC.,AMEX,
0001821586,MLTX,386a1103-6a02-4edb-ba1c-c27e58e44229,MoonLake Immunotherapeutics,NASDAQ,
0001933414,MLYS,8f188951-067a-45c7-ba11-2fe54438f59d,"Mineralys Therapeutics, Inc.",NASDAQ,
0001981519,MMA,489ff7f4-05da-4b66-870f-43d5aecb26be,MIXED MARTIAL ARTS GROUP LTD,AMEX,
0001518557,MMD,6e2f8ef6-5270-45fe-a9c5-c8522b8e3eb7,NYLI MacKay DefinedTerm Muni Opportunities Fund,NYSE,
0002062583,MMED,3bbbec3a-7744-4ee9-a4f0-fd7adeea6265,"MiniMed Group, Inc.",NASDAQ,
0001578732,MMI,1c654754-2f63-464f-bfa2-22b2aa90517b,"Marcus & Millichap, Inc.",NYSE,
0001176334,MMLP,6b9a9239-f132-42e7-ba22-edac0fba39d4,MARTIN MIDSTREAM PARTNERS L.P.,NASDAQ,
0000066740,MMM,b7f45fa8-7969-4ad9-ad77-775880b14278,3M CO,NYSE,
0001032220,MMS,69b78dfb-166b-4039-be92-78ded2ab247f,"MAXIMUS, INC.",NYSE,
0000856982,MMSI,7272d97a-978d-44dd-ae0b-854e6eb9cc90,MERIT MEDICAL SYSTEMS INC,NASDAQ,
0000809173,MMT,6d4d85e6-5685-4592-8e3c-b46b130b94d5,ABERDEEN MULTI-MARKET INCOME FUND,NYSE,
0002077033,MMTXU,f796c578-704c-4df0-9ab5-36c4ca473bfd,Miluna Acquisition Corp,NASDAQ,
0000886043,MMU,38d8b304-93ab-4800-8dfd-6a5448cf5418,WESTERN ASSET MANAGED MUNICIPALS FUND INC.,NYSE,
0001495153,MMYT,64347090-cd04-42f3-bb4c-7e8b705a2a59,MakeMyTrip Ltd,NASDAQ,
0001119083,MNDO,9afb686b-9ace-41d1-8cb1-4a0931ae60dd,MIND CTI LTD,NASDAQ,
0001976695,MNDR,f29bfd4f-152d-4a44-a463-c28f75ce95a1,Mobile-health Network Solutions,NASDAQ,
0001845338,MNDY,6204f95e-6b36-4b10-a215-65f689afabec,monday.com Ltd.,NASDAQ,
0000899460,MNKD,d1bc5ab2-61a6-44c6-bf8b-02a6d5779077,MANNKIND CORP,NASDAQ,
0001226616,MNOV,8252871e-b545-4f02-9786-aac649fda257,MEDICINOVA INC,NASDAQ,
0001645469,MNPR,a7ceff4d-8411-4d09-80d0-9cc97c33cff2,Monopar Therapeutics,NASDAQ,
0001980088,MNR,60d86eb4-326c-4c78-b82a-1d18df62ba2e,MACH NATURAL RESOURCES LP,NYSE,
0001693577,MNSB,32fa0464-83db-4acf-b10c-38049d71a8da,"MainStreet Bancshares, Inc.",NASDAQ,
0000865752,MNST,63595036-ec71-4cd5-9979-4997252d23f6,Monster Beverage Corp,NASDAQ,
0001826600,MNTK,69521252-ae55-4f2d-90b6-1b91ae4a0092,"Montauk Renewables, Inc.",NASDAQ,
0001891027,MNTN,a6e3fc7c-d674-4cc7-859e-3d0b8a86a315,"MNTN, Inc.",NYSE,
0001781162,MNTSW,12ffd06e-b713-4703-ade0-c368a7b12acf,Momentus Inc.,NASDAQ,
0001974044,MNYWW,276777ff-1e14-4451-843e-90694e5c5ec4,MoneyHero Ltd,NASDAQ,
0000764180,MO,4eb91cfa-4f8b-4df5-acb7-2f3434fa283f,"ALTRIA GROUP, INC.",NYSE,
0001898643,MOBBW,265c14ca-27f9-454a-af73-1f5721ad1fb9,Mobilicom Ltd,NASDAQ,
0001489993,MOBI,1f9b3504-7189-4c1d-a037-85895812043c,"Mobia Medical, Inc.",NASDAQ,
0001855467,MOBXW,72cf0460-b7b7-4219-a069-74df244898c0,"MOBIX LABS, INC",NASDAQ,
0000067347,MOD,2dd3d33c-2225-4649-bd79-ef983e57dbcd,MODINE MANUFACTURING CO,NYSE,
0001074871,MODD,150c4f0e-e38d-4b93-8003-2f23543a522e,"Modular Medical, Inc.",NASDAQ,
0000067887,MOG.A,2596dc97-926c-4ee9-a357-5e28129f5cfe,MOOG INC.,NYSE,
0001179929,MOH,20906700-9350-4d6e-a7cb-4b5068c0063e,"MOLINA HEALTHCARE, INC.",NYSE,
0001745114,MOLN,3fcbed37-4d1a-4363-baea-4f6fd5333f01,MOLECULAR PARTNERS AG,NASDAQ,
0001289419,MORN,faf007ee-a339-448f-a134-27c9c12cb401,"Morningstar, Inc.",NASDAQ,
0001285785,MOS,6c285ed0-024c-47f7-9e2a-8fb08e6913ac,MOSAIC CO,NYSE,
0000072573,MOV,02f92d8b-0522-459a-9431-51ff7e1868f8,MOVADO GROUP INC,NYSE,
0001734750,MOVE,822c5e77-76f6-43c8-9b7e-6b267eb288ea,"Corvex, Inc.",NASDAQ,
0001801368,MP,afc802b1-db28-4af2-8ebe-c25f868361c7,MP Materials Corp. / DE,NYSE,
0000891038,MPA,4bca7644-ad23-40da-853d-f37e572770a6,BLACKROCK MUNIYIELD PENNSYLVANIA QUALITY FUND,NYSE,
0000918251,MPAA,d361dc10-ac8f-4c2a-9090-f2b5297e888a,MOTORCAR PARTS OF AMERICA INC,NASDAQ,
0000879635,MPB,2ed6a5a3-c634-4830-b78b-d134a22da92c,MID PENN BANCORP INC,NASDAQ,
0001510295,MPC,639306f2-59d8-46e0-95e7-0fe917d34f13,Marathon Petroleum Corp,NYSE,
0001770069,MPLT,9b974048-4fc3-4478-9f1d-bd7f685d83fd,"MapLight Therapeutics, Inc.",NASDAQ,
0001552000,MPLX,664a0bfd-263e-4109-b0a1-e9ee2564026b,MPLX LP,NYSE,
0001287865,MPT,4acef416-a38b-42e9-9f35-db5742c6f3f0,MEDICAL PROPERTIES TRUST INC,NYSE,
0001902314,MPTI,1c63b5c6-8bc9-4e99-8b67-42bf046ea636,"M-tron Industries, Inc.",AMEX,
0001953021,MPU,b5fa5b51-d044-403c-b2c8-d27e51ba44c6,Mega Matrix Inc,AMEX,
0000831655,MPV,281706cb-0882-4af0-9d2b-b42c86ef815f,BARINGS PARTICIPATION INVESTORS,NYSE,
0001280452,MPWR,de7edaf4-bc7f-44fc-87d9-27b52406ccc6,"MONOLITHIC POWER SYSTEMS, INC.",NASDAQ,
0000890196,MQY,9974bc9a-c008-4f06-b802-efe286f313b4,"BLACKROCK MUNIYIELD QUALITY FUND, INC.",NYSE,
0001438423,MRAM,eb540d94-a956-4b51-85d9-c7ffd9ad4ff3,EVERSPIN TECHNOLOGIES INC.,NASDAQ,
0001750735,MRBK,9d8523c6-a835-4c70-be0d-3c2b11762368,Meridian Corp,NASDAQ,
0002106436,MRCOU,fbd28c27-ed61-4974-a099-4843abf70925,Mercator Acquisition Corp.,NASDAQ,
0001049521,MRCY,2ce5c133-afda-488f-90f2-529c118f551e,MERCURY SYSTEMS INC,NASDAQ,
0001437925,MRDN,0c8eace0-409b-4cc5-89d2-16117c802965,Meridian Holdings Inc./NV,NASDAQ,
0001719714,MREO,9ffe93a2-9d93-439f-8d7e-aa96b66162bd,Mereo BioPharma Group plc,NASDAQ,
0000310158,MRK,0d56791f-7395-40fa-853b-7b852bd9a7bf,"Merck & Co., Inc.",NYSE,
0001094038,MRKR,d9bb28f9-c270-4daa-904a-80d07a281d8f,"Marker Therapeutics, Inc.",NASDAQ,
0002028707,MRLN,29695ff5-c2b4-4207-8681-5bd361ad0451,"Merlin, Inc.",NASDAQ,
0001819704,MRM,c79aeba2-25c1-4a6d-87ee-a273a8f7a6b3,Medirom Healthcare Technologies Inc.,NASDAQ,
0001682852,MRNA,b02df0cc-0a0a-4ecb-8e92-201b1044ea21,"Moderna, Inc.",NASDAQ,
0001988776,MRNOW,04b84bd6-00b3-472e-b460-5f0fecb98de6,Murano Global Investments Plc,NASDAQ,
0002017206,MRP,6f5f1061-030a-40f4-925d-4a0435b9ff0c,"Millrose Properties, Inc.",NYSE,
0001852767,MRT,dba872da-4e1d-4bf9-8553-f99a4ef398d4,"Marti Technologies, Inc.",AMEX,
0000799167,MRTN,430eaf00-8448-4351-9b15-bba7df2250bc,MARTEN TRANSPORT LTD,NASDAQ,
0001823239,MRVI,0e967a96-2a81-4eaf-91cc-83d5cce69717,"MARAVAI LIFESCIENCES HOLDINGS, INC.",NASDAQ,
0001835632,MRVL,723c21be-11af-4450-9b64-20346a6905fc,"Marvell Technology, Inc.",NASDAQ,
0001997464,MRX,cb7ef791-39aa-490a-98e5-9bb4105ecb70,Marex Group Ltd,NASDAQ,
0000895421,MS,1c2f8701-b8cb-40b6-902a-1e9a6a0c7bcf,MORGAN STANLEY,NYSE,
0000066570,MSA,44f56e42-6f52-4177-8f67-ee3981dca051,MSA Safety Inc,NYSE,
0001863990,MSAIW,847523d8-dd2f-4aab-9ddb-85c30d7f9a36,"MultiSensor AI Holdings, Inc.",NASDAQ,
0000065172,MSB,edb5b95b-a5c7-4242-9ac9-4a197da60ffb,MESABI TRUST,NYSE,
0001466026,MSBI,d4662f45-0d9d-43fb-bec6-137f43eaa473,"Midland States Bancorp, Inc.",NASDAQ,
0002103612,MSBT,14f7d574-f378-4cb9-b67c-54e50149be7f,Morgan Stanley Bitcoin Trust,ARCA,
0001408198,MSCI,0ef68826-b0f7-45b8-b273-8251f7133f0a,MSCI Inc.,NYSE,
0000904112,MSD,2d7ad0dd-f822-47d5-882b-7c2695d35019,MORGAN STANLEY EMERGING MARKETS DEBT FUND INC,NYSE,
0001782524,MSDL,393912b1-497e-47e5-b1c8-8a6d7dbae1fb,Morgan Stanley Direct Lending Fund,NYSE,
0000066004,MSEX,e29ff415-e898-4899-bcc7-3e16b3d6770d,MIDDLESEX WATER CO,NASDAQ,
0000789019,MSFT,b6d1aa75-5c9c-4353-a305-9e2caa1925ab,MICROSOFT CORP,NASDAQ,
0001952073,MSGE,73138b99-7451-4cda-8e77-e0f23e460606,Madison Square Garden Entertainment Corp.,NYSE,
0001821175,MSGM,1553511a-a92a-45ad-ad20-cb3a48d9d289,Motorsport Games Inc.,NASDAQ,
0001636519,MSGS,2d2f348b-f191-4841-b089-8b041539a973,Madison Square Garden Sports Corp.,NYSE,
0002020228,MSGY,a7e1d8ff-11a1-419d-809d-a88bbce297ad,Masonglory Ltd,NASDAQ,
0000068505,MSI,dc8a1979-4f40-4e60-bc92-686687c28c43,"Motorola Solutions, Inc.",NYSE,
0001535778,MSIF,272f39f2-ea9e-46ed-a095-ce3b34e74ed5,"MSC INCOME FUND, INC.",NYSE,
0001421642,MSLE,b45903b2-8fad-4e38-ab0b-ab85872d2460,Satellos Bioscience Inc.,NASDAQ,
0001003078,MSM,0442557b-22bb-486a-a0ff-324efadd31ce,MSC INDUSTRIAL DIRECT CO INC,NYSE,
0000032621,MSN,f9178cb5-fef4-4651-b85e-46eb015dc2e3,EMERSON RADIO CORP,AMEX,
0002103547,MSOL,6fde1c4f-ea99-4ad2-b67f-c8328009ca78,Morgan Stanley Solana Trust,ARCA,
0001892292,MSS,f697c679-44b8-402c-981d-c4f338f8b295,Maison Solutions Inc.,NASDAQ,
0002103976,MSSE,729bce90-63db-4564-b777-9a7f31d1d774,Morgan Stanley Ethereum Trust,ARCA,
0001882464,MSSWF,7f82dad7-a655-475e-866a-21110b263e9f,Metal Sky Star Acquisition Corp,NASDAQ,
0001243429,MT,cb84773e-f3e0-41f1-b0e6-cb94b0e8041a,ArcelorMittal,NYSE,
0001722606,MTA,97ae307b-9a9e-428f-b9e1-7f8b6e9cf214,Metalla Royalty & Streaming Ltd.,AMEX,
0002133136,MTAKU,00a78cee-90ae-4601-af07-42c296ec8bb5,Market Technology Acquisition Corp,NASDAQ,
0002107724,MTAL,8f99ffe2-6288-4b34-8422-2211fe7c1002,Metals Acquisition Corp. II,NYSE,
0000036270,MTB,c116ed61-e58f-45af-8b63-499fac4d0cab,M&T BANK CORP,NYSE,
0000891103,MTCH,3ea63016-3f73-4588-b047-0efcfda49a65,"Match Group, Inc.",NASDAQ,
0001037646,MTD,51fa61cb-6769-4e6e-b721-69348ce359f5,METTLER TOLEDO INTERNATIONAL INC/,NYSE,
0001520006,MTDR,2f00ea44-09ec-47cf-8bd5-63db689b8a88,Matador Resources Co,NYSE,
0001872964,MTEKW,2e646767-ba24-47b2-a93e-e1ea2d4ab710,Maris Tech Ltd.,NASDAQ,
0001948099,MTEN,9af55a98-f484-496c-8be6-a9ef8e10bcc9,Mingteng International Corp Inc.,NASDAQ,
0001056358,MTEX,e3c5cf37-1a5f-4715-81c2-560053ade4b9,MANNATECH INC,NASDAQ,
0000876437,MTG,4f61fde7-8106-4dd6-b743-9f9cb5fc536a,MGIC INVESTMENT CORP,NYSE,
0000833079,MTH,dd4e21ef-a943-44a8-8abd-d0f885315a04,Meritage Homes CORP,NYSE,
0001091223,MTLS,00aa58d7-55a9-4a39-9045-c7415d8d1a06,MATERIALISE NV,NASDAQ,
0000812011,MTN,9ea58b64-61a9-4cc9-a9c7-79bc675046ed,VAIL RESORTS INC,NYSE,
0001582554,MTNB,e9684e82-2eea-4ea0-b2c3-0cd7727dc256,"Matinas BioPharma Holdings, Inc.",AMEX,
0002044817,MTNE,81f6445e-2742-49a6-a4ac-d2d4daf470b0,CH4 Natural Solutions Corp,NYSE,
0000313364,MTR,f01ffdf5-b82f-419a-9b2d-564a3ba44aa1,MESA ROYALTY TRUST/TX,NYSE,
0001104657,MTRN,b712acfe-2481-47ae-8151-c3e1b71c7c0d,MATERION Corp,NYSE,
0000866273,MTRX,136eaaf2-e300-4d73-89b6-3bd53c849427,MATRIX SERVICE CO,NASDAQ,
0001493594,MTSI,6fde6f4a-e547-4017-827e-27f4acb57051,"MACOM Technology Solutions Holdings, Inc.",NASDAQ,
0001598428,MTUS,e0d11184-3777-4c56-a02a-23af4941d968,Metallus Inc.,NYSE,
0001638287,MTVA,023a88f5-b932-4634-b156-db9d23ce1130,MetaVia Inc.,NASDAQ,
0000061986,MTW,173c7a34-03e0-4526-8bac-ea620dd62a94,MANITOWOC CO INC,NYSE,
0000891014,MTX,9df788ca-be1d-49d0-b6bc-ac097225e021,MINERALS TECHNOLOGIES INC,NYSE,
0000015615,MTZ,210c962e-3846-4468-bb99-67905302a7dd,MASTEC INC,NYSE,
0000723125,MU,1ef18995-5094-4f62-a5c5-e00168611152,MICRON TECHNOLOGY INC,NASDAQ,
0000901243,MUA,662f6c82-671f-4720-b997-4917cfa20ec5,"BLACKROCK MUNIASSETS FUND, INC.",NYSE,
0001051004,MUC,e43fa759-6d99-4a80-a2aa-4f8b046fcbe9,"BLACKROCK MUNIHOLDINGS CALIFORNIA QUALITY FUND, INC.",NYSE,
0000067088,MUFG,4d57b5dc-1a3e-4fd1-aa38-f1a78dbfd4dc,MITSUBISHI UFJ FINANCIAL GROUP INC,NYSE,
0001053988,MUJ,2aa39eae-e32c-4d28-97c6-8d23a956c1ed,"BLACKROCK MUNIHOLDINGS NEW JERSEY QUALITY FUND, INC.",NYSE,
0000717423,MUR,c8bdb36f-320f-45ff-98ca-7e9cd364e770,MURPHY OIL CORP,NYSE,
0001573516,MUSA,f6e58946-f57b-44a7-a79f-aa8f198aed92,Murphy USA Inc.,NYSE,
0000314203,MUX,892ef813-19c1-4aa9-95db-057149920fbc,McEwen Inc.,NYSE,
0002093484,MUZEU,f9dc28fc-2165-4765-9fb3-d1f3e0c4dba4,Muzero Acquisition Corp,NASDAQ,
0001277902,MVBF,2087d49d-c32d-471b-aa01-b2f24facef14,MVB FINANCIAL CORP,NASDAQ,
0000065770,MVIS,c8307780-ffc2-4b90-b968-c37194b797ab,"MICROVISION, INC.",NASDAQ,
0001760689,MVST,f226d845-d61f-4679-905c-f11dd5521fdf,"Microvast Holdings, Inc.",NASDAQ,
0001350593,MWA,c682a9d5-50b2-40e2-9d25-1f570d432be0,"Mueller Water Products, Inc.",NYSE,
0001941500,MWG,2f01248e-889a-4f31-8781-64b8cbe42da5,Multi Ways Holdings Ltd,AMEX,
0002065636,MWH,461d75aa-16ef-4060-acba-e5537483e949,"SOLV Energy, Inc.",NASDAQ,
0002030522,MWYN,2752a64c-859e-45fd-ba54-67b3a293f79c,"Marwynn Holdings, Inc.",NASDAQ,
0001325702,MX,0f2c9f32-3747-4d46-ae63-0feef7bc92d0,MAGNACHIP SEMICONDUCTOR Corp,NYSE,
0000066418,MXC,1ad02411-21a6-4b97-9243-97c0b23b3668,MEXCO ENERGY CORP,AMEX,
0001287098,MXCT,02e8137a-0d9c-471b-b3df-04dd11746481,"MAXCYTE, INC.",NASDAQ,
0000863900,MXE,31fa6964-82a5-4d40-bbf1-98be4a5b409a,MEXICO EQUITY & INCOME FUND INC,NYSE,
0000065433,MXF,6ca352cd-6b3e-4267-b5a4-ca1498117b57,MEXICO FUND INC,NYSE,
0001288469,MXL,8057a280-5ebc-414e-bf77-c2771c4d481b,"MAXLINEAR, INC",NASDAQ,
0000069488,MYE,330241f1-acc8-4027-9462-8d9b4b65c5de,MYERS INDUSTRIES INC,NYSE,
0001327607,MYFW,eec1dab5-9117-4230-8023-6edd035b5f1f,First Western Financial Inc,NASDAQ,
0000899923,MYGN,3fe018b1-9625-4860-bc43-77b474a65493,MYRIAD GENETICS INC,NASDAQ,
0000883412,MYI,29f36d0d-fdd4-4251-8004-8f61125506ec,"BLACKROCK MUNIYIELD QUALITY FUND III, INC.",NYSE,
0000882150,MYN,03148536-6a9e-4952-8eaf-c5277db337b6,"BLACKROCK MUNIYIELD NEW YORK QUALITY FUND, INC.",NYSE,
0001369290,MYO,b632cda9-2c95-4905-a721-33af03796ee5,"MYOMO, INC.",AMEX,
0001823878,MYPS,60e1c237-0ebf-4cd5-9803-a89e8e0a6afc,"PLAYSTUDIOS, Inc.",NASDAQ,
0000700923,MYRG,b1cebeea-565e-48d5-80f1-1f78e6289ccb,MYR GROUP INC.,NASDAQ,
0001648960,MYSE,6dc8d920-017a-47d0-a387-79811269a309,"Myseum.AI, Inc.",NASDAQ,
0001211805,MYSZ,047d21d7-f607-406e-9026-738288481df9,"My Size, Inc.",NASDAQ,
0002080087,MYXXU,2d7ce492-b92e-470e-a468-3d2475392483,Maywood Acquisition Corp. 2,NASDAQ,
0000057515,MZTI,d6c7e261-a7ae-4bab-96d7-d06794628891,MARZETTI CO,NASDAQ,
0002097376,MZYX,539f5813-258a-431d-b60a-bf89f007127c,MOZAYYX Acquisition Corp.,NYSE,
0001712178,NAAS,ff90a8e8-c534-4b1e-ab6c-d277a12cfa4c,NaaS Technology Inc.,NASDAQ,
0001834488,NABL,97001799-19ab-49dc-ab33-e1b03499128a,"N-able, Inc.",NYSE,
0001074952,NAC,e5affa52-3c00-400e-9f73-e6cad4998c20,Nuveen California Quality Municipal Income Fund,NYSE,
0001083839,NAD,b550650f-855e-4d20-bd9c-714661f056b9,Nuveen Quality Municipal Income Fund,NYSE,
0001386570,NAGE,05c97d28-4bc5-4bd9-a1ad-740124d943d7,"Niagen Bioscience, Inc.",NASDAQ,
0000787253,NAII,3539c730-a202-4476-b461-d6c63cbd72df,NATURAL ALTERNATIVES INTERNATIONAL INC,NASDAQ,
0001164771,NAK,ab25443b-64a4-417f-8143-19528ba101b2,NORTHERN DYNASTY MINERALS LTD,AMEX,
0001946573,NAKA,087b8b6e-c5ad-4ee1-a5b4-1bad900e8369,Nakamoto Inc.,NASDAQ,
0001967631,NAMI,043cb716-21a3-4aa0-8433-59504f8a30e7,Jinxin Technology Holding Co,NASDAQ,
0002026514,NAMMW,98ae8c13-d723-420c-a5ce-00753ecbf6b8,Namib Minerals,NASDAQ,
0001936258,NAMSW,2d0836af-bc8f-458f-8b8f-0206a3b3e14a,NewAmsterdam Pharma Co N.V.,NASDAQ,
0001074769,NAN,9c4fe860-bb0d-4a6e-b079-40886d346486,NUVEEN NEW YORK QUALITY MUNICIPAL INCOME FUND,NYSE,
0001000177,NAT,31c69a25-f499-4aee-a206-f833fa03c2ff,NORDIC AMERICAN TANKERS Ltd,NYSE,
0000069733,NATH,b987b007-a8c8-454c-a26e-fb6e43df0dee,"NATHANS FAMOUS, INC.",NASDAQ,
0001974138,NATL,b4ca886b-7281-4616-87c9-bcd42a7bc6f2,NCR Atleos Corp,NYSE,
0000275053,NATR,8ecd9502-2042-4132-ae9f-32e16246988e,NATURES SUNSHINE PRODUCTS INC,NASDAQ,
0001808805,NAUT,0f0d0890-c9a0-436d-bf8d-5c2447be2dad,"Nautilus Biotechnology, Inc.",NASDAQ,
0001593538,NAVI,7d211797-f58f-49c9-87af-3270b2892651,NAVIENT CORP,NASDAQ,
0000892992,NAZ,c3f80b65-51eb-42f1-83ff-754691b91774,NUVEEN ARIZONA QUALITY MUNICIPAL INCOME FUND,NYSE,
0001478888,NBB,fbd85cb5-a791-4d8f-98a9-abc1fd67220d,Nuveen Taxable Municipal Income Fund,NYSE,
0001979330,NBBK,558aaa53-cf76-4c38-8305-e62d13125c1b,"NB Bancorp, Inc.",NASDAQ,
0001178839,NBH,ddb2b765-1ab6-4fa6-851f-5ba718b69bfb,NEUBERGER MUNICIPAL FUND INC.,AMEX,
0001475841,NBHC,5a2c3ee1-32a0-474f-aa24-aee4561ad773,National Bank Holdings Corp,NYSE,
0001513845,NBIS,44d23ccc-a7b5-4cfd-968d-590a6274f43b,Nebius Group N.V.,NASDAQ,
0000914475,NBIX,d91660bb-2c4d-482a-9822-3a0b2641fb7f,NEUROCRINE BIOSCIENCES INC,NASDAQ,
0001778016,NBP,c568f497-e40a-470c-8e95-490c1c76faad,NovaBridge Biosciences,NASDAQ,
0001163739,NBR,1efc48ee-fb18-43a9-a5dc-03399c579a6c,NABORS INDUSTRIES LTD,NYSE,
0001918414,NBRGU,f2ad4a37-d42a-49cf-b124-bda05380d0a4,Newbridge Acquisition Ltd,NASDAQ,
0000790359,NBTB,4cf919fe-3f5b-48e8-81c0-5e497b38f2c6,NBT BANCORP INC,NASDAQ,
0001843181,NBXG,6175fd1f-22db-4473-b3b1-1b9e252ee741,Neuberger Next Generation Connectivity Fund Inc.,NYSE,
0000789933,NC,d8b849e4-8f30-4b3b-b7f9-742e9e2e0271,NACCO INDUSTRIES INC,NYSE,
0000818851,NCA,02cd4d04-a2ed-4316-93c9-d449a60b6efb,NUVEEN CALIFORNIA MUNICIPAL VALUE FUND,NYSE,
0001737924,NCDL,a918a58e-5477-42c4-b634-63a99c531576,Nuveen Churchill Direct Lending Corp.,NYSE,
0001783036,NCEL,7e41b08f-1570-4265-98ba-9142e8abf831,NewcelX Ltd.,NASDAQ,
0001968043,NCEW,c065ccfe-d87b-4481-b5ed-2728b63fbb7e,New Century Logistics (BVI) Ltd,NASDAQ,
0001916331,NCI,c40f9637-f9b3-410a-acb9-5583f2fdc12e,Neo-Concept International Group Holdings Ltd,NASDAQ,
0002031069,NCIQ,52b519f3-3602-4478-b05d-f7d4e3afcfa7,Hashdex Nasdaq CME Crypto Index ETF,NASDAQ,
0001923780,NCL,bebc9c1c-42c2-4b3a-9481-a5fd3deab931,Northann Corp.,AMEX,
0001513761,NCLH,81f61b55-adee-402e-87d4-7b49579e2338,Norwegian Cruise Line Holdings Ltd.,NYSE,
0001377630,NCMI,613340c5-3c3d-4d28-b002-f660240eff8a,"National CineMedia, Inc.",NASDAQ,
0002116230,NCOOU,e94db7c6-889b-43c9-bbf3-4c437c0459b6,Southern Cross Acquisition I Corp.,NASDAQ,
0001414767,NCPLW,3a5dadcf-0175-491c-88d9-feeff03da254,Netcapital Inc.,NASDAQ,
0001756180,NCRA,634005cf-4fef-4fd6-a80a-240f3615a8d2,"NOCERA, INC.",NASDAQ,
0001692427,NCSM,960429ad-b3c2-4580-840b-944ead00e9c1,"NCS Multistage Holdings, Inc.",NASDAQ,
0002018529,NCT,b27d5f3f-8e64-4a76-8a66-e1125b50666a,Intercont (Cayman) Ltd,NASDAQ,
0001214935,NCV,3c156cdb-c29a-4c32-a155-e96a4cec42eb,Virtus Convertible & Income Fund,NYSE,
0001227857,NCZ,2b255312-6a24-4a5e-b0e1-ad65adf5bbec,Virtus Convertible & Income Fund II,NYSE,
0001120193,NDAQ,cd5c9e8e-df7c-435b-b301-c75eae954069,"NASDAQ, INC.",NASDAQ,
0001793129,NDMO,4aca5612-835f-42d0-be7d-1431b0cf89a1,Nuveen Dynamic Municipal Opportunities Fund,NYSE,
0001681682,NDRA,cf6cfbcf-c0cb-483d-acd7-febed4427c04,ENDRA Life Sciences Inc.,NASDAQ,
0000072331,NDSN,4df3f2ef-4d3d-4c9e-a7ca-d69919e79a43,NORDSON CORP,NASDAQ,
0001895262,NE,62a035d0-64d0-4f2b-9d43-bd71ba7f5cb2,Noble Corp plc,NYSE,
0001195737,NEA,d2aedeac-3893-40d3-9391-e1820e8159d3,Nuveen AMT-Free Quality Municipal Income Fund,NYSE,
0001847398,NECB,0d329200-357b-45f2-8f7c-7406ce821d0f,"NorthEast Community Bancorp, Inc./MD/",NASDAQ,
0000753308,NEE,ac20a75d-5bb4-4d10-96e8-f5e58e730139,NEXTERA ENERGY INC,NYSE,
0001474627,NEGG,1d3114f2-7503-4f26-8cde-4b2421e94b5e,"Newegg Commerce, Inc.",NASDAQ,
0001164727,NEM,96da6121-b5ab-4f8b-bb53-60ae53cb5ed3,NEWMONT Corp /DE/,NYSE,
0000746514,NEN,98255227-0ec4-400b-b9f7-1b46e619775c,NEW ENGLAND REALTY ASSOCIATES LIMITED PARTNERSHIP,AMEX,
0001077183,NEO,c3831c2d-2dd0-46de-926b-5dc6e9803536,NEOGENOMICS INC,NASDAQ,
0000711377,NEOG,f0d82351-d454-44a1-8324-00f13a575d92,NEOGEN CORP,NASDAQ,
0000087050,NEON,1d29014f-2b17-4a16-bb0f-528c14e2e0f8,Neonode Inc.,NASDAQ,
0001748137,NEOVW,3be58732-751e-48a0-9b10-894458af5254,NeoVolta Inc.,NASDAQ,
0001196298,NEPH,4a6b2c90-857b-4db6-9709-169e31b00fe7,NEPHROS INC,NASDAQ,
0001598646,NERV,64e127ba-b00a-4831-ade8-6a09138099ec,"Minerva Neurosciences, Inc.",NASDAQ,
0001698514,NESR,e849d955-b948-4d49-becb-cca3950289ef,National Energy Services Reunited Corp.,NASDAQ,
0001282637,NEU,6ed59488-8868-4029-ac55-baa6f1445a2a,NEWMARKET CORP,NYSE,
0001191070,NEUP,196049e2-50ea-4715-bf9b-6b5cc03e6130,Neuphoria Therapeutics Inc.,NASDAQ,
0001369085,NEWP,bd9dd6ea-2f34-43b6-a7f1-35023b2650bc,NEW PACIFIC METALS CORP,AMEX,
0001587987,NEWT,8683eb57-a28e-432b-855b-2bb5876ff7d2,"NewtekOne, Inc.",NASDAQ,
0001713930,NEXA,817a76fe-adea-41cf-9316-cfb69b0d0cba,Nexa Resources S.A.,NYSE,
0000795800,NEXM,fbe4f0f0-90c6-4b7b-b3ab-42f5975734fa,NexMetals Mining Corp.,NASDAQ,
0001849396,NEXN,015263c3-1ca4-4d3d-b64d-851fedcee07d,Nexxen International Ltd.,NASDAQ,
0001885408,NEXRW,d5d40563-57ce-4733-a5f2-3b4a1e7dc0a4,Nexera Technologies Ltd,NASDAQ,
0001612720,NEXT,d705c2cf-1997-454c-a121-643ae14813bf,NextDecade Corp,NASDAQ,
0001749723,NFE,66f51685-b423-4c45-8207-985d249c8ccc,New Fortress Energy Inc.,NASDAQ,
0000070145,NFG,b5bf0336-dae2-49b3-b3b2-cc5599065e38,NATIONAL FUEL GAS CO,NYSE,
0001840616,NFGC,9d48ba8f-3749-4bbb-9fa5-2409862252fe,New Found Gold Corp.,AMEX,
0001260563,NFJ,853a3126-d27b-45c7-b1ab-c46f1191e933,"Virtus Dividend, Interest & Premium Strategy Fund",NYSE,
0001065280,NFLX,bb2a26c0-4c77-4801-8afc-82e8142ac7b8,NETFLIX INC,NASDAQ,
0001173420,NG,837de957-3933-43b7-a188-be04b3da92ee,NOVAGOLD RESOURCES INC,AMEX,
0001751912,NGEN,a4da8f48-e4ba-4d0e-9062-320a78315093,NERVGEN PHARMA CORP.,NASDAQ,
0001004315,NGG,406e1717-5f0f-4e8e-b990-719c6ba62d25,NATIONAL GRID PLC,NYSE,
0001504461,NGL,99ef65f3-265d-429f-a981-57184a279344,NGL Energy Partners LP,NYSE,
0001404644,NGNE,acc99fc8-778f-4bce-91f7-66d2cb3cf4d8,Neurogene Inc.,NASDAQ,
0001084991,NGS,a82fc714-7528-4f3e-be24-6e730dd51559,NATURAL GAS SERVICES GROUP INC,NYSE,
0001547459,NGVC,62111973-5fbd-431a-94b2-e679c56abc87,"Natural Grocers by Vitamin Cottage, Inc.",NYSE,
0001653477,NGVT,d5ada945-2b0d-485d-a096-a9eede26dc60,Ingevity Corp,NYSE,
0001047335,NHC,1b2219fd-f38a-4221-8d65-adda5b42f6ca,NATIONAL HEALTHCARE CORP,AMEX,
0000877860,NHI,8b7dcd59-3ce2-4845-9ba2-02a79d8cd30f,NATIONAL HEALTH INVESTORS INC,NYSE,
0002043699,NHICU,584868ea-990d-4ade-8f6e-2c56ea6b67a2,NewHold Investment Corp. III,NASDAQ,
0002099767,NHIVU,56bc561d-74de-4d88-a608-8f873f35b982,NewHold Investment Corp IV,NASDAQ,
0001561032,NHP,8a2d21ea-ca4e-41aa-9135-67e8fc4b03b6,"National Healthcare Properties, Inc.",NASDAQ,
0001487610,NHS,127e68a9-0444-47c0-b47f-0677ecbe5a79,Neuberger High Yield Strategies Fund Inc.,AMEX,
0000912061,NHTC,afca2f68-dde3-4c28-baa0-26f8002d9ca5,NATURAL HEALTH TRENDS CORP,NASDAQ,
0001111711,NI,11c19425-9801-44b2-aabb-b1871d1aaef9,NISOURCE INC.,NYSE,
0001174850,NIC,8edc618d-a470-4ade-a136-ce6ba14414b8,NICOLET BANKSHARES INC,NYSE,
0001526475,NICM,015c0a87-5702-41c4-a24b-1a0fe938fba6,NICOLA MINING INC.,NASDAQ,
0001383441,NIE,6b7f4d66-778e-44b2-9e0b-3796f558edd9,Virtus Equity & Convertible Income Fund,NYSE,
0001734005,NIKI,0aaaa1b9-1e61-4000-b52e-da2ac7db6db5,"Niki BioSolutions, Inc.",NASDAQ,
0000890119,NIM,a51d44cf-f7c1-4613-8134-bae2b496b05d,NUVEEN SELECT MATURITIES MUNICIPAL FUND,NYSE,
0001532286,NINE,78882d98-8045-434f-a2df-b4f05607feb8,"Nine Energy Service, Inc.",AMEX,
0001512228,NIOBW,cacfdee1-da3f-4d43-970a-caf00dfe81eb,NIOCORP DEVELOPMENTS LTD,NASDAQ,
0002054696,NIQ,b1439545-6c1b-4c8d-8049-f3a1507c172f,NIQ Global Intelligence plc,NYSE,
0001744781,NIU,73b0ff8a-7245-4e01-933b-bb06e7060cdd,Niu Technologies,NASDAQ,
0001981662,NIVFW,d521c656-91d2-4106-bebd-b3c57bc2ed07,NewGenIvf Group Ltd,NASDAQ,
0000356309,NJR,27baf56f-40c3-43c6-882b-f20819e1fde1,NEW JERSEY RESOURCES CORP,NYSE,
0000320187,NKE,db00f7c3-19bb-42b6-9beb-79e92487f99e,"NIKE, Inc.",NYSE,
0002067627,NKLR,79c35844-9384-48ce-9ea3-97673ecf13bb,Terra Innovatum Global N.V.,NASDAQ,
0000796534,NKSH,4fec4c0b-2235-41d1-a610-f5199f2859df,NATIONAL BANKSHARES INC,NASDAQ,
0000906709,NKTR,c6d9de2b-42c2-423e-89cb-3cb88fa85ef8,NEKTAR THERAPEUTICS,NASDAQ,
0001787400,NKTX,2f28a9c3-963a-439e-a2c2-8db263deb576,"Nkarta, Inc.",NASDAQ,
0001195738,NKX,79e321e3-b76a-4d61-8865-bcc012cc5c08,NUVEEN CALIFORNIA AMT-FREE QUALITY MUNICIPAL INCOME FUND,NYSE,
0001952976,NLOP,5ed3a44e-50c1-4035-8be3-b47d196d97de,Net Lease Office Properties,NYSE,
0001043219,NLY,2e587c4b-dc14-4b16-a260-a999bf566546,ANNALY CAPITAL MANAGEMENT INC,NYSE,
0001335105,NMAD,244673c9-1049-4402-beb9-969c38b9bed3,"NOMAD POWER SOLUTIONS, INC.",NASDAQ,
0001861115,NMAI,c7025ba0-230a-4158-b5f0-ed75df74ac77,Nuveen Multi-Asset Income Fund,NYSE,
0002026478,NMAX,a3849cce-3b6a-4a19-b356-df8f00d7bb10,Newsmax Inc.,NYSE,
0001774342,NMCO,7c4f501e-24f3-4c67-a3dc-11a3826524f4,Nuveen Municipal Credit Opportunities Fund,NYSE,
0001496099,NMFC,9c61d3b6-1ae3-457d-b39c-ae269cf2aa3f,New Mountain Finance Corp,NASDAQ,
0001649752,NMG,f775d6c4-cd8d-4926-8f87-97d335e05ea5,Nouveau Monde Graphite Inc.,NYSE,
0000830271,NMI,17155aa8-5e6f-4090-8320-0c8762d8e4d1,NUVEEN MUNICIPAL INCOME FUND INC,NYSE,
0001562051,NML,d3621d15-1fce-4e28-ad17-629d62e0de68,Neuberger Energy Infrastructure & Income Fund Inc.,AMEX,
0001415921,NMM,0069c7a6-e1cc-47fe-b4e1-0d96f3a496d8,Navios Maritime Partners L.P.,NYSE,
0002054876,NMPAR,dd071e2e-e653-4d3d-9f4d-2bc40bfd22a4,NMP Acquisition Corp.,NASDAQ,
0001163653,NMR,cb191c40-c58b-4d97-82f2-f484dbbcc9b4,NOMURA HOLDINGS INC,NYSE,
0001885522,NMRA,14fff5fa-01ca-4095-961a-ed863e195d78,"Neumora Therapeutics, Inc.",NASDAQ,
0001690680,NMRK,50bb3961-1ad3-4ce9-bcc4-900638283ffc,"NEWMARK GROUP, INC.",NASDAQ,
0001607997,NMS,2d5a8ea7-3a29-4c44-a27b-3b0322eb9b39,Nuveen Minnesota Quality Municipal Income Fund,NYSE,
0000897419,NMT,8b9f4c02-d52d-4df9-9759-31356cc01f0e,NUVEEN MASSACHUSETTS QUALITY MUNICIPAL INCOME FUND,NYSE,
0001500198,NMTC,ae1c2ad2-37ca-4528-88f1-2b35abf156d7,NEUROONE MEDICAL TECHNOLOGIES Corp,NASDAQ,
0001266585,NMZ,61ec2a37-2926-4c4d-b59f-31de10623af2,NUVEEN MUNICIPAL HIGH INCOME OPPORTUNITY FUND,NYSE,
0001865631,NN,2f7ba74e-4b37-405c-b9b4-8fe91e10f489,NEXTNAV INC.,NASDAQ,
0001643303,NNDM,7aeb539e-b713-4a70-8a99-563ddc35f5bb,Nano Dimension Ltd.,NASDAQ,
0001923891,NNE,a4afb6df-1ec3-4746-be55-7e08f1b12cb3,Nano Nuclear Energy Inc.,NASDAQ,
0001258602,NNI,b9e6c126-a83b-4402-b361-4e9df55a9276,NELNET INC,NYSE,
0000751364,NNN,46ed2855-4f8f-4bf4-82ec-dbd76a42f632,"NNN REIT, INC.",NYSE,
0001982708,NNNN,c3bea9bf-7b4f-4cc7-b536-062c928284df,Anbio Biotechnology,NASDAQ,
0001795251,NNOX,dd794f31-19b8-4451-ba01-77d8846ce75a,Nano-X Imaging Ltd.,NASDAQ,
0001379006,NNVC,ffca8ec3-23c8-4999-95ad-a5bdca2d173c,"NANOVIRICIDES, INC.",AMEX,
0000818850,NNY,e52fc913-963e-4556-9e6f-5e40ba4d921a,NUVEEN NEW YORK MUNICIPAL VALUE FUND,NYSE,
0001368519,NOA,9c9c192d-6a2b-497f-994c-930948eecfa3,North American Construction Group Ltd.,NYSE,
0001133421,NOC,02deac19-d59b-4b15-ae55-a375e182bffd,NORTHROP GRUMMAN CORP /DE/,NYSE,
0001956648,NOEMU,0825446a-d139-4ab4-a812-f96fced7b2f4,CO2 Energy Transition Corp.,NASDAQ,
0001104485,NOG,5d940750-b2df-42e3-9172-de00e15d7459,"NORTHERN OIL & GAS, INC.",NYSE,
0000924613,NOK,53f4d07f-dfcc-48d5-bb73-d8a4bab76a10,NOKIA CORP,NYSE,
0001651717,NOMD,c7dddb24-c2dd-42cf-85cb-ec95dfa7bb71,Nomad Foods Ltd,NYSE,
0001021860,NOV,42bb557d-cb3b-4279-951e-610937fe1a98,NOV Inc.,NYSE,
0001076930,NOVT,8dfa079c-9d79-4eb0-a0bb-cace40b5b3e4,NOVANTA INC,NASDAQ,
0001373715,NOW,0ec9e18b-6dc2-43f7-a956-8d07bac7c08b,"ServiceNow, Inc.",NYSE,
0002067129,NP,c91a442d-b90b-4c47-8451-0de76e6dc63e,Neptune Insurance Holdings Inc.,NYSE,
0002048948,NPACW,74abdb9a-a2c8-4615-997a-ba2c67a76a14,New Providence Acquisition Corp. III/Cayman,NASDAQ,
0001336706,NPB,ace35936-d8f0-4785-9251-c2554e13e325,NORTHPOINTE BANCSHARES INC,NYSE,
0001528287,NPCE,594f9e43-ee03-4ee0-87af-58b7acec4516,NeuroPace Inc,NASDAQ,
0001835068,NPCT,6554e905-bbe8-4411-af1e-dec7414936b7,Nuveen Core Plus Impact Fund,NYSE,
0001865389,NPFD,488323c1-7b31-4f65-b2c0-14f4af2daf26,Nuveen Variable Rate Preferred & Income Fund,NYSE,
0000080172,NPK,fed829f7-0c05-49a9-a696-00215c29bd71,NATIONAL PRESTO INDUSTRIES INC,NYSE,
0000071829,NPKI,abbb3707-4254-4e43-aea1-ab8ae56c9e8e,NPK International Inc.,NYSE,
0001164863,NPO,afea4a52-f1d5-40fd-87e3-d2e77b6471e0,Enpro Inc.,NYSE,
0000897421,NPV,e38ac953-b460-43ec-80f6-4bb8e3d1f9b1,NUVEEN VIRGINIA QUALITY MUNICIPAL INCOME FUND,NYSE,
0001845437,NPWR,4ee07edb-213a-4133-a995-02ea1cdcd111,NET Power Inc.,NYSE,
0000070487,NRC,365cc684-c279-4148-8baf-b9ccf43cdffb,NRC HEALTH,NASDAQ,
0001625278,NRDS,7cb39d2e-c074-4a43-b4b3-b474c6d406d3,"NERDWALLET, INC.",NASDAQ,
0001819404,NRDY,6aabed26-db5c-4633-bc76-ad8b17d7f60b,Nerdy Inc.,NYSE,
0001786248,NREF,db7d91f1-2886-404e-b9d3-e721c4de7fd7,"NexPoint Real Estate Finance, Inc.",NYSE,
0001013871,NRG,0181e333-c29a-4f7f-94f4-64884b17934a,"NRG ENERGY, INC.",NYSE,
0001828536,NRGV,b4c465a5-8d3c-460f-8ced-823454d2d8b1,"Energy Vault Holdings, Inc.",NYSE,
0001163370,NRIM,806f1ef6-322c-4330-964d-733a0dd5946e,NORTHRIM BANCORP INC,NASDAQ,
0001549595,NRIX,34908d5b-2ebd-4c8b-899f-41753b204bca,"Nurix Therapeutics, Inc.",NASDAQ,
0001195739,NRK,08ae7cfe-8cb0-4ba9-b4b6-8507b0828536,NUVEEN NEW YORK AMT-FREE QUALITY MUNICIPAL INCOME FUND,NYSE,
0001261166,NRO,2ac5b323-95dd-4259-9b4e-5affba4851ed,NEUBERGER REAL ESTATE SECURITIES INCOME FUND INC,AMEX,
0001171486,NRP,3cb802a1-4950-4587-9010-ef52a1b9825f,NATURAL RESOURCE PARTNERS LP,NYSE,
0001875091,NRSNW,29c8d88e-418a-4748-890d-ebaaf133433e,NeuroSense Therapeutics Ltd.,NASDAQ,
0000072633,NRT,8ab5c0d2-fb63-40f4-b7bd-01fc426a7c1b,NORTH EUROPEAN OIL ROYALTY TRUST,NYSE,
0000070502,NRUC,a6423a2d-1891-4b3d-b9e9-95b62e92b233,NATIONAL RURAL UTILITIES COOPERATIVE FINANCE CORP /DC/,NYSE,
0001719406,NRXP,9f0a79a6-0a9c-42a0-b772-0e3a71fb6ca3,"NRX Pharmaceuticals, Inc.",NASDAQ,
0001933567,NRXS,5897bf98-975f-4e21-bcd3-263f16987215,"Neuraxis, INC",AMEX,
0000702165,NSC,477b4ce8-cdd7-48b8-9c40-e64e37bbeadd,NORFOLK SOUTHERN CORP,NYSE,
0000932696,NSIT,74c0839d-1350-4801-842f-5f79b0d9a49a,INSIGHT ENTERPRISES INC,NASDAQ,
0001509470,NSLR,385fdf86-0f9f-4968-bb75-722221768259,Neostellar Capital Corp.,NASDAQ,
0001000753,NSP,7d4e7c9b-d63f-41f7-b019-536b1d26c860,"INSPERITY, INC.",NYSE,
0001433607,NSPR,b8b94562-7003-4951-b13c-7a5001a22596,"InspireMD, Inc.",NASDAQ,
0002029039,NSRX,bc6cac44-5cb9-4d75-82c2-65716033cb1d,Nasus Pharma Ltd,AMEX,
0000069633,NSSC,0c43a879-a117-4509-9949-0237ac9a985b,"NAPCO SECURITY TECHNOLOGIES, INC",NASDAQ,
0001881592,NSTS,c1285dfa-6ef1-4687-90f1-bc1d159ba461,"NSTS Bancorp, Inc.",NASDAQ,
0000722313,NSYS,d27f575e-5f9e-4e33-8bab-1cee178e9229,NORTECH SYSTEMS INC,NASDAQ,
0001002047,NTAP,d37df28f-5646-48c8-99cc-4d0c9a5ec9ff,"NetApp, Inc.",NASDAQ,
0001653242,NTB,9afd255c-0a23-4a6e-ad4f-8f8ed0d67a63,Bank of N.T. Butterfield & Son Ltd,NYSE,
0001927578,NTCL,cb47fb01-c05f-4fc4-9f33-f40fdcd8a31b,NetClass Technology Inc,NASDAQ,
0001078075,NTCT,07fa554b-397a-4e4c-921f-7403a5ed1ab5,NETSCOUT SYSTEMS INC,NASDAQ,
0001122904,NTGR,6422b4cb-260d-43e2-9f1d-be97fdbcf806,"NETGEAR, INC.",NASDAQ,
0001979414,NTHI,963795ca-ba40-4cb2-87c2-4b8711704007,"NEONC TECHNOLOGIES HOLDINGS, INC.",NASDAQ,
0000875582,NTIC,c28b13e8-d9d5-49d9-b604-07d829c5b7f9,NORTHERN TECHNOLOGIES INTERNATIONAL CORP,NASDAQ,
0001065078,NTIP,d323f83f-8b66-45cc-91aa-3330fb341c03,"NETWORK-1 TECHNOLOGIES, INC.",AMEX,
0001652130,NTLA,961e4631-0f65-4c2b-ae87-8a5f20b847be,"Intellia Therapeutics, Inc.",NASDAQ,
0001725964,NTR,1d81b9d7-57b8-4322-88f6-b39ae6089431,Nutrien Ltd.,NYSE,
0001604821,NTRA,acdc828b-f33a-40e9-a5e4-863d813e897c,"Natera, Inc.",NASDAQ,
0001676047,NTRBW,e6557434-b683-41d2-a677-ea8ede4dd558,NutriBand Inc.,NASDAQ,
0000788611,NTRP,3949c415-36bf-4f30-b351-38406d51e768,"NextTrip, Inc.",NASDAQ,
0000073124,NTRS,d796f63d-e6e4-4d9a-a81f-6efe59152bfe,NORTHERN TRUST CORP,NASDAQ,
0001798100,NTST,699ffffd-de06-4dcc-920f-cc1fe6ee4d03,NETSTREIT Corp.,NYSE,
0001039280,NTWK,b7659ba7-23b5-47fd-9803-06f100f8e424,NETSOL TECHNOLOGIES INC,NASDAQ,
0002028027,NTWOU,62a4078a-4485-4818-bbb1-43f18ff8eef4,Newbury Street II Acquisition Corp,NASDAQ,
0000900391,NTZ,522bb1ad-a004-4b47-b273-a317b04ac953,NATUZZI S P A,NYSE,
0001691493,NU,329787c2-5f4f-4e4a-a740-24c8ceb1487f,Nu Holdings Ltd.,NYSE,
0002028336,NUAIW,60d661be-c268-4329-a624-cbbb6c7c9119,"New ERA Energy & Digital, Inc.",NASDAQ,
0002089283,NUCLW,0a042cc1-43fa-4256-b32f-45ae8dbd3c08,Eagle Nuclear Energy Corp.,NASDAQ,
0000073309,NUE,3c3a99ab-4500-4f14-8f23-50a01d3019b1,NUCOR CORP,NYSE,
0001021561,NUS,d3357f20-2566-4b9d-a709-c3ab4e549457,"NU SKIN ENTERPRISES, INC.",NYSE,
0002006468,NUTR,1bc15d0b-0ead-4a86-a2db-7e675be44fa7,NUSATRIP Inc,NASDAQ,
0001479681,NUTX,d5282b6f-f73c-420a-a1c8-3573d386774f,Nutex Health Inc.,NASDAQ,
0000812801,NUV,c47aaab1-02db-4315-b46a-c246e096e1fc,NUVEEN MUNICIPAL VALUE FUND INC,NYSE,
0001811063,NUVB,95b9816c-c514-49eb-b66f-adc1317bd7f2,Nuvation Bio Inc.,NYSE,
0001450445,NUW,84bb43f5-cc04-47fa-90c0-7abd0a3065c1,Nuveen AMT-Free Municipal Value Fund,NYSE,
0001506492,NUWE,17c6d64a-56ca-44f3-ac93-88efa0c9f46a,"Nuwellis, Inc.",NASDAQ,
0001852551,NVA,8e7ea51b-e6df-4986-afc1-b4ddff8d8bf2,Nova Minerals Corp,AMEX,
0001000694,NVAX,f8ef4e04-4d2f-4ed3-8092-1228904e63aa,NOVAVAX INC,NASDAQ,
0001645113,NVCR,c3990139-c184-4d3a-b013-915a72370a19,NovoCure Ltd,NASDAQ,
0001875558,NVCT,ffb15cee-a7e7-4607-873f-4cdbb42dc336,"Nuvectis Pharma, Inc.",NASDAQ,
0001045810,NVDA,4ce9353c-66d1-46c2-898f-fce867ab0247,NVIDIA CORP,NASDAQ,
0001090116,NVG,70024fcd-f4c7-4426-8d85-bc2e2e2fa4bc,Nuveen AMT-Free Municipal Credit Income Fund,NYSE,
0001581804,NVGS,57bbe2b7-1701-4a9b-9efe-ae575fb9fba4,Navigator Holdings Ltd.,NYSE,
0001965143,NVNIW,9a33a489-3d15-46c5-8ece-3d74193e4b03,Nvni Group Ltd,NASDAQ,
0001661053,NVNO,773f48a3-828c-42a3-97f6-fd43e81864e7,enVVeno Medical Corp,NASDAQ,
0000353278,NVO,5b308e57-62f3-47b8-afec-1ea0e3a6e536,NOVO NORDISK A S,NYSE,
0000906163,NVR,6521415f-8f5c-48be-ab46-c854cd21c7b7,NVR INC,NYSE,
0002104052,NVRI,f2df2be3-8ae8-43bb-a689-2e48827d6c6e,Enviri Corp,NYSE,
0001114448,NVS,0e0a8d50-17fe-44ce-b4ab-839cd5e63c4b,NOVARTIS AG,NYSE,
0001720635,NVT,a763ff7a-3c2c-4b50-9d38-1e1a0572fe4e,nVent Electric plc,NYSE,
0001821769,NVTS,c246693f-d7ef-449d-b026-9962de4d5d79,Navitas Semiconductor Corp,NASDAQ,
0002074878,NWAX,e03b1b60-24c5-4919-85bd-317ebd51bc51,New America Acquisition I Corp.,NYSE,
0001471265,NWBI,282297b5-6f2b-4495-94ab-3c501a5be4f8,"Northwest Bancshares, Inc.",NASDAQ,
0001993004,NWE,70d9de11-ff81-41a8-919a-34a1d9327a22,"NorthWestern Energy Group, Inc.",NASDAQ,
0001013272,NWFL,4d49936b-a693-4e7f-bcde-66c7c554cdf2,NORWOOD FINANCIAL CORP,NASDAQ,
0001948294,NWGL,2082d800-799f-43a8-995e-a0f7cfe5dff4,CL Workshop Group Ltd,NASDAQ,
0000814453,NWL,51dc5fc6-c891-4293-a435-f09ca03dcfc4,NEWELL BRANDS INC.,NASDAQ,
0001733998,NWN,c1decd0c-a5ab-48c8-8d81-b70ffe14cae7,Northwest Natural Holding Co,NYSE,
0001001385,NWPX,b27f5d64-bc81-4a28-b37d-395877defa2c,"NWPX Infrastructure, Inc.",NASDAQ,
0001934245,NWTG,0ee3c657-e499-45aa-85d3-73d228e3abbb,"Newton Golf Company, Inc.",NASDAQ,
0001423221,NX,ab17bb6e-8245-46fc-93c0-e4b9cd959f08,Quanex Building Products CORP,NYSE,
0002067767,NXB,db0be401-d854-47f0-9485-7389581f2d92,NextBoat Inc.,AMEX,
0001846069,NXDR,34b40c9a-e999-48dd-8c35-013ae93471f7,"Nextdoor Holdings, Inc.",NYSE,
0001356115,NXDT,b7f0dcd7-9c75-4c22-a1d1-52f77ce809f2,NEXPOINT DIVERSIFIED REAL ESTATE TRUST,NYSE,
0001698535,NXE,5b8dec9e-e5c5-4f2a-8efd-1c6a7c7c8aa4,NexGen Energy Ltd.,NYSE,
0001506488,NXG,f3393861-8c0c-48df-bb13-a29ace51e16f,NXG NextGen Infrastructure Income Fund,NYSE,
0001468929,NXGLW,d90e28af-d9b5-4940-a65d-d35fec770ddd,"NEXGEL, INC.",NASDAQ,
0001527352,NXL,f566dda4-776b-4131-af53-1272d0d38b14,"Nexalin Technology, Inc.",NASDAQ,
0000883618,NXP,f83152f7-52b2-499c-8c35-eb3e78c634a5,NUVEEN SELECT TAX FREE INCOME PORTFOLIO,NYSE,
0001413447,NXPI,840703bb-88cd-4cac-9acd-91eba330dc8a,NXP Semiconductors N.V.,NASDAQ,
0001058307,NXPL,49549479-18eb-426a-b6c9-6f944ac86a20,NextPlat Corp,NASDAQ,
0001620393,NXRT,f40a0659-a953-419b-b81d-f91e6791240e,"NexPoint Residential Trust, Inc.",NYSE,
0001142417,NXST,0c6730bb-5d7d-491b-8a80-2144619c383e,"NEXSTAR MEDIA GROUP, INC.",NASDAQ,
0001661059,NXTC,5dc3fec2-6a08-451f-8ab3-3e8c540fd8db,"NextCure, Inc.",NASDAQ,
0001789192,NXTS,dcc57082-12aa-45f5-b671-1bbcae42aed9,Nexentis Technologies Inc.,NASDAQ,
0001784970,NXTT,3f3b06ed-ab31-4676-9c70-f4cd6acca9ea,Next Technology Holding Inc.,NASDAQ,
0001817004,NXXT,aa72040c-ce50-43ec-b5d1-a5ae4e765c9f,"NEXTNRG, INC.",NASDAQ,
0001595527,NYC,bc0a0c35-5270-4668-812e-37727e1f83cf,American Strategic Investment Co.,NYSE,
0000071691,NYT,b5f4f9e0-89e5-4d5a-a7cf-70503212c958,NEW YORK TIMES CO,NYSE,
0001857190,NYXH,c2444028-3bc7-4d18-882c-72bb97a0cb2f,Nyxoah SA,NASDAQ,
0001137887,NZF,8fed6ded-2f92-42a2-a1d9-e38b66b42903,Nuveen Municipal Credit Income Fund,NYSE,
0000726728,O,c1de0f49-b6d3-4636-ab9b-5aed83596918,REALTY INCOME CORP,NYSE,
0001846253,OABIW,a04b91d3-55a0-4957-a575-7ad62146c92c,"OmniAb, Inc.",NASDAQ,
0002029769,OACCU,5ec6602f-241a-436c-b78f-6929c1416dee,Oaktree Acquisition Corp. III Life Sciences,NASDAQ,
0001756064,OBAI,a3733cbb-5944-4042-bede-f6f1b2922940,"Our Bond, Inc.",NASDAQ,
0002034313,OBAWU,9ee09001-3433-4098-8ea0-4259b1181a3a,Oxley Bridge Acquisition Ltd,NASDAQ,
0001655888,OBDC,938824ca-ee88-4266-be02-fa6974124fd7,Blue Owl Capital Corp,NYSE,
0001334388,OBE,411f8bc0-6206-4639-a8a4-6cd8438e01d4,OBSIDIAN ENERGY LTD.,AMEX,
0001814114,OBIO,cf920078-aafd-4734-9940-4ca43b248287,"Orchestra BioMed Holdings, Inc.",NASDAQ,
0001516912,OBK,f7bead63-c829-416b-8016-987146e4b851,"Origin Bancorp, Inc.",NYSE,
0001754226,OBT,79a6de45-9eb3-48a3-ab0e-a09786d4bd3f,"Orange County Bancorp, Inc. /DE/",NASDAQ,
0001767057,OBTC,40833d18-b05b-46f3-9aa9-845a6332cd96,Osprey Bitcoin Trust,NASDAQ,
0001370946,OC,04f109fb-bdcb-4460-acf2-ee367dcd8623,Owens Corning,NYSE,
0001926314,OCAC,da941ba9-d6d1-47eb-aacf-e8d2e34abd34,Ocean Capital Acquisition Corp,NYSE,
0001000230,OCC,3a405c78-7ba6-4d8f-8c27-e271dded55b2,OPTICAL CABLE CORP,NASDAQ,
0001716951,OCCI,0802297d-3364-4d6d-a073-00b518828545,"OFS Credit Company, Inc.",NASDAQ,
0001004702,OCFC,55084ecd-8d39-4d53-8cef-8f7dca27be41,OCEANFIRST FINANCIAL CORP,NASDAQ,
0001776067,OCG,4b41f02c-0c0d-445b-9333-60a8f684d920,Oriental Culture Holding LTD,NASDAQ,
0001372299,OCGN,3e59f0bd-a197-4e69-995a-733be53ecb0f,"Ocugen, Inc.",NASDAQ,
0001953530,OCSAW,7b0c0e0d-535d-4411-bb67-a147e1b0eab1,Oculis Holding AG,NASDAQ,
0001414932,OCSL,a7fe3e00-67ed-4e49-b59b-72e0b9c1bd23,Oaktree Specialty Lending Corp,NASDAQ,
0002083632,OCTV,551ec9fa-0095-4f28-b608-ee209299427f,Octave Intelligence plc,NASDAQ,
0001393434,OCUL,cced93be-0b40-4037-9fbd-f265c6105945,"OCULAR THERAPEUTIX, INC",NASDAQ,
0000074046,ODC,20c8dbe7-970f-46f0-a100-d3ea64e33fea,Oil-Dri Corp of America,NYSE,
0001907085,ODD,26e41251-71f4-420b-98e0-1326abb350df,Oddity Tech Ltd,NASDAQ,
0000878927,ODFL,5e255d55-471d-45fc-ad7a-65c904018bf2,"OLD DOMINION FREIGHT LINE, INC.",NASDAQ,
0001882782,ODTX,da8444d6-8765-4487-a9bb-240c29f444cc,"Odyssey Therapeutics, Inc.",NASDAQ,
0001577445,ODYS,0b79548b-9514-414f-b6e8-488ac05c0c08,Odysight.ai Inc.,NASDAQ,
0001609804,OEC,2a2195b3-3db2-4ada-b28b-5f12f19e709c,Orion S.A.,NYSE,
0001409375,OESX,0e07422b-daba-4400-a2a5-0d554741f72d,"ORION ENERGY SYSTEMS, INC.",NASDAQ,
0001030469,OFG,ea06fd7f-4518-4ce1-b264-12536dc5a536,OFG BANCORP,NYSE,
0000884624,OFIX,42de56b2-7666-47e6-a5d1-b493181bc175,Orthofix Medical Inc.,NASDAQ,
0001317945,OFLX,15d335a0-6710-41da-99a6-42e90401108e,"Omega Flex, Inc.",NASDAQ,
0001696556,OFRM,571eb574-e517-4fab-8b37-ffec036e88e0,"Once Upon a Farm, PBC",NYSE,
0001487918,OFS,baaf1c8e-6fdb-43e0-94f0-27abece9986e,OFS Capital Corp,NASDAQ,
0001487326,OGC,a278fef7-75c9-4e38-8833-b188fff597a5,OceanaGold Corp,NYSE,
0001021635,OGE,708130a6-61e6-4f12-a13e-787801f5a281,OGE ENERGY CORP.,NYSE,
0001174940,OGEN,a9091a6d-10fa-4737-8fad-6a69e16af016,ORAGENICS INC,AMEX,
0001431852,OGG,936325ae-4cb6-456a-8bb8-9f67ea890de3,Osisko Gold Group Inc.,NYSE,
0001620737,OGI,f625371e-2082-4b3e-964c-ac1020941943,ORGANIGRAM GLOBAL INC.,NASDAQ,
0001821825,OGN,9dc36a49-27bc-4b88-86e3-8b95c55f057b,Organon & Co.,NYSE,
0001587732,OGS,30de9dc7-ee13-4849-8e70-740cb2c519a9,"ONE Gas, Inc.",NYSE,
0002090787,OHACU,86f0dd5d-8e9e-4178-b39b-629e8060370e,Oceanhawk Acquisition Corp.,NASDAQ,
0000888491,OHI,ef2093b7-a53a-4d89-bfcf-5cd6dcc8e124,OMEGA HEALTHCARE INVESTORS INC,NYSE,
0000812074,OI,fb03bbe0-d35e-4b21-8900-6a343c853f72,"O-I Glass, Inc. /DE/",NYSE,
0000835333,OIA,a5268a52-6d4f-4738-a235-fbf997a143a2,Invesco Municipal Income Opportunities Trust,NYSE,
0000073756,OII,bf26b4b8-3f9e-492d-bfc7-11ecbb3b5838,OCEANEERING INTERNATIONAL INC,NYSE,
0002088325,OIMAU,4eb57d7f-10fd-4eb9-b02d-45f5de58015e,OneIM Acquisition Corp.,NASDAQ,
0001957538,OIOWW,560683cb-0e78-4cad-a9ec-3d8b2281ae75,OIO Group,NASDAQ,
0001121484,OIS,0e15d869-f6b3-4679-a5a3-b6ef744b75cb,"OIL STATES INTERNATIONAL, INC",NYSE,
0001039684,OKE,1b3dea47-c70a-4a67-8c2d-a2007d06d8cd,ONEOK INC /NEW/,NYSE,
0001849056,OKLO,db1fa611-b4eb-4644-bc78-e9dce334218f,Oklo Inc.,NYSE,
0001637715,OKUR,aaaf4cef-8789-4776-8695-f7791d351b2e,"OnKure Therapeutics, Inc.",NASDAQ,
0001849296,OKYO,a106f303-b079-459a-acc2-70b4e93f1f1a,OKYO Pharma Ltd,NASDAQ,
0001314196,OLB,ba7c65c8-4cb3-4abc-aed9-dbcf138e3124,"OLB GROUP, INC.",NASDAQ,
0001005284,OLED,ab971d03-5c44-49a4-894a-266e484c0c80,UNIVERSAL DISPLAY CORP PA,NASDAQ,
0001639300,OLLI,2a933f90-95bf-4e5b-a635-de7f9f483dc5,"Ollie's Bargain Outlet Holdings, Inc.",NASDAQ,
0001750284,OLMA,dbee8159-25ae-40e5-9b77-f118b8f877e5,"Olema Pharmaceuticals, Inc.",NASDAQ,
0000074303,OLN,3cce78ff-60db-4d8b-af8b-5b27db3c7d34,OLIN Corp,NYSE,
0001023994,OLOX,6eef89bb-6bd5-4e13-ae99-0d7d5cea7aa1,OLENOX INDUSTRIES INC.,NASDAQ,
0000712770,OLP,b4a68094-1486-4786-a6f6-d6b2d9f43e0d,ONE LIBERTY PROPERTIES INC,NYSE,
0001484612,OM,6da4771d-4eb8-4767-b59d-ee5c49b428e9,"Outset Medical, Inc.",NASDAQ,
0000029989,OMC,1f80b3e7-c5a9-41c1-90e8-454620f6c568,OMNICOM GROUP INC.,NYSE,
0001611115,OMDA,36831b67-e787-499b-aedb-5580f025043f,"Omada Health, Inc.",NASDAQ,
0001285819,OMER,988449f9-045a-48fb-a840-45085ab8ef2b,OMEROS CORP,NASDAQ,
0000798528,OMEX,e5f0d858-4a29-4224-a86b-c6139269aff2,ODYSSEY MARINE EXPLORATION INC,NASDAQ,
0001584207,OMF,3a6370ab-1eb2-4a26-9824-28f46e4012a6,"OneMain Holdings, Inc.",NYSE,
0002012219,OMSE,0f9deade-5218-425b-8fca-bb9694d8b3f4,OMS Energy Technologies Inc.,NASDAQ,
0001097864,ON,b56defb4-e3f6-4756-ba80-143862d2dda1,ON SEMICONDUCTOR CORP,NASDAQ,
0000707179,ONB,eacb0b87-d3d2-4a2f-86e9-2386956bc388,OLD NATIONAL BANCORP /IN/,NASDAQ,
0001651308,ONC,41072d72-1624-462c-93dc-dc91aaca09d9,BeOne Medicines Ltd.,NASDAQ,
0002054272,ONCHU,55a62c84-7087-45f3-82c2-18c533552e5a,1RT Acquisition Corp.,NASDAQ,
0001782107,ONCO,def7b033-3bd1-4785-9ab4-691c653d2f28,"Onconetix, Inc.",NASDAQ,
0001129928,ONCY,e86f4732-f71e-4287-a0d4-cd6f16f74e38,ONCOLYTICS BIOTECH INC,NASDAQ,
0002030834,ONEG,750f826b-d00f-4641-b4e6-c3b9322ec803,OneConstruction Group Ltd,NASDAQ,
0001772921,ONEW,ff56653a-6401-4883-b26f-e1dddc471fc5,OneWater Marine Inc.,NASDAQ,
0001825452,ONFOW,37719df8-9605-4a5c-b5a9-11bc2bad9783,"Onfolio Holdings, Inc",NASDAQ,
0000873860,ONIT,bdf46b03-3446-4f3b-adf3-057b817d25f9,ONITY GROUP INC.,NYSE,
0001873923,ONL,62fe1aa9-9df1-46cf-ad8f-7fc006917ab7,Orion Properties Inc.,NYSE,
0001849380,ONMDW,db352fca-120f-4566-b96f-4cdd20ba11c0,OneMedNet Corp,NASDAQ,
0001858985,ONON,4488c26a-517c-46ac-b7f6-1f2c194d8ae5,On Holding AG,NYSE,
0001643615,ONT,057aaf85-8f5e-4169-8c14-7452232b32e0,"Onterris, Inc.",NYSE,
0000704532,ONTO,55915b08-afb5-44fe-8668-821f8eb1ed34,ONTO INNOVATION INC.,NYSE,
0001825024,OPAD,4ccad142-333c-49d6-9aa1-07abc3a2920a,Offerpad Solutions Inc.,NYSE,
0001842279,OPAL,d916b8e8-baf4-4fb4-8dd9-fa847fbf0a15,OPAL Fuels Inc.,NASDAQ,
0001722010,OPBK,0501d389-3f98-46c1-935d-c9f9522a68aa,OP Bancorp,NASDAQ,
0001014739,OPCH,cd70f6e8-290f-45b9-b92b-522a76b2a801,"Option Care Health, Inc.",NASDAQ,
0001801169,OPEN,49e57e97-4bc0-4612-ab0b-9fdff513ea61,Opendoor Technologies Inc.,NASDAQ,
0001818502,OPFI,6223a803-74cc-4d1b-bee3-8f07571197c0,OppFi Inc.,NYSE,
0001288855,OPHC,3abd41b9-018e-4fe6-8fb5-875bee074f81,"OptimumBank Holdings, Inc.",AMEX,
0001456772,OPI,a5d9c57b-c53d-4f56-8ff4-5e25c97792a8,OFFICE PROPERTIES INCOME TRUST,NASDAQ,
0000944809,OPK,9c3ede6e-e1ad-4472-98c7-4b6317b7e6f1,"OPKO HEALTH, INC.",NASDAQ,
0001395942,OPLN,c3335ce9-edb7-4c64-8682-5125dc86cc27,"OPENLANE, Inc.",NYSE,
0001678130,OPP,95fe3614-a966-413a-a289-ec8862dabd6a,"RiverNorth/DoubleLine Strategic Opportunity Fund, Inc.",NYSE,
0001538716,OPRT,c85bca95-1666-4271-8084-35d23c150b28,Oportun Financial Corp,NASDAQ,
0001448431,OPRX,927d3d19-414a-49ef-a0c3-08d8205508dd,OptimizeRx Corp,NASDAQ,
0002027329,OPTH,c5f8a4ae-e573-4548-8ead-ced81a655b7c,Optimi Health Corp.,NASDAQ,
0001378140,OPTT,dc2f61a1-58b7-4c89-bfaa-86ef0af932a9,"Ocean Power Technologies, Inc.",AMEX,
0001702780,OPTU,60aec580-1a4c-41c3-bef5-ee769f0167bc,"Optimum Communications, Inc.",NYSE,
0001866816,OPTXW,3732dcac-ccb2-4a43-9b0e-c29872c348cf,"SYNTEC OPTICS HOLDINGS, INC.",NASDAQ,
0001397016,OPXS,b5233e3f-6f70-4e21-af97-cc749024214a,Optex Systems Holdings Inc,NASDAQ,
0000791963,OPY,50942665-f5d0-40ff-9762-33f0eab96dc4,OPPENHEIMER HOLDINGS INC,NYSE,
0001627272,OR,a3e188e7-01cd-44ad-857e-681056a0f597,OR Royalties Inc.,NYSE,
0001296445,ORA,d1c0c059-88e4-4df3-8644-16561fd7bf4f,"ORMAT TECHNOLOGIES, INC.",NYSE,
0001892492,ORBS,54e93589-156e-4524-b6c2-803b5c72b47b,Eightco Holdings Inc.,NASDAQ,
0001518621,ORC,3c5b1ff4-b45b-4157-9502-b43c79a8cecb,"Orchid Island Capital, Inc.",NYSE,
0001341439,ORCL,27982558-2464-4daf-bb2f-b3b728659884,ORACLE CORP,NYSE,
0001661181,ORGO,17bc9e63-5541-462d-8144-0e934ed5c44c,Organogenesis Holdings Inc.,NASDAQ,
0000074260,ORI,f0d65653-693b-4dd0-8434-2a846bdcba8d,OLD REPUBLIC INTERNATIONAL CORP,NYSE,
0001796280,ORIC,37e600ea-cef4-46af-b8a4-a0d595c1d2a6,"Oric Pharmaceuticals, Inc.",NASDAQ,
0001602842,ORIO,933b0e2b-3b72-49b6-bb66-94aa1607f361,Orion Digital Corp.,NASDAQ,
0002044523,ORIQU,95f7512d-5498-4de2-a9d7-c951d84bf200,Origin Investment Corp I,NASDAQ,
0000907654,ORKA,09f97b60-6adb-441c-8356-228bcb65abaa,"Oruka Therapeutics, Inc.",NASDAQ,
0001979407,ORKT,b84cd74f-5210-4984-8878-4186f533ab52,ORANGEKLOUD TECHNOLOGY INC.,NASDAQ,
0000898173,ORLY,c73e2c28-af3f-4f5d-b550-a56b567ed47c,O REILLY AUTOMOTIVE INC,NASDAQ,
0001176309,ORMP,581f6554-7ad0-43c1-b06f-c2a29f013a98,ORAMED PHARMACEUTICALS INC.,NASDAQ,
0001402829,ORN,7cf5c15d-4275-4633-9339-6c9aeeef3a06,Orion Group Holdings Inc,NYSE,
0000826154,ORRF,788095f1-2504-4bd3-b502-90bd2f4dece6,ORRSTOWN FINANCIAL SERVICES INC,NASDAQ,
0000357173,OSBC,9255e41c-888e-48bd-97cc-92eb6fd2894f,OLD SECOND BANCORP INC,NASDAQ,
0001568651,OSCR,3a09892d-5876-40d0-8b58-ee54a52cb39d,"Oscar Health, Inc.",NYSE,
0000874501,OSG,61f5c7f3-31f9-49d8-9cec-d761806c0609,OCTAVE SPECIALTY GROUP INC,NYSE,
0001039065,OSIS,48acdacd-8fec-469e-9f2f-ba45603d768e,OSI SYSTEMS INC,NASDAQ,
0000775158,OSK,bae82bb3-5ce7-49cc-9816-4599d55fb29a,OSHKOSH CORP,NYSE,
0001044777,OSPN,b0b710b6-7aae-421f-b3a4-b18ee6eeb6c5,OneSpan Inc.,NASDAQ,
0002113481,OSPRU,15649de5-1a98-4853-9e72-b5d573bdf5cf,Osprey Acquisition Corp. III,NASDAQ,
0001840425,OSRHW,dec37d8f-aabe-4e6b-91ba-6c8c35070b9d,"OSR Health, Inc.",NASDAQ,
0001394056,OSS,871cca3d-eb11-439c-9de0-cd15e0f663f1,"ONE STOP SYSTEMS, INC.",NASDAQ,
0001803407,OST,154dffa6-afb1-496f-8746-c9808a02b77e,"Ostin Technology Group Co., Ltd.",NASDAQ,
0001795091,OSTX,628d5996-4238-46a8-a62e-ea138f498ab0,OS Therapies Inc,AMEX,
0001116463,OSUR,35161b25-6126-484a-9efe-33ebc423b22d,ORASURE TECHNOLOGIES INC,NASDAQ,
0001758488,OSW,72ad27c2-d943-4846-a9b9-44815a7feab1,ONESPAWORLD HOLDINGS Ltd,NASDAQ,
0002094076,OTAI,46fb494e-414e-4679-9ae3-122f3368cd1f,Starlink AI Acquisition Corp,NYSE,
0001002638,OTEX,6dd3bfea-7f52-4b0f-8d5f-72cc259a8638,OPEN TEXT CORP,NASDAQ,
0001747777,OTF,f7bf81c2-8ff8-4727-8063-67dce25f896e,Blue Owl Technology Finance Corp.,NYSE,
0002077010,OTGAU,2c61b085-a2a5-4a18-9e04-17d897a595ce,OTG Acquisition Corp. I,NASDAQ,
0001781335,OTIS,0af9c045-b1d4-4f26-9847-cf5c6f5984af,Otis Worldwide Corp,NYSE,
0001649989,OTLK,a2cb3c2d-4965-4c35-9004-e591a718d67c,"Outlook Therapeutics, Inc.",NASDAQ,
0001843586,OTLY,10b6263f-43d6-4862-b005-f194ade06e9c,Oatly Group AB,NASDAQ,
0001466593,OTTR,a1dbcc7d-ba56-486a-b53f-0402e526660f,Otter Tail Corp,NASDAQ,
0001546652,OUNZ,d0a23ae7-e69e-45ec-9aa3-a3f5b4999d82,VanEck Merk Gold ETF,ARCA,
0001816581,OUST,02afaf0c-ecc0-4608-961b-1f1b06a14ae6,"Ouster, Inc.",NASDAQ,
0001579877,OUT,8d04ca7a-03a4-4ab2-aa32-312af500efff,OUTFRONT Media Inc.,NYSE,
0000894671,OVBC,425777de-52cc-4b88-aa9e-42b57718444e,OHIO VALLEY BANC CORP,NASDAQ,
0001636651,OVID,2e3f9747-cd99-48a1-aac7-1b2c49cf84d5,Ovid Therapeutics Inc.,NASDAQ,
0001431567,OVLY,5ea5cf1f-955e-42c8-a25c-9b7097c2c0e8,Oak Valley Bancorp,NASDAQ,
0001792580,OVV,6a8e775c-1cf3-48bf-a3d1-3ceabcbf0a44,Ovintiv Inc.,NYSE,
0001823945,OWL,c8fbe576-d266-412d-baa7-07b175a7775d,BLUE OWL CAPITAL INC.,NYSE,
0001816708,OWLT,38390f65-76a5-4691-b382-9ade62d1ae9a,"Owlet, Inc.",NYSE,
0001584831,OXBR,20c4ae72-2aee-450b-9bd6-334f5296a848,OXBRIDGE RE HOLDINGS Ltd,NASDAQ,
0001495222,OXLC,8d82dc29-e338-4127-a6f1-f863379eb8da,Oxford Lane Capital Corp.,NASDAQ,
0000075288,OXM,19cf4bdc-9150-4e55-bac8-75b1deecbb2f,OXFORD INDUSTRIES INC,NYSE,
0001259429,OXSQ,874aa359-87fa-4343-b784-71d852dfb46c,Oxford Square Capital Corp.,NASDAQ,
0000797468,OXY,11833dec-6549-48bf-ae48-17a25c3a9788,OCCIDENTAL PETROLEUM CORP /DE/,NYSE,
0002042182,OYSEU,838b5bcb-404c-410e-969b-62317c9af73f,Oyster Enterprises II Acquisition Corp,NASDAQ,
0001807046,OZ,f52230cc-fc7f-4af7-b0b6-6693ef399560,"Belpointe PREP, LLC",AMEX,
0001569650,OZK,100fbee2-d75c-4902-afea-54d80508fe22,Bank OZK,NASDAQ,
0001474432,P,b6d3094d-6c62-4e9e-853c-640fc24dd1c3,"Everpure, Inc.",NYSE,
0001070423,PAA,4e928d39-0637-4b32-9ee0-f81326f70165,PLAINS ALL AMERICAN PIPELINE LP,NASDAQ,
0002087446,PAACU,17bd2f61-3113-471b-bcdc-c99376ca798c,Proem Acquisition Corp. I,NASDAQ,
0000771992,PAAS,2cc0044f-edcc-49f4-b1c6-f1b861a5c19c,PAN AMERICAN SILVER CORP,NYSE,
0001299130,PACB,cdf92f8c-cd8c-4843-a904-1feb22ae7794,"PACIFIC BIOSCIENCES OF CALIFORNIA, INC.",NASDAQ,
0002040381,PACHU,1fba7c13-ee92-43d2-bd61-f38a899dc093,Pioneer Acquisition I Corp,NASDAQ,
0001712463,PACK,c9b2fba0-76eb-48af-aa66-1bb06a0ea806,Ranpak Holdings Corp.,NYSE,
0002001184,PACS,7aae5b49-a032-4632-bf90-d93ede05ac8c,"PACS Group, Inc.",NYSE,
0001019849,PAG,f358bddb-690a-4259-87c9-32ff8ed63455,"PENSKE AUTOMOTIVE GROUP, INC.",NYSE,
0001712807,PAGS,ef5116b9-61b2-4c09-8401-a424a786612c,PagSeguro Digital Ltd.,NYSE,
0001069899,PAHC,ce10c6e4-fdae-45ec-8d43-d08b331f68c5,PHIBRO ANIMAL HEALTH CORP,NASDAQ,
0000075398,PAI,8c1c570b-c39f-4905-99cc-d6566dd18a26,Western Asset Investment Grade Income Fund Inc.,NYSE,
0002069238,PAII,96056939-3889-4ddd-8e61-8986e3a62056,Pyrophyte Acquisition Corp. II,NYSE,
0001998768,PAL,b5ddceef-9b83-4eb6-a6ad-be6425183582,"Proficient Auto Logistics, Inc",NASDAQ,
0001357459,PALI,0f2ace78-4c29-41cf-a957-a86fc351b428,"PALISADE BIO, INC.",NASDAQ,
0001459862,PALL,d9173de9-f7d0-4d44-8c04-06a3adee58da,abrdn Palladium ETF Trust,ARCA,
0002101562,PALOU,965db548-4f7a-40fa-bc51-a351be1b8398,PALOMA ACQUISITION CORP I,NASDAQ,
0001469395,PAM,dcfe0042-f38b-475e-9aa2-03c6e84a704e,Pampa Energy Inc.,NYSE,
0001606909,PANL,3d27906b-960f-4ca3-8fc6-ce4e814e0f0f,Pangaea Logistics Solutions Ltd.,NASDAQ,
0001327567,PANW,ba1cc326-cf8d-4d7c-a49e-8b413555f3d0,Palo Alto Networks Inc,NASDAQ,
0001938109,PAPL,2c108b0d-cbea-4e9a-8f88-0e073c24fab8,Pineapple Financial Inc.,AMEX,
0000708821,PAR,7f1498a3-85cf-4fa0-a46b-05c9b82b74e4,PAR TECHNOLOGY CORP,NYSE,
0002069604,PARK,0609d66b-e084-406e-ac20-75e8bdbbb05d,"Park Dental Partners, Inc.",NASDAQ,
0000821483,PARR,c63c9498-1bde-42de-a916-6895c9cbfc17,"PAR PACIFIC HOLDINGS, INC.",NYSE,
0001787297,PASG,dd1bd19e-5209-4d73-b6d9-93a28b141415,"Passage BIO, Inc.",NASDAQ,
0001897532,PASW,fd364151-fca0-405a-80fb-fd9f9b814d40,"Ping An Biomedical Co., Ltd.",NASDAQ,
0001734722,PATH,b839dd23-cd51-4d0f-8352-7a14b517391c,"UiPath, Inc.",NYSE,
0000076605,PATK,15df1440-69f9-4a4f-801e-446320a2e83b,PATRICK INDUSTRIES INC,NASDAQ,
0001624326,PAVM,149cf9c4-9663-43e1-80bb-b992a3871487,PAVmed Inc.,NASDAQ,
0001751876,PAVS,12da68dd-20ae-4cb3-a13d-8009a26523de,Paranovus Entertainment Technology Ltd.,NASDAQ,
0001825570,PAX,950df00d-311b-46ac-8342-e590b5699548,Patria Investments Ltd,NASDAQ,
0001886878,PAXS,4a71e9a3-76bd-4efe-af55-a8dba1d0d44c,PIMCO Access Income Fund,NYSE,
0001841156,PAY,973077af-3788-4c75-9ea0-9987e337f564,"Paymentus Holdings, Inc.",NYSE,
0001590955,PAYC,8324782d-4e19-40f8-a484-5e9a2ce764c6,"Paycom Software, Inc.",NYSE,
0001845815,PAYO,03eb3433-9c96-427a-ad22-f8d8386b5342,Payoneer Global Inc.,NASDAQ,
0001496443,PAYS,7259f191-12b0-4ad1-840e-272a722f5512,"Paysign, Inc.",NASDAQ,
0000723531,PAYX,aaaaa8a6-79b2-4090-95df-45276d1f4d74,PAYCHEX INC,NASDAQ,
0001068851,PB,08387f7c-daad-4568-a553-bef8bdc19f68,PROSPERITY BANCSHARES INC,NYSE,
0001546066,PBA,56125588-caa3-496f-a795-6757ba4e94b3,PEMBINA PIPELINE CORP,NYSE,
0001705284,PBAM,44abccae-bdca-467a-82bb-8631e5afbfa9,"Private Bancorp of America, Inc.",NASDAQ,
0001534504,PBF,a0cdf5bf-72a4-4bf7-8146-51362db57aaf,PBF Energy Inc.,NYSE,
0001769663,PBFS,363e6f38-4386-44cb-aa2b-833f58dcb9cc,"Pioneer Bancorp, Inc./MD",NASDAQ,
0001295947,PBH,a9dd3cc7-848a-474f-8d29-f68ad5a8067a,Prestige Consumer Healthcare Inc.,NYSE,
0001609065,PBHC,9aee2845-e9cc-4449-b8e4-9f227ba20e2f,"Pathfinder Bancorp, Inc.",NASDAQ,
0000078814,PBI,79eec0e1-03f4-4c2c-b3d6-2c0d5f26c332,PITNEY BOWES INC /DE/,NYSE,
0002011053,PBK,76a141ca-3ebe-48a8-a4f8-f55c1d94ead5,POWERBANK Corp,NASDAQ,
0001657677,PBLS,320da422-fa8f-4335-b311-7fb79f5bfd7c,"Parabilis Medicines, Inc.",NASDAQ,
0001985062,PBMWW,9f7f1eb6-01a3-4ab1-9bb5-02a10ac718e9,PSYENCE BIOMEDICAL LTD.,NASDAQ,
0001119639,PBR.A,1b98d78e-fda5-47f5-ad2f-4557a3963fe1,PETROBRAS - PETROLEO BRASILEIRO SA,NYSE,
0000319654,PBT,579a5c17-051e-4eaa-9f1e-8135f8ad66d2,PERMIAN BASIN ROYALTY TRUST,NYSE,
0001401667,PBYI,df753e68-85d3-4f17-b648-f02c6528eb81,"PUMA BIOTECHNOLOGY, INC.",NASDAQ,
0001998056,PC,dd8050d0-8c14-4da5-98dd-d27cefb32c2a,Premium Catering (Holdings) Ltd,NASDAQ,
0002056634,PCAPU,1aea24ef-37ea-4b25-8742-04aeb7ceeab9,ProCap Acquisition Corp,NASDAQ,
0000075362,PCAR,29e34616-a842-4a30-908c-32eddd0c7e23,PACCAR INC,NASDAQ,
0001423869,PCB,3abd7b26-1192-457e-8ddb-80efa829416e,PCB BANCORP,NASDAQ,
0000810943,PCF,c66869b8-88fe-4a33-b5d8-1d3eba2bca92,HIGH INCOME SECURITIES FUND,NYSE,
0001004980,PCG,664ebe22-dc75-49a3-b36b-e524f9ef167d,PG&E Corp,NYSE,
0000908187,PCM,8bc231d9-4d8f-44f8-9fe9-cf6153a75d61,"PCM FUND, INC.",NYSE,
0001160990,PCN,4fd82748-adfa-41e4-af82-79721e30658b,PIMCO CORPORATE & INCOME STRATEGY FUND,NYSE,
0001611052,PCOR,48af2491-2bf4-4d9a-bbcf-1bd81f534667,"PROCORE TECHNOLOGIES, INC.",NYSE,
0001140411,PCQ,6d7041a1-a12e-48e2-bdb7-dd0302c224f7,PIMCO CALIFORNIA MUNICIPAL INCOME FUND,NYSE,
0001396814,PCRX,e91804a7-ff16-44b7-bc77-6b9c78f33ccd,"Pacira BioSciences, Inc.",NASDAQ,
0001533743,PCSA,d5b99212-4d33-4cc3-8c1d-049819efc9c9,"Processa Pharmaceuticals, Inc.",NASDAQ,
0001830033,PCTTU,ff501a15-253e-4455-8c64-b9edffce433d,"PureCycle Technologies, Inc.",NASDAQ,
0001591698,PCTY,a4ddca47-4ea1-4d6c-a786-25eabe23c4bc,Paylocity Holding Corp,NASDAQ,
0001649094,PCVX,e616864f-0319-4f6a-ab95-7495960cbe72,"Vaxcyte, Inc.",NASDAQ,
0000276720,PCYO,405f93c3-13b2-4e65-b3b8-1a325376b086,PURE CYCLE CORP,NASDAQ,
0001568100,PD,b86009cf-b589-42f6-90e7-9519217d58f4,"PagerDuty, Inc.",NYSE,
0001944399,PDC,3acd2060-49ac-431d-a1bc-5f47d31f960e,Perpetuals.com Ltd,NASDAQ,
0001998043,PDCC,a6cdd973-7777-43b8-98b5-ac6c8cd4d442,Pearl Diver Credit Co Inc.,NYSE,
0000788920,PDEX,b68092eb-6293-4f7f-9b96-0965f02159f9,PRO DEX INC,NASDAQ,
0001120914,PDFS,96e14b06-1ab7-4a40-87c6-1dd26a8e487c,PDF SOLUTIONS INC,NASDAQ,
0001510599,PDI,7f441069-afa8-43dc-b264-a9bc456d2489,PIMCO Dynamic Income Fund,NYSE,
0001874071,PDLB,3fe8ddd1-c1c4-4bdf-83bd-43bb72c36010,"Ponce Financial Group, Inc.",NASDAQ,
0001042776,PDM,51c8b6bc-75be-4536-81e4-64985133f010,"Piedmont Realty Trust, Inc.",NYSE,
0001798618,PDO,779410d7-06b6-4bc1-ade9-14bd5231ed1f,PIMCO Dynamic Income Opportunities Fund,NYSE,
0001013605,PDS,df117615-0a62-47ee-b25b-7d6aa282d015,PRECISION DRILLING Corp,NYSE,
0001472091,PDSB,af90f22a-41a6-4c08-8b90-dc6e06e5bcf4,PDS Biotechnology Corp,NASDAQ,
0000855886,PDT,6a1daa41-1ef5-4c83-a347-516a6958d397,JOHN HANCOCK PREMIUM DIVIDEND FUND,NYSE,
0001756908,PDX,189492ab-2136-43cf-a02b-3911ae6508e5,PIMCO Dynamic Income Strategy Fund,NYSE,
0001826681,PDYNW,68d25391-f7c2-4a43-b300-37c6243cf61f,Palladyne AI Corp.,NASDAQ,
0001474098,PEB,1932759a-d86e-469c-8859-53a8ab88c33d,Pebblebrook Hotel Trust,NYSE,
0001093672,PEBK,324166e1-e5cc-4aae-99a5-e129132dc542,PEOPLES BANCORP OF NORTH CAROLINA INC,NASDAQ,
0000318300,PEBO,0d75cdfe-878d-4ee4-9249-bcfba33ecf12,PEOPLES BANCORP INC,NASDAQ,
0002088626,PECER,5187b784-7506-4f9f-943f-457b90e62caa,Peace Acquisition Corp.,NASDAQ,
0001476204,PECO,03edbcd3-0771-42b6-ba1c-a7fa644828dc,"Phillips Edison & Company, Inc.",NASDAQ,
0001141197,PED,66521774-82c8-4be8-ad59-02f0bd4bcc31,PEDEVCO CORP,AMEX,
0000788784,PEG,7f712a83-dc6a-4d5d-bf2a-c52705a06905,PUBLIC SERVICE ENTERPRISE GROUP INC,NYSE,
0001013857,PEGA,9f54d72f-f84b-46e1-a071-600d5520e70d,PEGASYSTEMS INC,NASDAQ,
0001321732,PEN,00716b5f-6882-4ee2-bae3-b6e8772aac89,Penumbra Inc,NYSE,
0001616533,PENG,e2646200-493e-4a35-ac01-923390948eff,"Penguin Solutions, Inc.",NASDAQ,
0000921738,PENN,02ee28f8-d7a5-41ef-b212-a66d8dd85c4d,"PENN Entertainment, Inc.",NASDAQ,
0000216851,PEO,9e7d221f-616e-4c26-84d1-64b917100e92,"ADAMS NATURAL RESOURCES FUND, INC.",NYSE,
0000077476,PEP,7b7466c4-5066-4e3e-80e6-8da1c835ce56,PEPSICO INC,NASDAQ,
0001835597,PEPG,a3845c18-fb86-4a95-b366-ded7cd311ff6,PepGen Inc.,NASDAQ,
0001899830,PERF,13ed87b5-e59c-47c4-ad4b-42cf285d2663,Perfect Corp.,NYSE,
0001338940,PERI,e13f9934-305b-4dec-ae19-d6f3a3a27b0b,Perion Network Ltd.,NASDAQ,
0000891532,PESI,15edcbac-db9e-4083-bf9a-8a2e394ac09a,PERMA FIX ENVIRONMENTAL SERVICES INC,NASDAQ,
0001040130,PETS,cf31c02f-9bef-46d4-861b-65efc4f41ce6,PETMED EXPRESS INC,NASDAQ,
0002051380,PEW,0be07e96-4583-4fb2-b0d3-0836b731d28a,GrabAGun Digital Holdings Inc.,NYSE,
0002032755,PFAI,9cdc1084-f70e-42cd-9098-3607f77e4565,Pinnacle Food Group Ltd,NASDAQ,
0001492165,PFBC,fcd0cd13-2948-44c7-b457-d4664d85ad28,Preferred Bank,NASDAQ,
0000868578,PFD,ba9f4e08-a073-43e3-a892-a9fa7b3a288b,FLAHERTY & CRUMRINE PREFERRED & INCOME FUND INC,NYSE,
0000078003,PFE,b0940983-b0c6-42f1-97d5-b1b580e4431b,PFIZER INC,NYSE,
0001126328,PFG,c14764ba-7985-420b-af3b-8d3b7c848f8a,PRINCIPAL FINANCIAL GROUP INC,NASDAQ,
0001618673,PFGC,8bc5e5ed-52db-4067-a3a2-c9165f0342e8,Performance Food Group Co,NYSE,
0001056943,PFIS,8867d3e6-5bf0-46b1-ad32-ebd41304faa6,PEOPLES FINANCIAL SERVICES CORP.,NASDAQ,
0001244183,PFL,643c6215-58b1-41d9-a7c8-19fcfb7400ff,PIMCO INCOME STRATEGY FUND,NYSE,
0001504619,PFLT,d972baf0-ecf2-41ce-b5f4-6e20146f4ac2,PennantPark Floating Rate Capital Ltd.,NYSE,
0001296250,PFN,f3f52754-89bb-448c-8fe9-965837d38d75,PIMCO Income Strategy Fund II,NYSE,
0000882071,PFO,09e81484-0622-4112-a5ba-d8355b9d9b6b,Flaherty & Crumrine PREFERRED & INCOME OPPORTUNITY FUND INC,NYSE,
0001178970,PFS,cffdd5bd-bbd9-4e8a-bce7-59606a91d056,PROVIDENT FINANCIAL SERVICES INC,NYSE,
0001859807,PFSA,54219e28-f198-4f4a-9415-5850f4ed987a,"Profusa, Inc.",NASDAQ,
0001745916,PFSI,bbb97a23-3d58-4eae-82c9-2360e9fb6ee1,"PennyMac Financial Services, Inc.",NYSE,
0001490349,PFX,15d9fcd0-9db5-45c8-8b9a-974fbfca96f7,PhenixFIN Corp,NASDAQ,
0000080424,PG,f81a406b-a53c-4ea5-ab05-6fb92bfc6bd7,PROCTER & GAMBLE Co,NYSE,
0002030829,PGACU,5622a79f-48df-4702-b2b5-fc1b4e19af25,PANTAGES CAPITAL ACQUISITION Corp,NASDAQ,
0001050743,PGC,c8d9ce77-5f56-40f7-ab4c-61fd83896a2a,PEAPACK GLADSTONE FINANCIAL CORP,NASDAQ,
0001356090,PGEN,801aba0d-27f8-4103-a818-3e2680aa870e,"PRECIGEN, INC.",NASDAQ,
0001551306,PGNY,dd3d25a7-cad0-4757-b46f-c096de164261,"Progyny, Inc.",NASDAQ,
0001318025,PGP,b7c0d823-b78b-4b5f-99cd-2a1831aca3d7,PIMCO Global StocksPLUS & Income Fund,NYSE,
0000080661,PGR,7e23958d-28fe-4f5e-acb0-159831a769ed,PROGRESSIVE CORP/OH/,NYSE,
0001883085,PGYWW,1be17ddd-e93e-4e05-b8ea-52400392d84b,Pagaya Technologies Ltd.,NASDAQ,
0001557523,PGZ,f120d17c-8b26-4b90-b88b-d65cbc90a732,Principal Real Estate Income Fund,NYSE,
0000076334,PH,44de3ac7-fd5e-4c49-99ae-561246d323f5,Parker-Hannifin Corp,NYSE,
0001828316,PHAR,12030496-150e-4b97-942e-7cbe5c107c59,Pharming Group N.V.,NASDAQ,
0001783183,PHAT,6351b2af-0abe-4116-9ddd-2d95cf4ee758,"Phathom Pharmaceuticals, Inc.",NASDAQ,
0000313216,PHG,e0d5813f-0b8d-405d-96d6-9c023cdafcb3,KONINKLIJKE PHILIPS NV,NYSE,
0001739174,PHGE,07c6de71-bef0-4451-b4b1-03f839511e6e,BiomX Inc.,AMEX,
0000078150,PHI,c4519eda-db2b-4f9c-b16e-406d44eb31eb,PLDT Inc.,NYSE,
0001968915,PHIN,f407699d-48a0-4a5a-829f-eb6eda65e735,PHINIA INC.,NYSE,
0001533040,PHIO,a09588cf-c0ca-4379-862e-108b01946ec1,Phio Pharmaceuticals Corp.,NASDAQ,
0001219360,PHK,d1afc76f-a3b5-4c66-b6f6-9e6a624e7de5,PIMCO HIGH INCOME FUND,NYSE,
0000822416,PHM,96f6e02d-e110-40c7-bff6-ade1c0e451c4,PULTEGROUP INC/MI/,NYSE,
0002035709,PHOE,194213b1-2cec-447f-bfa3-2c454d18d97e,Phoenix Asia Holdings Ltd,NASDAQ,
0001412408,PHR,983b203e-d4c7-4ed8-a95d-48b14a9c05e9,"Phreesia, Inc.",NYSE,
0001665300,PHUN,9e50ab3d-19c9-41f2-a51d-b283184d27a9,"Phunware, Inc.",NASDAQ,
0001830487,PHVS,0923ed33-b7fc-4a47-b2d4-759b8f8ff6e2,Pharvaris N.V.,NASDAQ,
0001477049,PHYS,83cb5eb3-5d70-4288-af2f-bf7b92b6ef27,Sprott Physical Gold Trust,ARCA,
0001114995,PI,2688f677-5114-4fa9-959a-702daeace8e7,IMPINJ INC,NASDAQ,
0000931015,PII,1d3bfca6-26ff-4046-b68f-cac9dc305652,Polaris Inc.,NYSE,
0001832511,PIIIW,fb2ecee9-a927-40f9-ae07-af0b9357c18d,P3 Health Partners Inc.,NASDAQ,
0000830622,PIM,f58eec47-be27-4b64-a9ce-1e6246ea1391,PUTNAM MASTER INTERMEDIATE INCOME TRUST,NYSE,
0001786117,PINE,02e4c489-dbe7-47f5-961b-49ba8011a116,"Alpine Income Property Trust, Inc.",NYSE,
0001230245,PIPR,3442cdf0-2237-448f-aef9-4ae0462b71aa,PIPER SANDLER COMPANIES,NYSE,
0001626115,PJT,45f62602-b428-4f6d-9ee4-37b6f49231d6,PJT Partners Inc.,NYSE,
0001617406,PK,9baf708b-2e8b-435e-b593-e55c09f064ed,Park Hotels & Resorts Inc.,NYSE,
0001315399,PKBK,0ca804b0-dde0-472c-aac2-23658d005326,"PARKE BANCORP, INC.",NASDAQ,
0000076267,PKE,054ba776-952d-4b97-9e45-c5550aa70ecf,PARK AEROSPACE CORP,NYSE,
0000075677,PKG,42682c03-86b5-452b-8711-01ec96295840,PACKAGING CORP OF AMERICA,NYSE,
0000076282,PKOH,0d860a4e-7f4f-4e5f-b3f8-81707bf52b1a,PARK OHIO HOLDINGS CORP,NASDAQ,
0001836833,PL,971c1192-ed1a-4160-98f1-a3156907efb7,Planet Labs PBC,NYSE,
0000810136,PLAB,058766e0-2d90-4ca8-89a8-a636bf6ba26a,PHOTRONICS INC,NASDAQ,
0001117057,PLAG,fea1ad1b-29a9-4c1e-9408-bf19d22548ec,Planet Green Holdings Corp.,AMEX,
0001525769,PLAY,59129dcd-afa2-4d54-acc9-a7351aa9583d,"Dave & Buster's Entertainment, Inc.",NASDAQ,
0001168455,PLBC,73e7996f-5ebf-4333-8026-8442be6a3c9b,PLUMAS BANCORP,NASDAQ,
0002035697,PLBL,587e8d88-2e03-453b-bb3b-55cbc24a8c0d,Polibeli Group Ltd,NASDAQ,
0001803914,PLBY,fa415cb8-920b-4d6c-b261-35ec5d71b560,"Playboy, Inc.",NASDAQ,
0001041859,PLCE,02eb2dfe-5fd8-4878-9bbb-fb14ba301885,"Childrens Place, Inc.",NASDAQ,
0002122392,PLCIU,c7586619-663a-46bf-9ce0-92184648d499,Pelican Acquisition II Corp,NASDAQ,
0001045609,PLD,32d00bae-5f6a-4712-9c18-3a007524fa3f,"Prologis, Inc.",NYSE,
0001095052,PLG,782184c3-92b4-48d9-be88-c70578490a2f,PLATINUM GROUP METALS LTD,AMEX,
0001636639,PLGO,4f95eca9-961a-47fe-9dfe-3f1a02db2cb4,Pelagos Insurance Capital Ltd,NYSE,
0002030482,PLMKU,14b74429-1804-4886-99ca-4cc26c3fc53d,"Plum Acquisition Corp, IV",NASDAQ,
0001761312,PLMR,a2503d4d-ea03-4075-a8a8-478f3e99534e,"Palomar Holdings, Inc.",NASDAQ,
0001637207,PLNT,74e0f638-544d-4b93-b9d8-f0aa378f2e53,"Planet Fitness, Inc.",NYSE,
0001287213,PLOW,46a70080-648f-4f1b-b601-553a6c917856,"DOUGLAS DYNAMICS, INC",NYSE,
0000080035,PLPC,3591352a-41e2-4221-83ea-173afca06216,PREFORMED LINE PRODUCTS CO,NASDAQ,
0001746473,PLRX,e646e169-7e44-4b47-b665-26ea801eb0dd,"PLIANT THERAPEUTICS, INC.",NASDAQ,
0001893645,PLRZ,cc4bf76f-08f4-4baf-a90f-eba85140dd25,Polyrizon Ltd.,NASDAQ,
0001625101,PLSE,c919e896-8ac4-4bd3-a6c6-837ef687d7f0,"PULSE BIOSCIENCES, INC.",NASDAQ,
0002064764,PLSM,7571f9fa-3f05-4e9f-b95a-d75ce5ced3ee,Pulsenmore Ltd.,NASDAQ,
0001828016,PLTK,effcbe01-4d87-4ed8-a0ab-cfd16412df4a,Playtika Holding Corp.,NASDAQ,
0001690842,PLTM,2a68b742-0e6b-425d-810f-89795d51f015,GraniteShares Platinum Trust,ARCA,
0001321655,PLTR,80e04a93-e1a8-4503-ab61-2ef1992650b4,Palantir Technologies Inc.,NASDAQ,
0002053033,PLTS,c0702cbf-917d-4a82-ae80-2389ad02a7b0,Platinum Analytics Cayman Ltd,NASDAQ,
0001093691,PLUG,559320e3-acf7-4952-ac95-bff7910c6a6a,PLUG POWER INC,NASDAQ,
0002065661,PLUN,94ea830f-cd5c-48d4-b23b-b8e6a1d0a619,Plutonian Acquisition Corp. II,NYSE,
0001933021,PLUT,94c64076-c297-48ad-9109-f98353ecf4e7,Plutus Financial Group Ltd,NASDAQ,
0001006281,PLX,d22569e0-7d06-4185-8075-37f291d82035,"Protalix BioTherapeutics, Inc.",AMEX,
0000785786,PLXS,59537ab5-0662-4705-854b-525e64e115e0,PLEXUS CORP,NASDAQ,
0002075320,PLYX,84f359d0-7278-40b7-915b-3c3e8c888a7e,"Polaryx Therapeutics, Inc.",NASDAQ,
0001413329,PM,b19c4863-d517-4472-9236-8864e50dfa3e,Philip Morris International Inc.,NYSE,
0001956166,PMA,50cf87e6-37f7-47cf-b09c-e5fe984ba18e,Ming Shing Group Holdings Ltd,NASDAQ,
0001157075,PMCB,2238aacd-ffdc-410b-8411-7010b870fcaf,"PharmaCyte Biotech, Inc.",NASDAQ,
0001891944,PMEC,3edc7062-a331-447a-98e6-49eb2457bb02,Primech Holdings Ltd,NASDAQ,
0002030617,PMI,ffa3809d-5b82-496c-be51-3bc2a1de19aa,"Picard Medical, Inc.",AMEX,
0001170299,PML,448dffbc-7102-4721-b600-bd07257fa6b9,PIMCO MUNICIPAL INCOME FUND II,NYSE,
0000844790,PMM,1cb927c6-bff6-4636-8279-5efaa65be327,PUTNAM MANAGED MUNICIPAL INCOME TRUST,NYSE,
0001374339,PMN,5825b72f-4317-44c1-bc05-35213ce3f99a,ProMIS Neurosciences Inc.,NASDAQ,
0000900422,PMO,a6bc33cc-7d3d-4932-97d0-ba1803bc17e0,FRANKLIN MUNICIPAL OPPORTUNITIES TRUST,NYSE,
0001464423,PMT,1260f65f-9b14-471a-9f48-5c164a8b555d,PennyMac Mortgage Investment Trust,NYSE,
0002061473,PMTRU,de38ace5-a4f3-4651-a9f4-f966bb2b1f53,Perimeter Acquisition Corp. I,NASDAQ,
0001641614,PMTS,573db69a-12a3-4ea9-b4f8-e28e29e37500,CPI Card Group Inc.,NASDAQ,
0001699382,PMVP,9e702020-0516-4d51-bb4f-2ce11f97c196,"PMV Pharmaceuticals, Inc.",NASDAQ,
0002001288,PN,d9f522b1-78a0-42ff-8b22-bcaabb46dfbb,PN Smart Energy Ltd,NASDAQ,
0001098146,PNBK,86b69f40-a53b-48b0-81ca-1e237c90d6e8,PATRIOT NATIONAL BANCORP INC,NASDAQ,
0000713676,PNC,07c40f17-3f00-4792-9262-9fc21c73e9b4,"PNC FINANCIAL SERVICES GROUP, INC.",NYSE,
0002082866,PNFP,f760e259-c8d9-4ab4-be85-c5b2e1ac9a03,"Pinnacle Financial Partners, Inc.",NYSE,
0001170311,PNI,42b7c707-d97b-4319-bd76-cfc1e6ced363,PIMCO NEW YORK MUNICIPAL INCOME FUND II,NYSE,
0001383414,PNNT,ae8f6253-60cf-4be6-a73f-3b76bbc6d28f,PENNANTPARK INVESTMENT CORP,NYSE,
0000077360,PNR,c212e219-b17d-4ff1-99dd-30e3896122a3,PENTAIR plc,NYSE,
0000056868,PNRG,89b1dd2a-9541-4e95-bc09-53e94b6563ad,PRIMEENERGY RESOURCES CORP,NASDAQ,
0001766400,PNTG,02f1c946-388e-4479-8a4f-0346af21846b,"Pennant Group, Inc.",NASDAQ,
0000764622,PNW,faae2345-5020-4dd1-aa4f-e1ac3f6419ba,PINNACLE WEST CAPITAL CORP,NYSE,
0002024258,POAS,1aa4a5bb-685a-4d4e-82e0-cedf80347c25,PHAOS TECHNOLOGY HOLDINGS (CAYMAN) Ltd,AMEX,
0000867840,POCI,b7baf483-1c05-4946-8c0a-22dc7cebfdc4,"PRECISION OPTICS CORPORATION, INC.",NASDAQ,
0001940177,PODC,3a6042bc-a049-4c8a-a3d0-c8c296b5f8ee,"PodcastOne, Inc.",NASDAQ,
0001145197,PODD,e82d6760-0cbc-4838-87e3-4df6dce97721,INSULET CORP,NASDAQ,
0001437424,POET,bea38c94-9dfd-445e-9178-9c0825a689b5,POET TECHNOLOGIES INC.,NASDAQ,
0001622345,POLA,e0dd8a18-4867-4381-a34b-cf9b28c2f138,"Polar Power, Inc.",NASDAQ,
0002025341,POLEU,979e3aa3-b47e-4f01-b4d2-a4ae077b37c2,Andretti Acquisition Corp. II,NASDAQ,
0002108164,PONOU,3821d723-61f1-42fc-a7bc-37c1b4f0fc65,"Pono Capital Four, Inc.",NASDAQ,
0000784977,POR,7faa3846-5f48-4abb-92b7-caf8624e6a41,PORTLAND GENERAL ELECTRIC CO /OR/,NYSE,
0001530950,POST,967cec46-3eba-48eb-b500-ee855e9ec3e7,"Post Holdings, Inc.",NYSE,
0000833640,POWI,34c663ab-dc65-455c-b75b-d0498c3e38db,POWER INTEGRATIONS INC,NASDAQ,
0000080420,POWL,da1660a6-c8ae-48d3-aaed-3d3e3144bacd,POWELL INDUSTRIES INC,NASDAQ,
0001015383,POWW,6d276333-167e-48d6-ba15-e42448c2d777,Outdoor Holding Co,NASDAQ,
0001614744,PPBT,7fb49eb4-7dd7-4708-9a6a-55f74af62c4f,PURPLE BIOTECH LTD.,NASDAQ,
0000802481,PPC,3fd81c80-931c-4666-ab6a-d43b76db2907,PILGRIMS PRIDE CORP,NASDAQ,
0001517681,PPCB,9a6fefc2-c278-49f5-a75c-90cfd7475916,"Propanc Biopharma, Inc.",NASDAQ,
0000079879,PPG,6d4f3b18-4f02-4a06-9d3d-9dadcc9bce1b,PPG INDUSTRIES INC,NYSE,
0001903508,PPHC,2648a730-a069-4b91-9b64-c4e18e364730,"Public Policy Holding Company, Inc.",NASDAQ,
0000914122,PPIH,9263f0ea-11b6-4a29-9d71-f15e8c2cc22f,"Perma-Pipe International Holdings, Inc.",NASDAQ,
0000922224,PPL,2ebe177b-c523-4c1f-9276-8f0759a67a52,PPL Corp,NYSE,
0001800227,PPLI,ace5d04c-1982-4038-97cf-a2038f06b9d2,People Inc,NASDAQ,
0001460235,PPLT,74ba34f7-5c92-4ce7-85d7-24dee1f6916f,abrdn Platinum ETF Trust,ARCA,
0001449792,PPSI,8403af93-446a-4ddb-83d3-f5c10e4e1309,"PIONEER POWER SOLUTIONS, INC.",NASDAQ,
0000827773,PPT,7421e2fb-4c7d-4907-8b8a-149b147f8c36,FRANKLIN PREMIER INCOME TRUST,NYSE,
0001526243,PPTA,7e8eaa12-65ea-48cc-8cc7-5d17a97ac63c,PERPETUA RESOURCES CORP.,NASDAQ,
0001658566,PR,fc8a7a13-519c-43e5-9d86-469d4dbf07f2,Permian Resources Corp,NYSE,
0001185348,PRAA,fc4d2034-b8a5-49bc-8fb6-9e11526b102c,PRA GROUP INC,NASDAQ,
0001689548,PRAX,606f2fc5-e9a8-450d-8c7e-6935433fbbbd,"Praxis Precision Medicines, Inc.",NASDAQ,
0001784535,PRCH,c8f0b5ae-4c95-44ff-962d-70905b264364,"Porch Group, Inc.",NASDAQ,
0001588978,PRCT,9c52dbcc-f933-4e3d-9e59-83ee93f97c01,PROCEPT BioRobotics Corp,NASDAQ,
0001046568,PRDO,cd958ecb-8191-4597-9675-40ee0ca2c5aa,PERDOCEO EDUCATION Corp,NASDAQ,
0001876431,PRENW,1e6bd2d0-9408-4a10-8f18-488a8f6d697f,Prenetics Global Ltd,NASDAQ,
0001801834,PRFX,6c18b126-ab4d-4bc5-b17c-2e83e2fec226,PRF Technologies Ltd.,NASDAQ,
0001808834,PRG,a7b92ef6-7e41-4a3c-b31f-94beb358e0a1,"PROG Holdings, Inc.",NYSE,
0001585364,PRGO,838e28ad-faa5-4e1a-82fd-cf1af221acb6,PERRIGO Co plc,NYSE,
0000876167,PRGS,da07291c-14d7-4d5e-873b-cff2c1817c1b,PROGRESS SOFTWARE CORP /MA,NASDAQ,
0001502292,PRHI,81c6faaf-bb56-48cd-87e3-33a1c5b1ac76,"Presurance Holdings, Inc.",NASDAQ,
0001475922,PRI,edf22f8a-e40f-48ba-af2c-d4272f66acf4,"Primerica, Inc.",NYSE,
0001361538,PRIM,78af8bc4-5dae-42d2-a802-7f6f9dfc2a9c,Primoris Services Corp,NYSE,
0000805676,PRK,ed3bbe59-67c0-4c3f-a31a-11a81a8da6ce,PARK NATIONAL CORP /OH/,AMEX,
0001564902,PRKS,31bdbe16-2b54-48a8-ae08-30c312a93901,United Parks & Resorts Inc.,NYSE,
0001443669,PRLB,91a16ebb-93ff-42fc-bd85-574365fe5024,Proto Labs Inc,NYSE,
0001678660,PRLD,4289ad07-43d5-4c9d-82a9-676bdce0facb,Prelude Therapeutics Inc,NASDAQ,
0001880319,PRM,edf05727-debb-42e3-a5b7-28dba2b69350,"Perimeter Solutions, Inc.",NYSE,
0002042694,PRMB,4b8be62f-0475-4474-b263-77e6a631788d,Primo Brands Corp,NYSE,
0001894562,PRME,badc472d-332e-4300-8639-e50641afe2fe,"Prime Medicine, Inc.",NASDAQ,
0001628808,PROF,da413ec8-34e5-4401-95d0-2ae2fa0efc0a,Profound Medical Corp.,NASDAQ,
0001162896,PROP,810f7b7b-d908-457c-ac35-b53e652da71d,Prairie Operating Co.,NASDAQ,
0001010470,PROV,db300067-7fbb-4cb0-a8c3-5825435bcecf,PROVIDENT FINANCIAL HOLDINGS INC,NASDAQ,
0001643953,PRPL,11156cad-b44e-4203-a61e-f826eb0ac1ac,"Purple Innovation, Inc.",NASDAQ,
0001043961,PRPO,65b937be-5986-4bfc-aca0-5fe22c35ff2f,"Precipio, Inc.",NASDAQ,
0001612940,PRQR,5dd93aa7-aab8-46c7-917d-84d40321cac6,ProQR Therapeutics N.V.,NASDAQ,
0000890394,PRSO,e61f6b53-17b1-4c09-8cd6-a19866f28f8c,Peraso Inc.,NASDAQ,
0000884219,PRSU,6d44c821-82f6-4245-8dd0-c12cd6e85654,"Pursuit Attractions & Hospitality, Inc.",NYSE,
0001724009,PRT,7d0f8a5e-990e-4546-a8e4-a71403f95ae2,PermRock Royalty Trust,NYSE,
0001559053,PRTA,e2841ddb-d2ef-4ea9-80cf-cba37cc03d45,PROTHENA CORP PUBLIC LTD CO,NASDAQ,
0001653558,PRTH,8ba1e1fe-e294-4b72-bc95-4531fa649041,"Priority Technology Holdings, Inc.",NASDAQ,
0001378950,PRTS,37a09470-04d4-49d5-b344-4dcca1d05b0d,"CarParts.com, Inc.",NASDAQ,
0001137774,PRU,830538b2-f315-42e8-a9d6-1b12e539c5ff,PRUDENTIAL FINANCIAL INC,NYSE,
0001759655,PRVA,70523e6d-2080-4e14-b5ee-727606670c0d,"Privia Health Group, Inc.",NASDAQ,
0001916241,PRZO,9da8ea7a-1ad3-4d68-82c9-d8fb489f86f2,ParaZero Technologies Ltd.,NASDAQ,
0002026053,PS,f7a003f6-b2a4-43be-a812-44ece17e57a5,PERSHING SQUARE INC.,NYSE,
0001393311,PSA,5df9640c-c98a-4bd8-b5c5-2f2afc8a8a26,Public Storage,NYSE,
0001794776,PSBD,9632b7e0-8dc5-4eaa-8780-cac97fd294af,Palmer Square Capital BDC Inc.,NYSE,
0001287032,PSEC,7e6b8fe4-7538-4a3d-bb3e-174662c61185,PROSPECT CAPITAL CORP,NASDAQ,
0001498612,PSF,63bbbc05-e47e-4431-a2f8-3e57b8afd30c,"Cohen & Steers Select Preferred & Income Fund, Inc.",NYSE,
0001833835,PSFE,0c72fc61-c5e8-4549-8065-380aa352e4fe,Paysafe Ltd,NYSE,
0001481241,PSHG,fd2db8f1-26cc-480b-80b5-48284db02f8b,Performance Shipping Inc.,NASDAQ,
0001997201,PSIG,c7f770dd-e873-4278-af49-82651cb1b4d9,PS International Group Ltd.,NASDAQ,
0001137091,PSIX,0004a7d2-fbc3-4572-bf98-e4402ada0752,"POWER SOLUTIONS INTERNATIONAL, INC.",NASDAQ,
0002041610,PSKY,5b47111b-5e0d-4adc-929c-3efae02f747e,Paramount Skydance Corp,NASDAQ,
0001494728,PSLV,e5fced58-59b8-4675-8ca9-7b1f841f19da,Sprott Physical Silver Trust,ARCA,
0001041803,PSMT,36afd10a-d31f-4bb3-a8fb-4daadd1da68d,PRICESMART INC,NASDAQ,
0000275880,PSN,b8ecf383-5df1-4026-a111-3f987c24b9da,PARSONS CORP,NYSE,
0001527753,PSNL,efe79176-979a-47a6-a50b-ddaae1a91086,"Personalis, Inc.",NASDAQ,
0001884082,PSNY,7939d92b-5a56-4133-853b-107a6c26a3d0,Polestar Automotive Holding UK PLC,NASDAQ,
0000938323,PSO,bde3837c-ab44-4631-a1cc-c868c21e7376,PEARSON PLC,NYSE,
0001847064,PSQH,0e16ee81-2d52-4ecc-8f22-457ddca14261,"PSQ Holdings, Inc.",NYSE,
0001759774,PSTL,c4f60c10-3ed3-4903-bcb9-7847fee0fddb,"Postal Realty Trust, Inc.",NYSE,
0002002660,PSUS,0fed0e32-00ce-4929-85d0-94313864e23d,"Pershing Square USA, Ltd.",NYSE,
0001534701,PSX,7655b60d-17f3-4c09-88ec-88feb585487a,Phillips 66,NYSE,
0001793882,PTA,405a21eb-3f3f-4d13-929a-8d9d74dc85ca,Cohen & Steers Tax-Advantaged Preferred Securities & Income Fund,NYSE,
0002099095,PTACU,024fbf32-a381-4359-a640-08ec8e8bd0fa,Patriot Acquisition Corp./CI,NASDAQ,
0001070081,PTCT,c9f2f1e7-1589-4ab0-a245-f114e2e36592,"PTC THERAPEUTICS, INC.",NASDAQ,
0000889900,PTEN,14236793-3bad-4c2c-ae90-e67bc4beec9f,PATTERSON UTI ENERGY INC,NASDAQ,
0001377121,PTGX,ff832841-a00c-4206-9d36-361f610eb0b7,"Protagonist Therapeutics, Inc",NASDAQ,
0001919246,PTHS,b3f65446-dea9-47ef-afef-a9b08a488263,Pelthos Therapeutics Inc.,AMEX,
0001871509,PTLO,36fbaea1-fc3a-4fe8-8865-0b622bdf759a,Portillo's Inc.,NASDAQ,
0000911216,PTN,cd1812da-5e16-4b0c-b126-9e5930054985,PALATIN TECHNOLOGIES INC,NASDAQ,
0001639825,PTON,c2b0c75b-8adb-49a2-83c1-99237d1b10a1,"PELOTON INTERACTIVE, INC.",NASDAQ,
0002093912,PTORU,3d0a0029-d32d-49ec-8084-185fc06f8cd2,Praetorian Acquisition Corp.,NASDAQ,
0001811935,PTRN,38607ce7-05c7-4144-95e3-ddc3073502eb,Pattern Group Inc.,NASDAQ,
0001190935,PTY,ee08f20d-777c-428a-a5ee-78c8ae0826a8,PIMCO CORPORATE & INCOME OPPORTUNITY FUND,NYSE,
0001574235,PULM,626b9110-299f-4d27-826a-c06c04c328f4,"Pulmatrix, Inc.",NASDAQ,
0001680247,PUMP,f7ca51e9-2d21-4df0-9060-680e7a8d6423,ProPetro Holding Corp.,NYSE,
0002078856,PURR,b036b331-b930-42cb-b25e-c9904d340c5d,Hyperliquid Strategies Inc,NASDAQ,
0002009312,PUSA,7d81503f-17e6-4333-bf06-fda9b22cf08b,Aureus Greenway Holdings Inc,NASDAQ,
0000078239,PVH,8be37e67-c564-40c2-b62c-3c2ea63bd8e0,PVH CORP. /DE/,NYSE,
0001520048,PVL,1e0c9958-6686-4fb8-9d0b-4090d0443269,Permianville Royalty Trust,NYSE,
0001583648,PVLA,e5673602-9576-4bf0-9299-ed308aae38f3,"PALVELLA THERAPEUTICS, INC.",NASDAQ,
0001532619,PW,f63d3326-f39b-4ad8-8b57-5b5e2d8ced37,Power REIT,AMEX,
0001640384,PWCM,3ce1ac59-90cb-4212-882c-bd08b5e861e2,"POWERCOMPUTE, INC.",NASDAQ,
0001777835,PWP,a48ff43f-0979-4e14-b78b-5cc51711f56b,Perella Weinberg Partners,NASDAQ,
0001050915,PWR,922c81b2-d99a-4a7f-bf54-6ebd6f8305bd,"QUANTA SERVICES, INC.",NYSE,
0002052053,PWRL,8d0809fc-f4f9-4ae6-bd21-ba1c115a3643,Powerlaw Corp.,NASDAQ,
0001600222,PXED,0f1c3162-9d93-4ca4-bf90-f4933fa7a035,"Phoenix Education Partners, Inc.",NYSE,
0001040161,PXLW,f6f7a369-2b4a-4b6c-a2dd-9f9bcdf8db9b,"PIXELWORKS, INC",NASDAQ,
0001640043,PXS,534949a2-8395-402e-a364-6889f3c83b18,Pyxis Tankers Inc.,NASDAQ,
0001611842,PYPD,6aee09a2-f730-4a26-b099-c0452a70d7ce,PolyPid Ltd.,NASDAQ,
0001633917,PYPL,24cbba8c-831b-44e2-8503-dd0c2ed7af8f,"PayPal Holdings, Inc.",NASDAQ,
0001782223,PYXS,66d0e81c-8cd8-4ae5-92f5-52219df0ba08,"Pyxis Oncology, Inc.",NASDAQ,
0001629210,PZG,c1a2f048-48e4-44cb-a242-f0eec8585418,Paramount Gold Nevada Corp.,AMEX,
0000901491,PZZA,ae3c41ee-1a6e-4667-b350-a2349b6f18bf,PAPA JOHNS INTERNATIONAL INC,NASDAQ,
0002058873,Q,f29e53f4-5072-4e11-82e8-8e50318031ab,"Qnity Electronics, Inc.",NYSE,
0002083217,QADRU,0f654bb9-5dee-45f1-9db5-3af0f360f260,QDRO Acquisition Corp.,NASDAQ,
0001907982,QBTS,874fd311-b46a-42a4-b98e-e57ee1bff8d3,D-Wave Quantum Inc.,NASDAQ,
0001321834,QCLS,fdee1652-fa43-4885-9d40-00695ff3f6f5,"Q/C TECHNOLOGIES, INC.",NASDAQ,
0000804328,QCOM,39be1334-06b6-4df2-a2f1-b21b942628d0,QUALCOMM INC/DE,NASDAQ,
0001906324,QDEL,5ee9ca32-800e-4ce5-aed7-d60ec3e1ed49,QuidelOrtho Corp,NASDAQ,
0001978528,QETAU,91a4a1bb-8ad8-429a-bda7-1d955236cff0,Quetta Acquisition Corp,NASDAQ,
0001015820,QGEN,d3e3947f-336e-4677-9998-98144b4bcc25,QIAGEN N.V.,NYSE,
0002102155,QLEP,28a67e04-2248-4faa-aa97-158aa1722801,Quantum Leap Acquisition Corp,NYSE,
0001107843,QLYS,502c4822-97ec-4ff7-a6b4-e74049fca872,"QUALYS, INC.",NASDAQ,
0000709283,QMCO,92e98e1e-81c5-42a4-a6d0-ad673a170c5e,QUANTUM CORP /DE/,NASDAQ,
0002084026,QMLS,cb724a9c-8ce1-43c5-8bfc-3e9ca7aafc41,"QumulusAI, Inc.",NASDAQ,
0002106613,QNC,f8556000-921e-451b-b301-f0e6b4653147,Quantum eMotion Corp,AMEX,
0001662774,QNCX,861b3115-2e18-4546-9af2-e85d58151e4c,"Quince Therapeutics, Inc.",NASDAQ,
0001671502,QNRX,19ccb55e-cd26-42f6-b32c-6198b0b9ef14,"Quoin Pharmaceuticals, Ltd.",NASDAQ,
0001117297,QNST,7b2915d7-e828-41aa-86e0-66812efd8d1f,"QUINSTREET, INC",NASDAQ,
0002110105,QNT,ee21afc1-bc6f-420e-85c8-6bca7677c865,Quantinuum Inc.,NASDAQ,
0001771885,QNTM,265f206a-3e68-42c3-8ded-47778d587bbc,Quantum Biopharma Ltd.,NASDAQ,
0001067839,QQQ,2d9e926c-e17c-47c3-ad8c-26c7a594e48f,"INVESCO QQQ TRUST, SERIES 1",NASDAQ,
0001608741,QQQX,30359572-0b2f-4f47-bc52-f430caa4ce38,Nuveen NASDAQ 100 Dynamic Overwrite Fund,NASDAQ,
0002085177,QRED,51ac4547-a483-498d-9a66-a5611ea749ac,QuasarEdge Acquisition Corp,NYSE,
0001442236,QRHC,eb88f68a-1f3f-434b-a2fc-eb8d2ee1b65a,Quest Resource Holding Corp,NASDAQ,
0001811414,QS,41aa24f9-a58f-486e-9318-02d1427723e2,QuantumScape Corp,NASDAQ,
0002047455,QSEAU,ea2e3d31-8289-42b1-b3d0-56d0043246f0,Quartzsea Acquisition Corp,NASDAQ,
0001816431,QSI,7cd2431b-d0cc-4064-bba2-2dc109949d98,Quantum-Si Inc,NASDAQ,
0001618756,QSR,0a720620-4074-49a1-bc68-24874d348160,Restaurant Brands International Inc.,NYSE,
0001837493,QTEX,1fbde590-3048-4176-9bcb-a683ed3db444,QTREX Quantum Ltd.,NASDAQ,
0001844505,QTI,6d9fa59f-8ffb-449a-b6ce-e0c283ba501f,"QT IMAGING HOLDINGS, INC.",NASDAQ,
0001503274,QTRX,9338a610-7189-4389-a79e-6f5f479e86e5,Quanterix Corp,NASDAQ,
0001661998,QTTB,7afcfa08-4193-469c-bc74-839744d8a932,Q32 Bio Inc.,NASDAQ,
0001410384,QTWO,afccb614-b728-4e61-bde5-e55bc321ec84,"Q2 Holdings, Inc.",NYSE,
0001481792,QUAD,5764eaba-c17f-4ac1-bbcc-412adc05a83a,"Quad/Graphics, Inc.",NYSE,
0001758009,QUBT,e2cded07-b2c4-4f28-8c57-ad6ca9927d94,Quantum Computing Inc.,NASDAQ,
0001874252,QUCY,0364d14f-b200-4b22-95a7-cb7b98d29f29,Quantum Cyber N.V.,NASDAQ,
0000882508,QUIK,0b06bc1c-c480-432a-9be2-a57690c12ee2,QUICKLOGIC Corp,NASDAQ,
0002070900,QUMSU,35fa76d1-8d13-4f2a-bd3e-b8b7ecf433e8,Quantumsphere Acquisition Corp,NASDAQ,
0001590560,QURE,418c3d5f-3ff8-4d03-aec3-7a683bddf8d5,uniQure N.V.,NASDAQ,
0000797542,QXL,51383d1b-db97-439c-a986-e61fd91eacda,QUANTUM X LABS INC.,NASDAQ,
0001236275,QXO,5ff120be-9b7a-4367-b344-cf85ff3c5bc0,"QXO, Inc.",NYSE,
0000085961,R,b40d7c44-e15b-4dcd-8f2f-e0494c6c3af9,RYDER SYSTEM INC,NYSE,
0001655099,RA,c297bea4-3df0-4a92-b4e9-5bc6d582aacf,Brookfield Real Assets Income Fund Inc.,NYSE,
0002047497,RAC,5c19eebe-0942-48d3-b19f-7a824055276a,Rithm Acquisition Corp.,NYSE,
0002118032,RACC,a9e86d45-6aa3-4c06-aaa8-b90e77b3c851,Research Alliance Corp III,NASDAQ,
0002137777,RACD,45bda7b9-849d-4922-84cd-04f1a9b5ce9c,Research Alliance Corp IV,NASDAQ,
0001648416,RACE,3705f91a-d9d3-49b5-9a29-3dc1143324c1,Ferrari N.V.,NYSE,
0001320854,RAIL,32f05938-81db-43eb-a301-0cfa0e553a8a,"FreightCar America, Inc.",NASDAQ,
0002028293,RAINW,c4c02c07-8b80-44ed-a894-cafa17d8f479,"Rain Enhancement Technologies Holdco, Inc.",NASDAQ,
0002041385,RAL,48ba402f-1e4d-441b-bc0a-567219c2165c,Ralliant Corp,NYSE,
0000733269,RAMP,35ec4cb7-f557-47e7-b1c4-f6baee27de3e,"LiveRamp Holdings, Inc.",NYSE,
0000081955,RAND,43880ac2-fd40-4904-9533-b5c054b05088,RAND CAPITAL CORP,NASDAQ,
0002035644,RANGU,6fcc28e1-e30c-4111-a313-dc4cbcb3d406,Range Capital Acquisition Corp.,NASDAQ,
0001856725,RANI,12e5ec65-9356-4c0f-842e-f05b79ccb965,"Rani Therapeutics Holdings, Inc.",NASDAQ,
0002012593,RAPP,b2acbe04-a596-4825-82e0-ed321dca5528,"Rapport Therapeutics, Inc.",NASDAQ,
0001515673,RARE,dbfe9fe7-b5af-4458-8346-5ff1040635e5,Ultragenyx Pharmaceutical Inc.,NASDAQ,
0000718332,RAVE,f830275e-e0a2-43b6-a03b-3c8a0206fc50,"RAVE RESTAURANT GROUP, INC.",NASDAQ,
0001948443,RAY,26880b3e-5cbe-419f-af89-710d9da9579a,Raytech Holding Ltd,NASDAQ,
0001825875,RAYA,2198644e-b4a2-4730-98f8-36ae54014711,Erayak Power Solution Group Inc.,NASDAQ,
0001046102,RBA,a21642b0-d1d5-4c81-8ed7-ae121c9fa729,RB GLOBAL INC.,NYSE,
0001499422,RBB,bfa7b3db-6801-4fe4-8b55-3c845afd1017,RBB Bancorp,NASDAQ,
0001708055,RBBN,51c5e7a9-695b-4aa5-923d-7aeec54baa09,Ribbon Communications Inc.,NASDAQ,
0001324948,RBC,fd7c2592-a035-49ed-a875-c00d31a36478,RBC Bearings INC,NYSE,
0000921557,RBCAA,fc09b5a0-a9ca-4fdf-86b3-f136d5bd608d,REPUBLIC BANCORP INC /KY/,NASDAQ,
0001751783,RBKB,487922b7-269a-4c26-b76b-dcc39395146a,"Rhinebeck Bancorp, Inc.",NASDAQ,
0001315098,RBLX,550823f6-8d6f-4a45-91e3-d55ea3f98bb7,Roblox Corp,NYSE,
0002039060,RBNE,30aeefb6-26cd-4c1e-960a-12bb93a48926,Robin Energy Ltd.,NASDAQ,
0001943896,RBRK,5f06e772-31c8-4234-a198-015d6f53e9f8,"Rubrik, Inc.",NYSE,
0001527590,RC,799bd26e-c03e-49a2-abfe-2d9fdf590867,Ready Capital Corp,NYSE,
0000748268,RCAT,1f077c67-4e9d-48cd-855f-c29ae0d0a1e5,"Red Cat Holdings, Inc.",NASDAQ,
0001762303,RCEL,5bbd4d55-26ac-42d7-8cd6-146b35c8ce6f,"AVITA Medical, Inc.",NASDAQ,
0000919567,RCG,1bb6a1dd-2542-4f59-a51a-813e4af0abf2,"RENN Fund, Inc.",AMEX,
0000733099,RCI,b5279204-1533-4dac-9492-0f35d6aaa5c6,ROGERS COMMUNICATIONS INC,NYSE,
0001281895,RCKTW,ec7630d4-6d1c-437f-9d3f-4b1ab498761d,"ROCKET PHARMACEUTICALS, INC.",NASDAQ,
0000895456,RCKY,5704cfd2-fe51-44c3-9d8c-8be4fecdd032,"ROCKY BRANDS, INC.",NASDAQ,
0000884887,RCL,b4ef8484-77d0-42d9-97a5-d67948cbb979,ROYAL CARIBBEAN CRUISES LTD,NYSE,
0000700841,RCMT,18a90d45-8c76-40ae-b115-c7463eb50c93,"RCM TECHNOLOGIES, INC.",NASDAQ,
0001442620,RCON,631a1682-ecbb-4a01-ad5d-277d0d924614,"Recon Technology, Ltd",NASDAQ,
0000916183,RCS,40439687-dad9-43b0-b2c1-ee6279ab08b3,"PIMCO STRATEGIC INCOME FUND, INC.",NYSE,
0002027360,RCT,177cb55f-c93d-4fdc-90c2-1c335d0fd4ad,RedCloud Holdings plc,NASDAQ,
0001724521,RCUS,01430762-cf8d-47da-a9df-e090483dfe46,"Arcus Biosciences, Inc.",NYSE,
0002018145,RDACU,2a64db83-6bd8-4664-9c1c-a905086bfc11,Rising Dragon Acquisition Corp.,NASDAQ,
0002055459,RDAGU,6c343f9d-0412-473b-83ec-0fa7f3c092ff,Republic Digital Acquisition Co,NASDAQ,
0001713445,RDDT,6f35d70d-d7cb-48ce-8d2e-be0c7775228e,"Reddit, Inc.",NYSE,
0001856084,RDGT,02e82e7c-10c8-4673-b7b6-96c4180d7080,Ridgetech Inc.,NASDAQ,
0001553846,RDHL,15a6e2a4-0376-4eaf-80b3-26bfa64b0986,RedHill Biopharma Ltd.,NASDAQ,
0000716634,RDI,61de7651-8774-46a9-ba7e-d049fa5afb57,READING INTERNATIONAL INC,NASDAQ,
0000890926,RDN,1f04af8c-6243-4233-b67f-fd966f470257,RADIAN GROUP INC,NYSE,
0000790526,RDNT,d55d73b4-b7eb-42a2-a938-e6f8c96848de,"RadNet, Inc.",NASDAQ,
0001596961,RDNW,0e794b1c-a4a5-4937-be03-74c56b4d2208,"RideNow Group, Inc.",NASDAQ,
0001720116,RDVT,1df483fc-a556-4bc6-be8c-b29e57938bb9,"Red Violet, Inc.",NASDAQ,
0001819810,RDW,edecb586-9fd1-481a-af2e-fe2d40d8bd41,Redwire Corp,NYSE,
0001094366,RDWR,4b0df171-08ea-4228-9554-b0e7f6921fb4,RADWARE LTD,NASDAQ,
0001135951,RDY,bec741a2-5d96-4a29-ad1c-dea4931a92a7,DR REDDYS LABORATORIES LTD,NYSE,
0001868640,RDZNW,ad1ddf52-4931-451b-8f5b-16844e907bd6,Roadzen Inc.,NASDAQ,
0002095743,REA,b13dadac-3c7e-4a60-9602-2caed7892bfc,"Rare Earths Americas, Inc.",AMEX,
0001573221,REAL,74667d96-0140-4c8d-b4ba-3fa14c0c7c6b,"TheRealReal, Inc.",NASDAQ,
0001862461,REAX,5a971443-46bb-401d-83a2-1d8302919c12,Real Brokerage Inc,NASDAQ,
0001707910,REBN,ee5f0de2-67d1-4b9c-8776-5603d650aec7,"Reborn Coffee, Inc.",NASDAQ,
0001995116,RECT,fe47d308-acd1-484e-a1bf-95cb73e8625d,Rectitude Holdings Ltd.,NASDAQ,
0001140215,REED,a80f01c3-ada3-4a1f-b67b-22261a7224b3,"REED'S, INC.",AMEX,
0001787117,REF,5ae3a9a1-0eb3-4c1c-b6d5-878c5b2b0832,Reformation Inc.,NYSE,
0001867949,REFI,7c74f0f3-7882-45e3-8357-c38e6856e912,"Chicago Atlantic Real Estate Finance, Inc.",NASDAQ,
0000793524,REFR,60ab3727-167d-49a9-8fee-969e686b4238,RESEARCH FRONTIERS INC,NASDAQ,
0000910606,REG,9809045e-45f8-4222-9fe3-b2bf437dd1bc,REGENCY CENTERS CORP,NASDAQ,
0000872589,REGN,5098a4d2-0917-4184-862c-17dbefde2ed4,"REGENERON PHARMACEUTICALS, INC.",NASDAQ,
0001384195,REI,83a619eb-9c50-4c6c-9980-3d527570070b,"RING ENERGY, INC.",AMEX,
0001697851,REKR,429aabea-21b7-4af0-ba44-fbaaf4655e26,"Rekor Systems, Inc.",NASDAQ,
0000355948,RELL,34279c7b-8447-4e73-8980-0018951c084f,"RICHARDSON ELECTRONICS, LTD.",NASDAQ,
0000929869,RELX,7fb7f80e-832b-4ef3-a37d-e642ba47c26d,RELX PLC,NYSE,
0001782170,RELY,1b42ecdb-e60d-46fa-938a-ad1b499ef10b,"Remitly Global, Inc.",NASDAQ,
0001468327,RENT,38c774c1-da2e-4736-8225-3a457afb03e8,"Rent the Runway, Inc.",NASDAQ,
0001959023,RENX,e17a34d9-f6c6-4b08-8f33-4634d595c65a,RenX Enterprises Corp.,NASDAQ,
0001737953,REPL,c1f64fbb-7768-4402-a72a-f1d20b44fd2b,"Replimune Group, Inc.",NASDAQ,
0001001614,REPX,cfe11c5c-1097-4b31-a912-12361a5c6510,"Riley Exploration Permian, Inc.",AMEX,
0000742278,RES,859e59a5-f574-43e6-99dc-00210ddd54b6,RPC INC,NYSE,
0001687277,RETO,4204bd76-082e-4c8c-acc8-ccffa520d2c4,"ReTo Eco-Solutions, Inc.",NASDAQ,
0001810560,REVB,ad8f7952-0cc4-4250-a6e4-61a023ecd8c1,"REVELATION BIOSCIENCES, INC.",NASDAQ,
0000744187,REX,4fe8efbd-4335-4663-ab1d-d5bd45c2d4f7,REX AMERICAN RESOURCES Corp,NYSE,
0001571283,REXR,4f6154f7-e54f-46f0-a024-74118638d2ed,"Rexford Industrial Realty, Inc.",NYSE,
0001786431,REYN,e5a95d71-e3e5-4bbc-bc8b-4dcd73a10e3c,Reynolds Consumer Products Inc.,NASDAQ,
0001740332,REZI,040f979e-8a8f-42ac-893d-c5481b6dadca,"RESIDEO TECHNOLOGIES, INC.",NYSE,
0001281761,RF,19abae8d-4f7b-402f-8d36-6418b3c79544,REGIONS FINANCIAL CORP,NYSE,
0002012807,RFAIU,da11d554-d335-4af4-94d0-317d0cbff108,RF Acquisition Corp II,NASDAQ,
0002091712,RFAMU,a1bc2ed9-ade2-47b8-a477-1d148dd15d81,RF Acquisition Corp III,NASDAQ,
0000891290,RFI,3f467d3f-2ed8-41ff-aaf4-f39bd4391f2c,COHEN & STEERS TOTAL RETURN REALTY FUND INC,NYSE,
0000740664,RFIL,e21bfee0-3dbd-4445-896e-35585bb2ab76,R F INDUSTRIES LTD,NASDAQ,
0001790177,RFM,290d671d-6c20-44e8-b35b-84c4068954ac,"RiverNorth Flexible Municipal Income Fund, Inc.",NYSE,
0001817159,RFMZ,2b3dae15-e401-4312-93f7-3a61e126cc6d,"RiverNorth Flexible Municipal Income Fund II, Inc.",NYSE,
0000898174,RGA,c8080211-c76d-4e45-b62a-9d1ccb282c7f,REINSURANCE GROUP OF AMERICA INC,NYSE,
0001829667,RGC,db1e488b-9a66-4dee-b4d9-92b22de24dad,Regencell Bioscience Holdings Ltd,NASDAQ,
0001069533,RGCO,a0639fd2-9a07-485a-901f-1ae12aa59d8f,RGC RESOURCES INC,NASDAQ,
0000730272,RGEN,93459428-ff91-4928-a9a8-befde317be7d,REPLIGEN CORP,NASDAQ,
0000085535,RGLD,957950bd-72e3-4cef-8ad9-5a0c22422c46,ROYAL GOLD INC,NASDAQ,
0001912966,RGNT,6a638387-e42d-4254-b87b-d6b1c6e9c502,REGENTIS BIOMATERIALS LTD.,AMEX,
0001590877,RGNX,3dc3be0e-4280-446d-8fbc-db9e75c2472b,REGENXBIO Inc.,NASDAQ,
0001084765,RGP,4c8be5b3-d499-4a74-8d61-a9442a566c60,"RESOURCES CONNECTION, INC.",NASDAQ,
0000095029,RGR,acdc3c3f-5ab5-46d7-af9b-ef0578ab1a51,STURM RUGER & CO INC,NYSE,
0001514490,RGT,0970cf07-e39c-42c9-82c8-ee189222dd91,"ROYCE GLOBAL TRUST, INC.",NYSE,
0001838359,RGTIW,96d8b2a9-56bd-4211-ab92-5d678fb10ced,"Rigetti Computing, Inc.",NASDAQ,
0001528849,RH,b778d852-6408-436f-8b70-8e54fda1f5bb,RH,NYSE,
0000315213,RHI,6431ab56-4841-415d-9a71-2d0e19b940a9,ROBERT HALF INC.,NYSE,
0002039497,RHLD,568899f8-3817-41c8-8ec8-c7f542635637,"Resolute Holdings Management, Inc.",NYSE,
0001040829,RHP,5c186d57-e0d9-4550-a723-fb06274633f7,"Ryman Hospitality Properties, Inc.",NYSE,
0002035016,RIBBU,ce80e381-2dfa-4e8c-b30b-b299a93dfc9d,Ribbon Acquisition Corp.,NASDAQ,
0000935419,RICK,b735c153-1fdb-4a6b-8940-87051c40f549,"RCI HOSPITALITY HOLDINGS, INC.",NASDAQ,
0001451505,RIG,9c66fec6-a784-46a0-b154-72f32c8a9798,Transocean Ltd.,NYSE,
0001034842,RIGL,966b4905-aa8b-4d9b-9096-d70c8997eabc,RIGEL PHARMACEUTICALS INC,NASDAQ,
0001464790,RILY,71f8c632-2790-4c74-b0b6-0d4657829028,"BRC Group Holdings, Inc.",NASDAQ,
0000923601,RIME,2853e44a-9179-4a22-81ff-4dbde2663088,"Algorhythm Holdings, Inc.",NASDAQ,
0000863064,RIO,cd39ef11-b2f3-4b65-a655-a067e717fd6a,RIO TINTO PLC,NYSE,
0001167419,RIOT,a2066a09-3c46-4b9c-969a-0a8c62c38080,"Riot Platforms, Inc.",NASDAQ,
0001556593,RITM,11921055-9b99-42ad-bb61-b632f0db4b8d,Rithm Capital Corp.,NYSE,
0001951229,RITR,2a0d4c81-26df-4090-b68c-cc2e1ef6ba51,Reitar Logtech Holdings Ltd,NASDAQ,
0001501072,RIV,e1483e50-e638-4013-9697-9f5c64623605,"RIVERNORTH OPPORTUNITIES FUND, INC.",NYSE,
0001874178,RIVN,f1aaf4b2-9bc5-43ea-b56d-4341a680b775,"Rivian Automotive, Inc. / DE",NASDAQ,
0000810332,RJET,4aef0e0d-3454-4794-a54f-e67353f048d2,REPUBLIC AIRWAYS HOLDINGS INC.,NASDAQ,
0000720005,RJF,713c63c2-aa51-449b-bc1d-cb5ef9a7d4ff,RAYMOND JAMES FINANCIAL INC,NYSE,
0001469443,RKDA,a37ad719-26d4-45b2-a24e-e331f0f1ebd5,"Arcadia Biosciences, Inc.",NASDAQ,
0001819994,RKLB,91cee411-1675-48eb-a902-45c8c152f2a1,Rocket Lab Corp,NASDAQ,
0001805284,RKT,ef398141-5d27-40b3-bfe0-fa7e7ddaefbb,"Rocket Companies, Inc.",NYSE,
0001711786,RKTO,c04f1162-e913-45cd-8190-ba7e15f3f36c,Rocket One Inc.,NASDAQ,
0001037038,RL,fbb8f455-52fc-4b2e-850e-ee30fe76f494,RALPH LAUREN CORP,NYSE,
0001812364,RLAY,5580841c-1413-4e23-a7f1-a7ad63a67cb2,"Relay Therapeutics, Inc.",NASDAQ,
0001171155,RLGT,01397f44-86f6-4ad9-b1ae-89be8f75aa98,"RADIANT LOGISTICS, INC",AMEX,
0000084246,RLI,8c8ef5ca-52c4-4809-8df1-2a65cc524688,RLI CORP,NYSE,
0001511337,RLJ,47242479-4a44-4140-bae2-2a3a7d47be74,RLJ Lodging Trust,NYSE,
0001553643,RLMD,42135f2b-39b3-4b22-b3e5-2a4bc8a53904,"RELMADA THERAPEUTICS, INC.",NASDAQ,
0001866874,RLTY,53b635d7-359e-4c20-ae74-38bf8c8d0460,Cohen & Steers Real Estate Opportunities & Income Fund,NYSE,
0001739410,RLYB,62e97f1e-4a8b-40ae-bc83-6613627e2a37,Rallybio Corp,NASDAQ,
0001519401,RM,6da5bfe5-b4bf-4a39-811e-7a4ea006d3b1,Regional Management Corp.,NYSE,
0001581091,RMAX,c4439897-db4e-48e3-aacd-0ef3e5e063d5,"RE/MAX Holdings, Inc.",NYSE,
0001767837,RMBI,5ace6b0d-14ef-49ba-a458-8e29cc993b37,"Richmond Mutual Bancorporation, Inc.",NASDAQ,
0000917273,RMBS,8587f17d-56fd-4d45-a3bf-5265710bdcce,RAMBUS INC,NASDAQ,
0001616262,RMCF,f7f82e2c-08d8-40a6-b79a-19f3bed87394,"Rocky Mountain Chocolate Factory, Inc.",NASDAQ,
0001843656,RMCOW,b2febf71-3279-4fca-81f5-df00f6e6e567,Royalty Management Holding Corp,NASDAQ,
0000943819,RMD,ee55892a-1ff0-4ede-87e4-ad5aa5998044,RESMED INC,NYSE,
0001746967,RMI,161cf5b7-278f-4c5e-b738-986455949d78,"RiverNorth Opportunistic Municipal Income Fund, Inc.",NYSE,
0001771226,RMM,1967a0b4-49ff-45cf-bf4f-a741b9508953,"RiverNorth Managed Duration Municipal Income Fund, Inc.",NYSE,
0001870833,RMMZ,81574f14-b5c7-468a-b3a9-2964eee3d504,"RiverNorth Managed Duration Municipal Income Fund II, Inc.",NYSE,
0001635282,RMNI,b0d84f4a-9820-4672-9d2b-f0b76524e7af,"Rimini Street, Inc.",NASDAQ,
0001983324,RMSGW,5f22fddf-7b1c-40d2-8363-926414da6b16,Real Messenger Corp,NASDAQ,
0000912147,RMT,a15a81b2-65d7-4203-b9f0-f5992984f4ce,"ROYCE MICRO-CAP TRUST, INC.",NYSE,
0001041024,RMTI,d35b1438-60c6-4f73-b80d-c3733fd9821f,"ROCKWELL MEDICAL, INC.",NASDAQ,
0002093101,RNA,e9115325-2ca4-4e90-a8a9-a356065b97cf,"Atrium Therapeutics, Inc.",NASDAQ,
0001453687,RNAC,412960c3-0b79-4d8e-914c-f5f1e74e7197,"Cartesian Therapeutics, Inc.",NASDAQ,
0001829635,RNAZ,85a3fb22-c316-4f45-b50e-6ac8c06474c6,"Transcode Therapeutics, Inc.",NASDAQ,
0001384905,RNG,f19b19e9-fbd0-4d8e-b8cc-fdd500809cba,"RingCentral, Inc.",NYSE,
0001699039,RNGR,5d3f678d-66bf-4ef2-9db0-c77c2936389e,"Ranger Energy Services, Inc.",NYSE,
0002078653,RNGTU,88b0c10a-fb7a-4180-869f-45d55cd37442,Range Capital Acquisition Corp II,NASDAQ,
0001224450,RNP,9f83ef3c-4b5f-4ac9-9a57-0ce0c87f373f,COHEN & STEERS REIT & PREFERRED & INCOME FUND INC,NYSE,
0000913144,RNR,8bd8f687-67c0-47f6-b1b5-c815339f9c35,RENAISSANCERE HOLDINGS LTD,NYSE,
0000715072,RNST,f38f9d41-ef5c-46c0-a395-cb28e447d9ca,RENASANT CORP,NYSE,
0001420565,RNTX,5685d727-79bb-460c-a0ab-2e876d58a60d,"Rein Therapeutics, Inc.",NASDAQ,
0001848763,RNWWW,444f512b-9b58-425e-80c1-408fbfaff430,ReNew Energy Global plc,NASDAQ,
0001574094,RNXT,26431162-9b9b-411f-a5f1-a649abc5e8b0,"RenovoRx, Inc.",NASDAQ,
0001718227,ROAD,959edaa6-32f6-4a1a-b3da-d739bdca32f1,"Construction Partners, Inc.",NASDAQ,
0002077709,ROC,d81734e9-2391-44ac-bf10-0f61b4219f15,Rank One Computing Corp,NASDAQ,
0000912562,ROCK,e5f52bad-580e-49a2-88c0-6e110aec8e7b,"GIBRALTAR INDUSTRIES, INC.",NASDAQ,
0000084748,ROG,3d66f4e9-b73b-4e60-b982-83f73f69d93d,ROGERS CORP,NYSE,
0001635088,ROIV,553f917f-9dd3-4cd1-bd6e-652118d0b077,Roivant Sciences Ltd.,NASDAQ,
0001024478,ROK,4039d327-5ab5-4040-8920-b23ab2e669b2,"ROCKWELL AUTOMATION, INC",NYSE,
0000084839,ROL,4cbd2a17-105f-470d-b690-1e58aa0ce908,ROLLINS INC,NYSE,
0001947210,ROLR,58a5c8e9-b397-4da4-b954-8d5c21a2553a,"High Roller Technologies, Inc.",AMEX,
0001945240,ROMA,5a0bcd08-3769-4a25-ab81-42cc5c433ca1,Roma Green Finance Ltd,NASDAQ,
0000882835,ROP,23e965be-de5f-44cd-8e2c-b4fbbea0ec9c,ROPER TECHNOLOGIES INC,NASDAQ,
0000745732,ROST,adcce409-1666-4ceb-89fa-ecbb458c18ea,"ROSS STORES, INC.",NASDAQ,
0001841968,RPC,ae72de68-ad7b-421a-bdf3-3fd8801753f2,"Ridgepost Capital, Inc.",NYSE,
0001560327,RPD,942d9a75-be72-4548-86ce-2198d23d8206,"Rapid7, Inc.",NASDAQ,
0001912884,RPGL,c787f866-87de-499f-b1f4-efba37d3071a,Republic Power Group Ltd,NASDAQ,
0001380106,RPID,8ddb6148-678d-4ab2-85b7-19e0ff20367b,"RAPID MICRO BIOSYSTEMS, INC.",NASDAQ,
0000110621,RPM,4609f4c7-14d4-451f-aff6-fb1e2ce46138,RPM INTERNATIONAL INC/DE/,NYSE,
0001802768,RPRX,feada6fc-363b-4065-bd11-210e8d66e432,Royalty Pharma plc,NASDAQ,
0001614806,RPT,970dcd15-ad94-452b-9458-8e74eb50b370,Rithm Property Trust Inc.,NYSE,
0001157842,RQI,a148d4cc-3273-49bf-9e45-d99ce7ad8021,COHEN & STEERS QUALITY INCOME REALTY FUND INC,NYSE,
0001963685,RR,79543847-a5ab-4cbf-b9f7-4072a3e84b0d,RICHTECH ROBOTICS INC.,NASDAQ,
0001071236,RRBI,564b271f-4d30-4246-845f-879e13956e27,RED RIVER BANCSHARES INC,NASDAQ,
0000315852,RRC,77365ee7-3bd7-4eba-abff-252633d2c5ad,RANGE RESOURCES CORP,NYSE,
0002123969,RREVU,84b14d7b-bd26-48ad-bc14-4c2b2a86b8c0,RRE Ventures Acquisition Corp.,NASDAQ,
0001171759,RRGB,dc1dd66f-31ba-4c68-895c-12404b461400,RED ROBIN GOURMET BURGERS INC,NASDAQ,
0001653653,RRR,fa586550-6994-445a-9fad-04ff448e0410,"Red Rock Resorts, Inc.",NASDAQ,
0000082811,RRX,ddfacc31-3cac-43cb-8bb7-d4ba26c064f4,REGAL REXNORD CORP,NYSE,
0000861884,RS,d366063e-1e17-43eb-ae6d-a27507761f60,"RELIANCE, INC.",NYSE,
0001644771,RSF,1427b056-2a26-4197-92a4-c773fa95f2f4,"RiverNorth Capital & Income Fund, Inc.",NYSE,
0001060391,RSG,f250c025-bde8-4113-9e27-04cd1c889037,"REPUBLIC SERVICES, INC.",NYSE,
0001793659,RSI,7c5f9f5e-cca5-46df-8a49-247ba15d566d,"Rush Street Interactive, Inc.",NYSE,
0001851112,RSKD,afa87473-a7b1-4660-8cac-5e8d4ff29135,RISKIFIED LTD.,NYSE,
0001386301,RSSS,30441889-b775-46d3-a879-cef3c1bcc92c,"Research Solutions, Inc.",NASDAQ,
0001824403,RSVR,0a392c32-70f4-4321-83c0-87576c26ccc4,"Reservoir Media, Inc.",NASDAQ,
0002035173,RTACU,046e2c3c-b020-4650-a2c0-c712de1e0cbc,Renatus Tactical Acquisition Corp I,NASDAQ,
0001419275,RTB,6d8da47d-4fcb-4439-a2bb-f5a849bcf661,"RTB Digital, Inc.",NASDAQ,
0000101829,RTX,4d8f7f83-d998-4839-9134-38473cd13123,RTX Corp,NYSE,
0001943421,RUBI,4f38f0a6-4fb3-44fb-8b00-1e9e1f3c6cee,Rubico Inc.,NASDAQ,
0001830081,RUMBW,a8845138-f886-4a95-a526-6068fa940235,RUM Group Inc.,NASDAQ,
0001469367,RUN,048ba86b-80d4-4f2a-8b4a-34af6dc9615d,Sunrun Inc.,NASDAQ,
0001012019,RUSHB,4a92c981-783a-4737-8984-4cf14d47be8a,RUSH ENTERPRISES INC \TX\,NASDAQ,
0002085091,RVI,e8e478c5-20e1-4975-849d-017d48b17ba2,Robinhood Ventures Fund I,NYSE,
0001746618,RVLV,13083962-9a25-45f4-b4de-d5b879168036,"Revolve Group, Inc.",NYSE,
0001628171,RVMDW,6ef1136a-65fc-4349-92c6-0274119a19ab,"Revolution Medicines, Inc.",NASDAQ,
0000946563,RVP,23286439-79cf-44a3-915f-4b5c47601c37,RETRACTABLE TECHNOLOGIES INC,AMEX,
0001041368,RVSB,aaf1a563-ca1d-4882-b892-bc17a3bf3ae7,RIVERVIEW BANCORP INC,NASDAQ,
0001743905,RVSNW,63f7fb5c-1317-46ac-b188-74ba731e77f9,Rail Vision Ltd.,NASDAQ,
0000804116,RVT,e95dd210-63f7-4ac7-b9cb-822b5c29d671,"ROYCE SMALL-CAP TRUST, INC.",NYSE,
0000031791,RVTY,dbb3a9dd-553a-46f2-a0cf-c53116e4c85a,"REVVITY, INC.",NYSE,
0001653384,RWAY,deee59a0-7041-4750-907f-ce687c6c6d27,Runway Growth Finance Corp.,NASDAQ,
0000930236,RWT,a7161a94-6242-4cb1-8cd7-cab88cee30f9,REDWOOD TRUST INC,NYSE,
0001929561,RXO,0089b577-04b4-465b-b6de-f0243452e796,"RXO, Inc.",NYSE,
0001601830,RXRX,b7918d89-17c9-4e28-870d-aa3d921a6cb7,"RECURSION PHARMACEUTICALS, INC.",NASDAQ,
0001111485,RXST,dc77a6d9-3d4e-4662-b08e-acac68cf7271,"RxSight, Inc.",NASDAQ,
0001810019,RXT,b9b50652-2a2b-44f1-9be6-28be916f6102,"Rackspace Technology, Inc.",NASDAQ,
0001000275,RY,dc9fe0ac-b777-4c11-a69c-e0f9e989587d,ROYAL BANK OF CANADA,NYSE,
0001597672,RYAM,14835ce2-1f11-481d-a12b-d98b11f347b7,RAYONIER ADVANCED MATERIALS INC.,NYSE,
0001849253,RYAN,31ef3c48-9cc1-42db-b8b4-ac034e2dbf2f,"RYAN SPECIALTY HOLDINGS, INC.",NYSE,
0001971115,RYDE,1be59c53-97f2-4185-a903-fed32be62035,Ryde Group Ltd,AMEX,
0001873454,RYET,0380fed0-5185-4f5a-add1-5e854ff29d4d,Ruanyun Edai Technology Inc.,NASDAQ,
0000052827,RYN,d782366d-a9ca-455d-a09d-329491719e60,RAYONIER INC,NYSE,
0002012600,RYOJ,697fde8a-83bb-4a12-afda-b9bce536f28c,"rYojbaba Co., Ltd.",NASDAQ,
0001649904,RYTM,4b26e750-e4f1-404e-b820-e1f91033a1c0,"RHYTHM PHARMACEUTICALS, INC.",NASDAQ,
0001481582,RYZ,70e55433-6cbc-45ff-93d9-b002c12d38b4,Ryerson Holding Corp,NYSE,
0001509261,RZLT,cfb26770-5c46-4b84-b6c3-8b193a8f33fb,"Rezolute, Inc.",NASDAQ,
0001920294,RZLVW,8e670dc8-b2fb-42ca-bff1-c20867ae8d21,REZOLVE AI PLC,NASDAQ,
0001583708,S,66b3020e-97e1-4361-9956-42b2ea46937a,"SentinelOne, Inc.",NYSE,
0001231346,SA,509a155d-0e5d-4e60-ab7e-eac2f36b5c8b,SEABRIDGE GOLD INC,NYSE,
0002091222,SAAQU,d76bfc36-3d6b-4cb8-b654-0b201aa6a40a,Space Asset Acquisition Corp.,NASDAQ,
0000828803,SABA,b5e1d181-22e6-4fa3-8e8f-c9882ffec735,Saba Capital Income & Opportunities Fund II,NYSE,
0001833214,SABSW,81bbfb17-db36-49da-abe2-432eddffa3b0,"SAB Biotherapeutics, Inc.",NASDAQ,
0002082844,SAC,2de99230-39ff-4300-af8e-0ce33b09e623,Safeguard Acquisition Corp.,NYSE,
0001682220,SACH,174cd5bc-f275-4688-86c8-5873f719e7bc,Sachem Capital Corp.,AMEX,
0001095651,SAFE,b5aa99e8-3d60-4f23-926f-dcc34d064818,Safehold Inc.,NYSE,
0001172052,SAFT,d12464f7-efd6-4865-956e-74183c7df602,SAFETY INSURANCE GROUP INC,NASDAQ,
0002019793,SAFX,5b70c154-bac9-4c20-8c10-891366718225,"XCF Global, Inc.",NASDAQ,
0002029138,SAGT,7658e207-d888-49d0-a32d-11424613e68b,SAGTEC GLOBAL Ltd,NASDAQ,
0002083452,SAGU,fd2edd01-00b4-496f-9d23-6c1801c22186,Shreya Acquisition Group,NYSE,
0001043509,SAH,58d5abd8-9564-46d1-b909-b9d8f6b65ad4,SONIC AUTOMOTIVE INC,NYSE,
0001571123,SAIC,8f1197d2-0756-402f-bfaf-bcc2f781ea6f,Science Applications International Corp,NASDAQ,
0001847075,SAIHW,c8b4b5a6-ad7a-49e5-8405-dce848b25301,SAIHEAT Ltd,NASDAQ,
0002030781,SAIL,fefd264d-cec5-4121-9b86-73e75fbe4f38,"SailPoint, Inc.",NASDAQ,
0000949870,SAM,cde20996-75b1-457b-b872-e27bd6577087,BOSTON BEER CO INC,NYSE,
0001549966,SAMG,5e4c4903-2c37-4057-8047-b79d22dfaa3a,Silvercrest Asset Management Group Inc.,NASDAQ,
0000891478,SAN,480ac4ce-b91e-4a9a-8945-dc514aec0bf8,"Banco Santander, S.A.",NYSE,
0001770121,SANA,5306a294-a817-4aa5-b868-39e266727921,"Sana Biotechnology, Inc.",NASDAQ,
0001753368,SANG,a5a7ef7d-6a8e-4ca1-a099-d1691ee7141a,Sangoma Technologies Corp,NASDAQ,
0000897723,SANM,b2015fd4-d4d1-4c80-8e20-394862c1b63d,SANMINA CORP,NASDAQ,
0001000184,SAP,55d586fd-4ccc-4c9c-9e07-4f1d18ed298f,SAP SE,NYSE,
0001377936,SAR,b49123a1-6d18-4916-946e-c7c06ffe0999,SARATOGA INVESTMENT CORP.,NYSE,
0002025410,SARO,bd9bcc7b-facd-453a-8e34-564e1ff0f964,"StandardAero, Inc.",NYSE,
0001874315,SATLW,bb9b15bb-ec0e-46a5-a40c-d2d01e402c98,Satellogic Inc.,NASDAQ,
0001434754,SB,696f6b0b-a9ce-4036-b9ab-1726246f80eb,"SAFE BULKERS, INC.",NYSE,
0001034054,SBAC,0f875f59-4ac8-4061-bac4-f053f20ff91a,SBA COMMUNICATIONS CORP,NASDAQ,
0000730708,SBCF,1745db34-1ba1-4e56-984f-f27c4c512d91,SEACOAST BANKING CORP OF FLORIDA,NASDAQ,
0001930313,SBCWW,1396cb85-0cc1-4f81-b8f6-d1ad0425241c,SBC Medical Group Holdings Inc,NASDAQ,
0001981535,SBET,50ba011b-0186-47d4-b419-ea9869117485,"Sharplink, Inc.",NASDAQ,
0001553788,SBEV,cb190ce3-7409-42f5-bd53-44c6f249c5c3,"SPLASH BEVERAGE GROUP, INC.",AMEX,
0000767405,SBFG,6dd67251-c5e0-400f-8719-ea5ceb2257ad,"SB FINANCIAL GROUP, INC.",NASDAQ,
0001402328,SBFMW,80f88c78-56d8-40bd-b28b-a78438e2b1da,Sunshine Biopharma Inc.,NASDAQ,
0001368458,SBH,3e159685-a5ae-4993-a1ff-3244d19c5a84,"Sally Beauty Holdings, Inc.",NYSE,
0000882300,SBI,4bcb31fc-2301-48ce-ba47-d5e1d7c725d1,WESTERN ASSET INTERMEDIATE MUNI FUND INC.,NYSE,
0001386716,SBLK,3d389e85-53d4-4897-8205-53a3ca395c05,Star Bulk Carriers Corp.,NASDAQ,
0002067674,SBMT,b10ccdc2-b1e4-4e9e-abcc-846626fef78c,SILVER BOW MINING CORP.,AMEX,
0000710752,SBR,8cf8dffd-5a5a-4e19-a87f-a3b9353cf7c1,SABINE ROYALTY TRUST,NYSE,
0001492298,SBRA,fa1a3109-ea98-47ca-b1c8-c10c2ca282f3,"Sabra Health Care REIT, Inc.",NASDAQ,
0001170858,SBS,d588220d-58a3-440b-9649-66d95ea9e953,COMPANHIA DE SANEAMENTO BASICO DO ESTADO DE SAO PAULO-SABESP,NYSE,
0000705432,SBSI,122efd5d-dee4-4198-ae02-abb6c48731fa,SOUTHSIDE BANCSHARES INC,NYSE,
0000829224,SBUX,0a7deac5-2d75-4e54-9f66-51c1c6fad55b,STARBUCKS CORP,NASDAQ,
0002015947,SBXD,60ca5898-3eca-438c-806d-00e849bfeb73,SilverBox Corp IV,NYSE,
0002081909,SBXE,ca4c3dd4-5305-4ec8-acaa-fe8259985bac,SilverBox Corp V,NYSE,
0002000366,SCAGW,fd364628-3b59-48af-b0c2-95c3e6b8cbb6,Scage Future,NASDAQ,
0001001838,SCCO,c1ca828d-445f-4787-8e1c-5b6701e76f9c,SOUTHERN COPPER CORP/,NYSE,
0001270131,SCD,d59f4fea-264c-4d2a-9817-990131931ec0,LMP CAPITAL & INCOME FUND INC.,NYSE,
0000866729,SCHL,767a2c09-0753-4ce1-8fdc-938d2d165ee7,SCHOLASTIC CORP,NASDAQ,
0000316709,SCHW,1f868250-6f1d-4a57-9cd0-ac3f581a96e5,SCHWAB CHARLES CORP,NYSE,
0000089089,SCI,e649a39e-252a-4c8d-98ae-947034ca69d1,SERVICE CORP INTERNATIONAL,NYSE,
0002076739,SCIIU,cc0bd127-c31f-4f76-8200-4c7e650853bf,SC II Acquisition Corp.,NASDAQ,
0000944075,SCKT,5e3cb228-fabc-4ba3-b7e8-3a6f2d315c3b,"SOCKET MOBILE, INC.",NASDAQ,
0000094049,SCL,cd27f875-e6b9-45ec-8db8-928738b88d4d,STEPAN CO,NYSE,
0001820190,SCLXW,85cff422-8d8b-424e-949e-932e0a8d8641,Scilex Holding Co,NASDAQ,
0001551901,SCM,ef4e23b7-5ebc-4603-9b35-e46d82eb027c,Stellus Capital Investment Corp,NYSE,
0001611747,SCNI,914b6f8a-2eff-4b0d-9709-3daf96918b6a,Scinai Immunotherapeutics Ltd.,NASDAQ,
0001382574,SCNX,0a4ba051-bd32-46ad-88b5-995e0d582eb5,"Scienture Holdings, Inc.",NASDAQ,
0002108383,SCOP,2425f381-0881-413d-8221-51cc47917916,Sprott Physical Copper Trust,ARCA,
0001158172,SCOR,7402c109-31cf-41f1-840b-fd1aed8e1f51,"COMSCORE, INC.",NASDAQ,
0002083143,SCPQU,dc64f205-5ecf-4972-9e11-5a448355e15a,Social Commerce Partners Corp,NASDAQ,
0000918965,SCSC,b9818866-139a-4241-a892-426d4b38dbe7,"SCANSOURCE, INC.",NASDAQ,
0001853921,SCTX,3cee75a5-1b61-4409-8e19-07ab4fd9fa47,"Scribe Therapeutics, Inc.",NASDAQ,
0000933972,SCWO,d7e95925-a4bd-4b1e-bbd1-384c06eefce1,374Water Inc.,NASDAQ,
0001178253,SCYX,9f626d14-e7af-4aa5-99d5-3aec7d8fa6df,SCYNEXIS INC,NASDAQ,
0001548536,SCZM,e870c361-37c1-49b0-a6fd-56a8b1cf1e84,Santacruz Silver Mining Ltd.,NASDAQ,
0001349436,SD,02c2ef18-b30d-4b1a-9f8b-0efaf89208e2,SANDRIDGE ENERGY INC,NYSE,
0001936804,SDAWW,333d49b7-9ccf-4d77-866c-3601338b89e2,SunCar Technology Group Inc.,NASDAQ,
0001389545,SDEV,2777c2b0-8c69-4370-ab29-c92d45ab7bff,Stablecoin Development Corp,AMEX,
0001490978,SDGR,c05c851e-185c-4392-be34-ef39a86b27d8,"Schrodinger, Inc.",NASDAQ,
0001982518,SDHC,6b3830d7-2849-40d3-b21c-d19aa6532f2e,Smith Douglas Homes Corp.,NYSE,
0002034037,SDHIU,a2ad9408-ce0c-4480-a652-cc5b07eff9ce,Siddhi Acquisition Corp (Cayman Islands),NASDAQ,
0001812923,SDHY,5ae75c95-b220-4c71-a6ff-5700200fd0c5,PGIM Short Duration High Yield Opportunities Fund,NYSE,
0001701756,SDOT,29fcd6c5-09d1-44b0-bb7d-5e2f2346708f,Sadot Group Inc.,NASDAQ,
0001737706,SDRL,cfbb9a14-6c57-4b01-afba-16fe30dbee3d,SEADRILL Ltd,NYSE,
0001831979,SDSTW,2e668870-3c8a-4de9-a034-55451e420507,Stardust Power Inc.,NASDAQ,
0001856031,SEATW,83879fad-a382-4c5f-b854-506588193dc9,Vivid Seats Inc.,NASDAQ,
0000088121,SEB,8b13996f-4f32-4b5c-803a-b3b15cdc49b4,SEABOARD CORP /DE/,AMEX,
0002094496,SECZ,f6c05cd6-b34c-48f3-aed8-91c17aac4633,Securitize Corp.,NYSE,
0001419612,SEDG,f703cad8-f944-4cc9-8cc1-9d1c6cc8203d,"SOLAREDGE TECHNOLOGIES, INC.",NASDAQ,
0001321851,SEED,7986ce56-a28a-44b5-9cb4-fa3a3412d100,Origin Agritech LTD,NASDAQ,
0002009684,SEG,e9b00d2b-8cdc-49b9-964a-a980356e690d,Seaport Entertainment Group Inc.,NYSE,
0001697500,SEI,b3eb0612-8710-4a8a-990a-16feb000486b,"Solaris Energy Infrastructure, Inc.",NYSE,
0000350894,SEIC,b6bc2812-98a5-43d9-af58-5161e1060a44,SEI INVESTMENTS CO,NASDAQ,
0001031235,SELF,85d586b2-d5c5-441e-be8e-5a958e3cd1dd,"Global Self Storage, Inc.",NASDAQ,
0000088948,SENEA,d9a3f852-41d9-4ec5-8346-325504231f07,Seneca Foods Corp,NASDAQ,
0001616543,SENS,b534e743-281f-4011-8788-02dccd994499,"Senseonics Holdings, Inc.",NASDAQ,
0001984086,SEPN,3cd8d129-c2bb-4a0a-b7d4-0d5f80e60835,"Septerna, Inc.",NASDAQ,
0001708599,SER,2a84cc3f-d8b3-4d35-8e3c-a50ef3cf8616,"Serina Therapeutics, Inc.",AMEX,
0001534969,SERA,289c8e00-24f1-4e0f-906f-56dff8dc41d2,"SERA PROGNOSTICS, INC.",NASDAQ,
0001832483,SERV,feb5c64a-6706-4b7b-a987-8033f2bb2ebe,Serve Robotics Inc. /DE/,NASDAQ,
0001819142,SES,8a23aa7d-b5d1-4f22-b2fe-e3f0f8db7ef0,SES AI Corp,NYSE,
0001786471,SEV,ebd480f8-2de7-4dd5-8285-b9e833667f45,Aptera Motors Corp,NASDAQ,
0001452477,SEVN,af8a9a3a-1bb7-4bee-a1e8-f54644e6e2fa,Seven Hills Realty Trust,NASDAQ,
0001662991,SEZL,c5e3bb1f-6a05-469e-b50b-ab5587a86f2f,Sezzle Inc.,NASDAQ,
0000720672,SF,be49b8bf-cdc9-4495-8b62-987027c8a703,STIFEL FINANCIAL CORP,NYSE,
0001541119,SFBC,dca79ee6-c6d9-4be0-a2a8-63b740164ea9,"Sound Financial Bancorp, Inc.",NASDAQ,
0001430723,SFBS,7a7bf5f8-a192-4c04-8fc5-afde876fc314,"ServisFirst Bancshares, Inc.",NYSE,
0000091388,SFD,181186e5-2883-454b-a387-3fdb0383317f,SMITHFIELD FOODS INC,NASDAQ,
0001926792,SFHG,f2978a39-efa1-45f7-88fc-76cd83213449,SAMFINE CREATION HOLDINGS GROUP Ltd,NASDAQ,
0001576942,SFIX,529158c5-515c-4572-95a1-3d630b3f0514,"Stitch Fix, Inc.",NASDAQ,
0001289877,SFL,17601a68-9448-40b3-a372-21fb2da15095,SFL Corp Ltd.,NYSE,
0001575515,SFM,9e18ef96-7472-4c87-9912-edd2fe75acfa,"Sprouts Farmers Market, Inc.",NASDAQ,
0000090498,SFNC,bb7af95a-3bd4-4294-98c0-c4146ab86041,SIMMONS FIRST NATIONAL CORP,NASDAQ,
0001090009,SFST,6b5bdfd3-c2da-4cda-b50e-ee707fa06d51,SOUTHERN FIRST BANCSHARES INC,NASDAQ,
0001863218,SFWL,eec4437d-0592-4a8f-8c80-0d2e7c4d766e,SHENGFENG DEVELOPMENT Ltd,NASDAQ,
0001477815,SG,a1b04552-f30f-4d88-8a85-422434b350be,"Sweetgreen, Inc.",NYSE,
0000886136,SGA,08fd7050-5dcd-4f76-ac95-524701e2502d,SAGA COMMUNICATIONS INC,NASDAQ,
0000095574,SGC,3d413a6c-6902-4e41-acc7-c9b0873d0ab8,"SUPERIOR GROUP OF COMPANIES, INC.",NASDAQ,
0001878057,SGHC,83bf4c17-c706-49e2-86ce-3adcff36487e,Super Group (SGHC) Ltd,NYSE,
0001531177,SGHT,3cb84d57-1104-4217-aebb-37fd76b929bd,"Sight Sciences, Inc.",NASDAQ,
0001206264,SGI,15256b98-b12d-4635-b44d-e005912e2f75,SOMNIGROUP INTERNATIONAL INC.,NYSE,
0001422892,SGLY,e607d58c-f218-402d-9641-08beb1f697f1,Singularity Future Technology Ltd.,NASDAQ,
0001848309,SGML,2ab62679-5f7c-478f-a108-8ed90a6f4930,Sigma Lithium Corp,NASDAQ,
0001400118,SGMT,269521d8-50c6-42c4-aeb6-7dcd636d9dc9,Sagimet Biosciences Inc.,NASDAQ,
0001450923,SGOL,52bf4e06-8b21-4277-8cf4-d14602219693,abrdn Gold ETF Trust,ARCA,
0001778922,SGP,282aa04c-7806-4406-b821-35ab7daacd26,"SpyGlass Pharma, Inc.",NASDAQ,
0001638833,SGRY,b3d02c86-5416-452a-9236-79373b7c2987,"Surgery Partners, Inc.",NASDAQ,
0001620533,SHAK,56ba4b13-4291-4319-954f-a07546cf40d2,Shake Shack Inc.,NYSE,
0001035092,SHBI,8eb9aebf-cf74-4d08-bdf5-04190ceab9ed,SHORE BANCSHARES INC,NASDAQ,
0001822479,SHC,0140f325-7545-45a2-99e0-7a4f8ce688d1,Sotera Health Co,NASDAQ,
0000354963,SHEN,74baa33c-0ab2-4473-a818-2b0307eec660,SHENANDOAH TELECOMMUNICATIONS CO/VA/,NASDAQ,
0001263043,SHG,22eb2fb5-1d17-4375-a4d4-22f7f4085877,SHINHAN FINANCIAL GROUP CO LTD,NYSE,
0001887944,SHIM,5e207b9d-8cae-4aca-8381-da6168d2a174,Shimmick Corp,NASDAQ,
0001448397,SHIP,a089b41f-5a74-415e-81f4-f3dc23a8151e,Seanergy Maritime Holdings Corp.,NASDAQ,
0001831651,SHLS,6e3743af-45a9-4c3f-bf59-94997a4dba1f,"Shoals Technologies Group, Inc.",NASDAQ,
0001987240,SHMDW,156cf894-9b5c-4f05-b23e-90188903368b,SCHMID Group N.V.,NASDAQ,
0001295810,SHO,d3049875-7013-48a2-a0d6-adf4fe2b479a,"Sunstone Hotel Investors, Inc.",NYSE,
0000895447,SHOE,e25cb429-e589-49be-bc0b-f9be4c632062,SHOE STATION GROUP INC,NASDAQ,
0000913241,SHOO,1110d032-25cb-4b25-9044-39ee7d3ddca4,"STEVEN MADDEN, LTD.",NASDAQ,
0002104879,SHOTU,9b85a373-61cf-43df-a38b-aa395ca3fab6,RMG ML Sports Holdings,NASDAQ,
0001757499,SHPH,11fbddb1-23ae-4651-9d64-f906c1712d0f,"Shuttle Pharmaceuticals Holdings, Inc.",NASDAQ,
0000089800,SHW,d2cb3472-a97f-4434-9736-c4ca7f82a67f,SHERWIN WILLIAMS CO,NYSE,
0001699350,SI,f98e1c91-1959-4c6f-9060-85cf05437518,"SHOULDER INNOVATIONS, INC.",NYSE,
0001459839,SIBN,431d6d3d-30ea-406b-9371-137d8df096e3,"SI-BONE, Inc.",NASDAQ,
0001879726,SIDU,d373ca8b-ecd1-4445-9aba-1fe217614c1f,Sidus Space Inc.,NASDAQ,
0000065596,SIEB,4ec1bbd0-3b67-4eee-bed5-dc8101d509d6,SIEBERT FINANCIAL CORP,NASDAQ,
0000090168,SIF,acca8cd9-b69f-436d-9ff6-7dcaf6abb8c7,SIFCO INDUSTRIES INC,AMEX,
0001094324,SIFY,129f72df-dbd0-4ace-9bdc-3db6265f322a,SIFY TECHNOLOGIES LTD,NASDAQ,
0000832988,SIG,596bfb8e-f061-4e43-863d-519dca7bb6db,SIGNET JEWELERS LTD,NYSE,
0001010086,SIGA,90ad6abe-4de7-4cb4-91e8-8928de891411,SIGA TECHNOLOGIES INC,NASDAQ,
0000230557,SIGI,76afb4b1-4b67-4b6d-a456-fbe2ea943c18,SELECTIVE INSURANCE GROUP INC,NASDAQ,
0001512920,SII,86430e0a-eb27-4eab-8844-896a840ccfbc,SPROTT INC.,NYSE,
0000916793,SILC,ee4a3e08-00fe-4845-bb90-b33c8e758886,SILICOM LTD.,NASDAQ,
0001514183,SILO,0e10d53a-92d7-419e-a170-4a4c950c6369,"Silo Pharma, Inc.",NASDAQ,
0000887153,SIM,711d13ec-d316-4882-b21d-651aff034407,"GRUPO SIMEC, S.A.B. de C.V.",AMEX,
0002014982,SIMAU,45709c8c-3b7b-460f-b253-aa8a6c3742fc,SIM Acquisition Corp. I,NASDAQ,
0001329394,SIMO,6d13f0f1-4a92-4d1d-851d-941783d6d781,Silicon Motion Technology CORP,NASDAQ,
0002096861,SIND,c3137e7b-1561-4e1b-b483-4cb671dc29c2,Sinda Ltd.,NYSE,
0001269026,SINT,87ae5c78-4dff-4967-b886-f6fd034dbe84,"Sintx Technologies, Inc.",NASDAQ,
0002036042,SION,f216aa33-1199-4110-925b-f17c614258ea,"Sionna Therapeutics, Inc.",NASDAQ,
0000908937,SIRI,7dee1942-673b-4d43-b356-84e6fe004681,SIRIUS XM HOLDINGS INC.,NASDAQ,
0000894315,SITC,13fd81bf-7cc9-4245-9945-590e55e04b91,SITE Centers Corp.,NYSE,
0001650729,SITE,7a129f9c-8d25-4fde-89f5-90630b3ba52b,"SiteOne Landscape Supply, Inc.",NYSE,
0001451809,SITM,b93dcd3e-f766-4d6c-ad4f-3fd5b9559690,SITIME Corp,NASDAQ,
0001450922,SIVR,072fdbf6-503d-4912-b99b-be1623f29f51,abrdn Silver ETF Trust,ARCA,
0000091419,SJM,a08ed46f-696f-43fb-9b98-a2634646ad7a,J M SMUCKER Co,NYSE,
0000319655,SJT,66fc8303-e12c-4783-a48f-d1062513bf45,SAN JUAN BASIN ROYALTY TRUST,NYSE,
0001713748,SKE,5d833080-4b7d-4e48-8ffb-6992ae413c4d,Skeena Resources Ltd,NYSE,
0001774675,SKIL,c37e1f33-7926-499b-83de-c400b33b4770,Skillsoft Corp.,NYSE,
0001818093,SKIN,b0e1800d-efa6-4d10-9a2e-b0f84a01c4e1,SkinHealth Systems Inc.,NASDAQ,
0000899715,SKT,a10f6a2d-e571-4771-9447-43b413e7919d,TANGER INC.,NYSE,
0001519449,SKWD,d5c588d2-e532-457d-a85e-ffd8b792622d,"Skyward Specialty Insurance Group, Inc.",NASDAQ,
0000090896,SKY,97fd4ad8-d8bd-48e7-9e01-48ee894bccd0,"Champion Homes, Inc.",NYSE,
0001737995,SKYAW,4d387400-81d9-48ee-bed3-7d42304c2948,"SkyAI, Inc.",NASDAQ,
0001516551,SKYE,d13e3042-9e53-4019-80eb-0d64f3877ca7,"Skye Bioscience, Inc.",NASDAQ,
0001823587,SKYH,2369bd41-a407-43c2-ac48-bc081ceb8af5,Sky Harbour Group Corp,NYSE,
0001812447,SKYQ,07bd8d3c-6155-4f7e-b39c-de991cec7e02,Sky Quarry Inc.,NASDAQ,
0000793733,SKYW,98506868-2d75-4df5-bbc6-5b81c5f8db77,SKYWEST INC,NASDAQ,
0001598981,SKYX,cc8f134c-a08f-41e8-8ac2-2005c1d0043f,SKYX Platforms Corp.,NASDAQ,
0001038074,SLAB,845b8a56-694e-437b-a0a7-e8b286e46096,SILICON LABORATORIES INC.,NASDAQ,
0000087347,SLB,799b9c5a-54c1-4241-ba42-0dcba7d161bb,SLB LIMITED/NV,NYSE,
0002070534,SLBT,eafc6eb3-c9d6-4ef6-92ab-05ae9aef7261,SL Science Holding Ltd,NASDAQ,
0001707502,SLDB,6e6ffe62-b0c5-4530-bbe6-8027bea2356c,Solid Biosciences Inc.,NASDAQ,
0001886428,SLDE,74b589c4-7d57-4d62-946b-ac5314517be3,"Slide Insurance Holdings, Inc.",NASDAQ,
0001844862,SLDPW,656ee1b1-25c7-4fbf-b2d9-eafa00fe79aa,"Solid Power, Inc.",NASDAQ,
0001621672,SLE,c9d64811-799d-44d2-81fb-7e149ec8aa07,"Super League Enterprise, Inc.",NASDAQ,
0001097362,SLF,9dec6690-057b-4e92-9db9-f6a4942b6c39,SUN LIFE FINANCIAL INC,NYSE,
0001040971,SLG,538afbd0-a095-4f3e-a673-9f7bbb023da0,SL GREEN REALTY CORP,NYSE,
0001987189,SLGB,b9a44571-679a-47c8-87e4-2cc5bf4c7bb0,Smart Logistics Global Ltd,NASDAQ,
0001684693,SLGL,6c23ef68-65d3-4963-8067-b70df5f392c8,Sol-Gel Technologies Ltd.,NASDAQ,
0000849869,SLGN,3383fae9-39dc-4617-bb43-3eef2e92f93f,SILGAN HOLDINGS INC,NYSE,
0001537137,SLI,a8cb9cf9-d994-485e-a86e-6cece21d191c,STANDARD LITHIUM LTD.,AMEX,
0001479615,SLN,4acd1e32-0e02-4db8-abfb-bcd8c6fc4786,Silence Therapeutics plc,NASDAQ,
0001883814,SLND,38174f3a-f3d1-4614-b652-0f486aee1cf4,"Southland Holdings, Inc.",AMEX,
0001043186,SLNG,4a066d50-2047-42a5-90a6-b333a863ae64,"Stabilis Solutions, Inc.",NASDAQ,
0000064463,SLNH,8ed90791-d77d-4193-a8b3-fe71d278d625,"Soluna Holdings, Inc",NASDAQ,
0001023459,SLP,aa9a9119-a9fa-4838-9a7e-82876eb1337e,"Simulations Plus, Inc.",NASDAQ,
0001794783,SLQT,ba48e4db-ba6e-42ec-a6d9-14289d1feef8,"SelectQuote, Inc.",NYSE,
0001418076,SLRC,8d07c994-8c4e-4958-91a0-028d855e5b42,SLR Investment Corp.,NASDAQ,
0001390478,SLS,ae3b08dc-0bfc-44e0-91a2-6703982b9a22,"SELLAS Life Sciences Group, Inc.",NASDAQ,
0000883107,SLSN,7b7f47d6-a101-4109-acaf-44fa9b626444,"SOLESENCE, INC.",NASDAQ,
0002019103,SLSR,416702c7-1fd0-487b-a52a-7ea66dc3ff43,Solaris Resources Inc.,AMEX,
0001330568,SLV,d6fb9d31-fd8e-4edb-a4f4-cbef8fc2d3d5,iShares Silver Trust,ARCA,
0001856485,SLVM,75e02474-c163-44ad-a745-53ba968ae44e,Sylvamo Corp,NYSE,
0002022416,SLXNW,bdd936a6-f4d0-4a97-b615-306f0da11d13,Silexion Therapeutics Corp,NASDAQ,
0000893538,SM,ff4475f4-1fe5-4a5f-b2d0-f3d3324d5554,SM Energy Co,NYSE,
0001585389,SMA,7beedba6-2c27-4647-af70-2bd036a7b755,"SmartStop Self Storage REIT, Inc.",NYSE,
0000916907,SMBC,f0d2a00d-3207-4a64-8fe9-1662bc6adc77,"SOUTHERN MISSOURI BANCORP, INC.",NASDAQ,
0001038773,SMBK,4b518515-09a9-40a8-8d2a-cb8ae14c1b0e,SMARTFINANCIAL INC.,NYSE,
0002024218,SMC,275fc47a-b624-455e-92d6-1e98c6acf4d4,Summit Midstream Corp,NYSE,
0001375365,SMCI,e4870680-5a31-43e0-a477-c47d158ac43d,"Super Micro Computer, Inc.",NASDAQ,
0000825542,SMG,7bf79149-4399-4b0d-b0e0-76ede607c1b2,SCOTTS MIRACLE-GRO CO,NYSE,
0001690334,SMHI,e10b624a-dbfd-40d7-9258-05b42bf80a32,SEACOR Marine Holdings Inc.,NYSE,
0000924719,SMID,6746b6a1-5b95-4267-b0e9-3bc93a7eb81f,SMITH MIDLAND CORP,NASDAQ,
0002070954,SMJF,6cbeae6f-68bf-417b-b404-1476466b1dc4,SMJ International Holdings Inc.,AMEX,
0001599298,SMMT,8595d349-c51b-4e60-b861-44b64780a4d4,Summit Therapeutics Inc.,NASDAQ,
0000093389,SMP,24ea6d8d-7a08-4c22-af78-0026ab558471,"STANDARD MOTOR PRODUCTS, INC.",NYSE,
0001702744,SMPL,d229b97f-66ce-4096-b4e9-a68e58b8f698,Simply Good Foods Co,NASDAQ,
0001822966,SMR,c582a58d-f7ff-43a5-b37d-82a862fa5314,NUSCALE POWER Corp,NYSE,
0001837014,SMRT,545a0ed7-47ab-44be-90a6-1eaa1435a603,"SmartRent, Inc.",NYSE,
0000948708,SMSI,2cce167e-eaf5-431e-84f3-59682cf5ae80,"SMITH MICRO SOFTWARE, INC.",NASDAQ,
0000088941,SMTC,d0562b96-ebf2-4fe8-97b6-ea04cd665dcb,SEMTECH CORP,NASDAQ,
0000714256,SMTI,15e5dd7f-7b31-4c11-b9c3-eca2826121a4,Sanara MedTech Inc.,NASDAQ,
0001817760,SMTK,93ede6fc-33db-40e9-995c-21d46903d00d,"SmartKem, Inc.",NASDAQ,
0001842731,SMWB,a9680e7c-0063-4094-98fc-ddb70c82cad3,SIMILARWEB LTD.,NYSE,
0001519472,SMXT,168f99e1-3d1c-4a06-97e4-812a7919ac5b,"SolarMax Technology, Inc.",NASDAQ,
0001940674,SMXWW,3a42b4d3-a4f9-4f5e-9bbf-2f2c908b958f,SMX (Security Matters) Public Ltd Co,NASDAQ,
0001957132,SN,bcad3630-552a-40a8-b880-504df0b89f75,"SharkNinja, Inc.",NYSE,
0000091440,SNA,3f252264-10aa-47db-9c4b-42bd452e36f4,Snap-on Inc,NYSE,
0001564408,SNAP,83e52ac1-bb18-4e9f-b68d-dda5a8af3ec0,Snap Inc,NYSE,
0001529628,SND,eaff6c4b-6edc-4a2c-88c2-e04c7a98e7be,"Smart Sand, Inc.",NASDAQ,
0001043000,SNDA,25340302-dd7c-464d-8779-8beb89387177,"SONIDA SENIOR LIVING, INC.",NYSE,
0002023554,SNDK,325cea3c-527c-4075-8130-e5bbbe58a8a3,Sandisk Corp,NASDAQ,
0001692063,SNDR,cfdad1bb-d96c-470c-95f6-04f68206f6da,"Schneider National, Inc.",NYSE,
0001395937,SNDX,30bce310-d492-46a2-a505-649826d5c268,Syndax Pharmaceuticals Inc,NASDAQ,
0001680378,SNES,f7647cb9-5378-4d82-90e5-f9b79e744e6a,"SenesTech, Inc.",NASDAQ,
0000913760,SNEX,57eb42c4-4b10-4ca6-a978-b12ce560480e,StoneX Group Inc.,NASDAQ,
0000318673,SNFCA,41de907b-4da8-40c8-baae-d89d0f1f9e12,SECURITY NATIONAL FINANCIAL CORP,NASDAQ,
0000812796,SNGX,ffaef3c6-93e5-4cd4-b5db-0ba6eeaa5f3c,"SOLIGENIX, INC.",NASDAQ,
0000845982,SNN,11574a72-6451-4b65-ae4a-2ede03baac63,SMITH & NEPHEW PLC,NYSE,
0001367083,SNOA,3a795615-05c5-4e3e-a6e4-03f08b800145,"Sonoma Pharmaceuticals, Inc.",NASDAQ,
0001640147,SNOW,99337c8c-71cb-409c-8343-f091b50401a2,Snowflake Inc.,NYSE,
0000883241,SNPS,fa8500c0-9022-4a74-97f9-93d41ed28dac,SYNOPSYS INC,NASDAQ,
0001993727,SNT,d509b66a-5e1e-43c1-a0fe-4ee37c033d93,Senstar Technologies Corp,NASDAQ,
0001854270,SNTI,a7402b61-e56a-41af-81b0-40a6f50369ad,"Senti Biosciences Holdings, Inc.",NASDAQ,
0001417663,SNWV,f1dfaa58-48d8-4329-8581-fd40223c4c52,"SANUWAVE Health, Inc.",NASDAQ,
0001177394,SNX,21ccc0ec-662b-44c8-9bc4-0181fb5c6944,TD SYNNEX CORP,NYSE,
0001121404,SNY,072dffb9-46e5-49b8-93bb-640aa27d4737,Sanofi,NASDAQ,
0001562733,SNYR,df4ae2a2-62fb-4fa6-94d5-9866a98a3699,Synergy CHC Corp.,NASDAQ,
0000092122,SO,5a71649b-e578-4229-81a3-d3a5c1351dd7,SOUTHERN CO,NYSE,
0001853070,SOAR,7cbae81e-5ac6-4b15-9dbc-3d555795282b,"Volato Group, Inc.",AMEX,
0002019061,SOBO,5d509e4f-568e-4f20-85b1-e87f5cb2152f,South Bow Corp,NYSE,
0001425627,SOBR,9cdcb357-42dd-4355-89b8-eb27a9b84ba3,"SOBR Safe, Inc.",NASDAQ,
0001831481,SOC,43b18519-ae47-4555-854f-59c4066f188d,Sable Offshore Corp.,NYSE,
0002065948,SOCAU,5bb86a25-dc52-4bd8-8a9f-5c9c13ccd2c9,Solarius Capital Acquisition Corp.,NASDAQ,
0002057388,SOEZ,8abdf489-03d5-47d2-bd66-53a99e3a75a5,Franklin Solana Trust,ARCA,
0001818874,SOFI,8aeca3f2-e123-4857-918b-1785a683b430,"SoFi Technologies, Inc.",NASDAQ,
0002041869,SOLC,fbb9ec8d-fb13-4197-8ac5-04dd5e534faa,Canary Marinade Solana ETF,NASDAQ,
0002064953,SOLS,b494b9bc-b781-4437-91d9-c2c57c29b334,Solstice Advanced Materials Inc.,NASDAQ,
0001964738,SOLV,6c9b4d50-29ea-449a-ad71-1c0c4c3be48e,Solventum Corp,NYSE,
0000091767,SON,bf53ad58-b0f6-452d-916f-ce8b19d67216,SONOCO PRODUCTS CO,NYSE,
0001840706,SOPH,24aab999-f45a-4a6f-9a96-df5ae2c629e4,SOPHiA GENETICS SA,NASDAQ,
0000091847,SOR,d6766384-1211-4460-aa7c-59924db1283a,SOURCE CAPITAL /DE/,NYSE,
0002033515,SORA,c8525e8d-9b9f-40bd-93ae-861018fb3e36,AsiaStrategy,NASDAQ,
0002086263,SORNU,0af2504f-058f-4d43-b4c2-68537dd8121e,Soren Acquisition Corp.,NASDAQ,
0001346610,SOS,a7d3359e-abae-4e03-96ac-8860346345e2,SOS Ltd,NYSE,
0000806172,SOTK,f5992715-0e82-40d5-9377-a4ee8cbaab62,SONO TEK CORP,NASDAQ,
0002025608,SOUL,9d74c0f5-f4b7-4052-8350-74b6f5700c1a,Soulpower Acquisition Corp.,NYSE,
0001840856,SOUNW,8e7e2401-0636-445f-8dd7-f50042f30b5c,"SOUNDHOUND AI, INC.",NASDAQ,
0001490161,SOWG,ec8a1e1d-302b-4ae5-93cc-48421c33a439,Sow Good Inc.,NASDAQ,
0002011208,SPAI,a49e7ed9-21bd-4f43-a571-2b67f261d81c,Safe Pro Group Inc.,NASDAQ,
0000109177,SPB,b3c01e23-4186-4a75-9c5e-ed1194532671,"Spectrum Brands Holdings, Inc.",NYSE,
0001706946,SPCE,8158869b-a3ad-4ec2-9082-1bb195a6782a,"Virgin Galactic Holdings, Inc",NYSE,
0001181412,SPCX,60a100bd-3aaa-4b32-956e-6f873462633d,SPACE EXPLORATION TECHNOLOGIES CORP,NASDAQ,
0000897802,SPE,cc9f2dee-0d13-4f8b-b5ff-ceffa71abd22,"SPECIAL OPPORTUNITIES FUND, INC.",NYSE,
0002028735,SPEGU,b7a43ad8-4286-40ae-bec7-32dbd26b5d8c,Silver Pegasus Acquisition Corp.,NASDAQ,
0001163668,SPFI,6de683bc-0852-44d1-8d2c-e6faf33282ed,"SOUTH PLAINS FINANCIAL, INC.",NASDAQ,
0001063761,SPG,abda5459-cb41-44a7-85bb-c94d32ea7d93,SIMON PROPERTY GROUP INC.,NYSE,
0000064040,SPGI,10f7d07f-0811-42bf-a780-b4d4cb53eb91,S&P Global Inc.,NYSE,
0001005210,SPH,58beef20-84ee-4ee7-89f2-2c79b6d0c8d7,SUBURBAN PROPANE PARTNERS LP,NYSE,
0001795250,SPHR,c9fc919f-65dc-4fc0-b322-2a811ae55991,Sphere Entertainment Co.,NYSE,
0001816017,SPIR,1ee851a8-9454-4d5c-8e26-f0321b6eb451,"Spire Global, Inc.",NYSE,
0001884046,SPKLU,d81921e6-ead8-4523-aab4-4a380fc033a0,Spark I Acquisition Corp,NASDAQ,
0001930147,SPMC,ae381888-383e-4310-bc8c-450754cbda24,"Sound Point Meridian Capital, Inc.",NYSE,
0001576018,SPNT,eea32630-0fda-496b-89df-cb9558bff431,SiriusPoint Ltd,NYSE,
0001639920,SPOT,39a26dc1-927a-4590-b103-b8068a013e7f,Spotify Technology S.A.,NYSE,
0001948697,SPPL,5e53fea0-12c8-4682-8921-9f589cfd16e3,SIMPPLE LTD.,NASDAQ,
0001539190,SPPP,57c046b1-5480-4d3b-a4f1-1e5a13c01dc7,SPROTT PHYSICAL PLATINUM & PALLADIUM TRUST,ARCA,
0001683553,SPRB,170c7ede-5f37-4b27-bc2a-3f1ab960ed07,"SPRUCE BIOSCIENCES, INC.",NASDAQ,
0001611746,SPRC,f8837a28-9112-4db7-8c54-b00606606243,SciSparc Ltd.,NASDAQ,
0001701108,SPRO,f3cf7539-0062-497f-b299-3126fe40019c,"Spero Therapeutics, Inc.",NASDAQ,
0001772720,SPRU,d717c323-e380-4924-bbcc-5a22f79049e0,SPRUCE POWER HOLDING CORP,NYSE,
0001671858,SPRY,6058c928-a6c6-4f43-8868-1789a4bb429d,"ARS Pharmaceuticals, Inc.",NASDAQ,
0001092699,SPSC,dd043480-104a-4410-9606-00b8fcc33e4c,SPS COMMERCE INC,NASDAQ,
0001517375,SPT,aa8eeae7-e6f7-4951-a7e9-90d9458bb01f,"Sprout Social, Inc.",NASDAQ,
0002042347,SPTX,2cfcaa89-5072-4467-b68f-f12fe77fd32f,"Seaport Therapeutics, Inc.",NASDAQ,
0001132105,SPWH,3ec017af-f24f-4460-a224-f14385931a4a,"SPORTSMAN'S WAREHOUSE HOLDINGS, INC.",NASDAQ,
0001838987,SPWRW,4ea8b4bf-f2e2-429c-aba9-b87cf2728742,SunPower Inc.,NASDAQ,
0000088205,SPXC,01eb3458-09e8-4f26-b7ca-d3e23c62f085,"SPX Technologies, Inc.",NYSE,
0001338561,SPXX,717b4064-5965-4451-b47f-9be7aedf3ba3,Nuveen S&P 500 Dynamic Overwrite Fund,NYSE,
0000884394,SPY,b28f4066-5c6d-479b-a2af-85dc1a8f16fb,SPDR S&P 500 ETF TRUST,ARCA,
0001080657,SQFT,012d2f2a-e0a5-4b6f-b34f-e0da8fc023bf,"Presidio Property Trust, Inc.",NASDAQ,
0000909037,SQM,d26c3a40-21fc-4ec8-a37c-da504ffe5ad5,CHEMICAL & MINING CO OF CHILE INC,NYSE,
0001126956,SR,85f6090d-4612-4b0e-9e26-82f5d5fcc194,SPIRE INC,NYSE,
0001836470,SRAD,9d435599-b0fa-40f0-a68e-0eacb4b4524b,Sportradar Group AG,NASDAQ,
0001951276,SRBK,7aca7ef6-d454-47fc-b2a5-ed49e7ba4928,"SR Bancorp, Inc.",NASDAQ,
0000034782,SRCE,3b548756-eb80-4567-a587-b17d7725feff,1ST SOURCE CORP,NASDAQ,
0001032208,SRE,8deb7c67-def6-49e9-aace-9d628260a100,SEMPRA,NYSE,
0001936224,SRFM,3d276a07-55cc-4880-a70e-fb6193ac3178,SURF AIR MOBILITY INC.,NYSE,
0001628063,SRG,e0785836-1528-47b3-8adf-82e87625e9d5,Seritage Growth Properties,NYSE,
0001043337,SRI,d2200aa6-f210-474d-a67c-ccf7e8d8cc49,STONERIDGE INC,NYSE,
0000016859,SRL,22e35cb4-08d7-4db6-b9d6-afec740d887a,Scully Royalty Ltd.,NYSE,
0000873303,SRPT,cef3c4eb-f7ca-4a95-9d52-8ae931a65e93,"Sarepta Therapeutics, Inc.",NASDAQ,
0001727196,SRRK,ebb7cc58-30ae-4218-9c4d-7180756c2a82,Scholar Rock Holding Corp,NASDAQ,
0001779128,SRTA,00e089db-65ff-449a-9903-982f4964a4b7,"Strata Critical Medical, Inc.",NASDAQ,
0001494891,SRTS,b3cb8fa1-a2a8-4d5a-b51f-2a0f3128e246,"Sensus Healthcare, Inc.",NASDAQ,
0001400897,SRV,088f6c04-e920-4bae-9add-2f2c2feb2ddf,NXG Cushing Midstream Energy Fund,NYSE,
0001471727,SRXH,b1472a23-43d4-4e61-b86c-4bc900017762,SRX Global Inc.,AMEX,
0001824893,SRZNW,c0752083-06e4-4f78-8ed1-3cab734458c4,"Surrozen, Inc./DE",NASDAQ,
0002081300,SSACU,501d7383-4a3d-4462-8dae-8c209bb52245,SPACSphere Acquisition Corp.,NASDAQ,
0000764038,SSB,aabbe3f1-4e53-4e41-bc80-8dfe22a5080c,SouthState Bank Corp,NYSE,
0000920371,SSD,41cfd427-c6d9-4351-b765-132c02b843a2,"Simpson Manufacturing Co., Inc.",NYSE,
0002059165,SSEAU,e18c48bf-921a-4348-bb10-d54451948068,STARRY SEA ACQUISITION CORP,NASDAQ,
0001676163,SSII,9cadd317-a73d-468f-80e9-8b1c5d19099a,"SS Innovations International, Inc.",NASDAQ,
0000314590,SSL,7968515a-d03e-4146-b474-ade8d291185c,SASOL LTD,NYSE,
0001840416,SSM,4e33f72d-1236-4da6-b80e-5d25f49b0df5,Sono Group N.V.,NASDAQ,
0002091017,SSMR,fa6fbf4c-74c9-4782-b28a-62c89d4c5254,Sunshine Silver Mining & Refining Co,NYSE,
0001402436,SSNC,15a28aa4-b8f1-4f46-82af-c073ffe0a74f,SS&C Technologies Holdings Inc,NASDAQ,
0000832428,SSP,0e12bdfc-ab30-46f8-9228-8b38b409fd1b,E.W. SCRIPPS Co,NASDAQ,
0000921638,SSRM,9be4b973-c219-459f-880a-d74a3c8d7c43,SSR MINING INC.,NASDAQ,
0001805833,SST,601c6af5-da4b-4f14-be75-4ea87f81c973,"System1, Inc.",NYSE,
0001351636,SSTI,81b3befb-1656-4ffd-8fb4-724d942514b8,"SOUNDTHINKING, INC.",NASDAQ,
0001549346,SSTK,32fd1a70-fbdb-4057-8856-4b3c2efbc888,"Shutterstock, Inc.",NYSE,
0001477294,ST,f9b392b1-05f5-4c55-a794-7ae73af13abd,Sensata Technologies Holding plc,NYSE,
0000718937,STAA,e5ca3548-7d64-4b92-9ff5-dc5a633eb34e,STAAR SURGICAL CO,NASDAQ,
0001479094,STAG,b8af6911-613b-4c40-9929-ac7939a33959,"STAG Industrial, Inc.",NYSE,
0000719220,STBA,feceed05-1ef4-44ba-9c92-8e26f314fa94,S&T BANCORP INC,NASDAQ,
0000094344,STC,2345f169-4ee0-42e2-bad7-6e93fdc50a96,STEWART INFORMATION SERVICES CORP,NYSE,
0002086716,STDN,9fe1d7cd-5176-4f4a-bfe2-ff0a05cdde37,"Standard Nuclear, Inc.",NYSE,
0001757898,STE,0a0f4996-3d85-43da-8305-4d208a75d7b4,STERIS plc,NYSE,
0001758766,STEM,250d92a6-4a3e-4bd3-95a3-56e2056c39ee,"STEM, INC.",NYSE,
0001796022,STEP,6c13b139-b58e-47e5-9281-60a4fbfb98d5,StepStone Group Inc.,NASDAQ,
0000102426,STEW,518a8e1b-f5cd-42eb-8107-dde6c1c9fd6e,"SRH Total Return Fund, Inc.",NYSE,
0001530766,STEX,7f1d8f5b-8f72-4b13-bdaa-e281f0f4f889,Streamex Corp.,NASDAQ,
0002003061,STFS,c32df4af-558d-4772-ba6a-260b01ce43a8,Star Fashion Culture Holdings Ltd,NASDAQ,
0001881551,STI,d4c68067-beed-4d63-ab78-8fcbd6f53af5,Solidion Technology Inc.,NASDAQ,
0001227636,STIM,f652dfb5-873f-4dd4-8e04-8bf9bae57cb2,"Neuronetics, Inc.",NASDAQ,
0001471420,STK,8a055926-8668-4696-9244-3e5d5f365e4e,"Columbia Seligman Premium Technology Growth Fund, Inc.",NYSE,
0001846839,STKE,bb376065-5baf-4364-a3ad-847288e9868e,SOL Strategies Inc.,NASDAQ,
0001399520,STKS,d1209f00-cff3-484a-8e51-e03f32b821b4,"ONE Group Hospitality, Inc.",NASDAQ,
0001605484,STLA,7524ae7a-1468-4e97-a5de-9f8bf0a29858,Stellantis N.V.,NYSE,
0001022671,STLD,4cbeae28-abb2-4b2c-9fc2-acd8cae641d9,STEEL DYNAMICS INC,NASDAQ,
0000932787,STM,b24553aa-e1ce-4474-88ab-3ddd3f9dfa28,STMicroelectronics N.V.,NYSE,
0001131383,STN,2c918fe2-27cb-4ce6-ac54-27f4765141af,STANTEC INC,NYSE,
0001483934,STNG,3866def6-d71b-4c63-8fb9-fc32f7bccfc0,Scorpio Tankers Inc.,NYSE,
0001623526,STOK,0bfebe0f-4eb6-4c22-99c8-4fe2fca99067,"Stoke Therapeutics, Inc.",NASDAQ,
0001013934,STRA,0f15a015-738d-4e4d-b890-cf9ff81b470b,"Strategic Education, Inc.",NASDAQ,
0000874238,STRL,60fa3c1f-5d80-4a33-8234-b801619e2770,"STERLING INFRASTRUCTURE, INC.",NASDAQ,
0001382101,STRO,7e616e72-51fd-434e-8072-c753dd80afa1,"SUTRO BIOPHARMA, INC.",NASDAQ,
0001210708,STRR,d81728c8-756b-4a28-a16d-5ccba54854e9,"Star Equity Holdings, Inc.",NASDAQ,
0000885508,STRS,986b7384-05cf-4dfd-8d61-ef2d8beb937e,STRATUS PROPERTIES INC,NASDAQ,
0000933034,STRT,8a567f2b-fef2-4974-8636-54b6289961fc,STRATTEC SECURITY CORP,NASDAQ,
0001782430,STRW,df78d737-1f1d-4396-8c01-d6146503e67d,"Strawberry Fields REIT, Inc.",AMEX,
0000929351,STRZ,ebbebb06-4431-4743-92e8-9a4d422117d2,STARZ ENTERTAINMENT CORP /CN/,NASDAQ,
0000093751,STT,38d1f1ae-38a3-49fc-bcb7-909d0011ef26,STATE STREET CORP,NYSE,
0001680367,STTK,ab0cb1d5-57b1-48b1-9270-71867abab891,"Shattuck Labs, Inc.",NASDAQ,
0001337634,STUB,ab8b10d1-9fef-42b9-bc2d-41bbb64ed275,"StubHub Holdings, Inc.",NYSE,
0001849853,STVN,2cfc8ec4-7a32-4c32-8af5-08049d4fa617,Stevanato Group S.p.A.,NYSE,
0001465128,STWD,bafe9fff-d834-4f36-afe9-1c7a2d968880,"STARWOOD PROPERTY TRUST, INC.",NYSE,
0001137789,STX,b74ff3ea-545f-49e2-91ad-cd4e205642a4,Seagate Technology Holdings plc,NASDAQ,
0001289340,STXS,631e158c-4c83-46fe-b37e-7e8eb4930a4d,"Stereotaxis, Inc.",AMEX,
0000016918,STZ,b459fd90-e740-4de1-b2e2-ecf548a51faf,"CONSTELLATION BRANDS, INC.",NYSE,
0000311337,SU,c957d5c0-829d-413f-842c-a295d465f1d0,SUNCOR ENERGY INC,NYSE,
0000912593,SUI,4f89f476-052b-4206-b2a1-1e5b54010a87,SUN COMMUNITIES INC,NYSE,
0001425355,SUIG,cb19dae3-1c01-458b-babf-617bea638090,SUI Group Holdings Ltd.,NASDAQ,
0002060703,SUIS,37de7efa-4a7e-42c2-a9cd-8cc778d1854d,Canary Staked SUI ETF,NASDAQ,
0002105838,SUMAU,714c2119-3902-432e-a29b-a76fd3c0f00d,SUMA Acquisition Corp,NASDAQ,
0001552275,SUN,56d34b60-7ea9-4c92-8a98-34c035191acf,Sunoco LP,NYSE,
0002083785,SUNB,d90e76ca-e726-4c14-8107-5ab4e3167235,"Sunbelt Rentals Holdings, Inc.",NYSE,
0002089661,SUNC,26cdb6f7-4c19-44cb-9a01-2668b0e58d78,SunocoCorp LLC,NYSE,
0000022701,SUNE,5484b28f-0ec8-46bc-b046-5d07929913f0,"SUNation Energy, Inc.",NASDAQ,
0002012706,SUNS,6fa107c3-52b1-4629-9c1a-98f6d2c69c6a,"Sunrise Realty Trust, Inc.",NASDAQ,
0001356576,SUPN,e11c2f55-5d08-4091-8873-373c47f7cdd7,"SUPERNUS PHARMACEUTICALS, INC.",NASDAQ,
0001517399,SUPV,e01d5a5b-983e-4d66-90b7-407854799f1d,Grupo Supervielle S.A.,NYSE,
0001897087,SUPX,6e96450a-413c-478d-8e18-fe0c2c65c917,SuperX AI Technology Ltd,NASDAQ,
0001392694,SURG,70bdebe9-2553-4d49-8e6f-15af61aabbbc,"SurgePays, Inc.",NASDAQ,
0001084201,SVA,58e6752b-80d8-4ee2-a2e0-1f1327540628,SINOVAC BIOTECH LTD,NASDAQ,
0002085659,SVAQU,d67865b7-bcbd-43d8-99e3-43267e80485c,Silicon Valley Acquisition Corp.,NASDAQ,
0000945394,SVC,46b74392-0586-477e-b9b9-dd60de03797f,Service Properties Trust,NASDAQ,
0002033593,SVCCU,448f7491-1bf7-4c3c-9124-f52726ff8be3,Stellar V Capital Corp. (Cayman Islands),NASDAQ,
0001943289,SVCO,d14024e6-0176-4bc5-8d25-ddab47ea92ed,"Silvaco Group, Inc.",NASDAQ,
0002098242,SVIVU,cf1268d9-4078-449c-94ae-280aae04e454,Spring Valley Acquisition Corp. IV,NASDAQ,
0001340677,SVM,a0019854-a514-47a4-b666-a18a2b7b949d,SILVERCORP METALS INC,AMEX,
0001160308,SVRA,58383ffc-6a67-42b9-a219-d5ee3478d0e3,Savara Inc,NASDAQ,
0001894693,SVREW,2447838f-0741-49d2-94c5-78fa93f166e4,SaverOne 2014 Ltd.,NASDAQ,
0001869467,SVRN,05688a5a-ce56-4d5c-b71e-ab16e5bbcd07,OceanPal Inc.,NASDAQ,
0001883313,SVV,934ff9fb-5b76-46b1-8ca9-714877cd98af,"Savers Value Village, Inc.",NYSE,
0002005951,SW,1ec7fc10-f3bb-4084-bc31-6ffb733139c6,Smurfit Westrock plc,NYSE,
0001872525,SWAGW,ff58aca7-93d2-43ee-b8eb-628234faee20,"Stran & Company, Inc.",NASDAQ,
0001092796,SWBI,5112698f-fc74-4c24-a86c-87e03db2a391,"SMITH & WESSON BRANDS, INC.",NASDAQ,
0001833197,SWIM,7240b67b-f27d-4b45-a41f-7911197a20c8,"Latham Group, Inc.",NASDAQ,
0000093556,SWK,de80af50-a26c-4a70-b1cb-3b4784d7cdde,"STANLEY BLACK & DECKER, INC.",NYSE,
0000004127,SWKS,b2b91a9b-3ecd-45ed-bf53-1f7d0613e1e8,"SKYWORKS SOLUTIONS, INC.",NASDAQ,
0002092574,SWMR,a7be2145-8dae-4a23-9e3d-0e052d6d6815,"Swarmer, Inc",NASDAQ,
0001875609,SWVLW,dcf3fd67-5a7a-4c95-9c72-3e4276cb8bfd,Swvl Holdings Corp,NASDAQ,
0001692115,SWX,f1d7daf9-e46e-457c-b4e6-500e521d7c85,"Southwest Gas Holdings, Inc.",NYSE,
0000813623,SWZ,c2b22b21-52fa-45d9-b9ee-cd48995c2019,Total Return Securities Fund,NYSE,
0001514705,SXC,cbb262e4-6eb5-4f1f-bf2d-31278a5ba817,"SunCoke Energy, Inc.",NYSE,
0000310354,SXI,666901d0-0343-406d-b68a-98a1b3f05e36,STANDEX INTERNATIONAL CORP/DE/,NYSE,
0000310142,SXT,18714578-8927-453e-8cad-9541e779b97c,SENSIENT TECHNOLOGIES CORP,NYSE,
0001723980,SXTC,027603d9-dcf3-45bf-8654-f682f3d74d07,"China SXT Pharmaceuticals, Inc.",NASDAQ,
0001946563,SXTPW,f868f5b9-5d78-4287-a57f-e9e190e689f9,"60 DEGREES PHARMACEUTICALS, INC.",NASDAQ,
0001758530,SY,d6753bb8-2446-4da3-a422-165446e95f19,So-Young International Inc.,NASDAQ,
0000835324,SYBT,9e507ea8-6ffa-422a-9183-b30a2b5edf65,"Stock Yards Bancorp, Inc.",NASDAQ,
0001601712,SYF,981f70e6-3263-46df-ae90-283910e259c8,Synchrony Financial,NYSE,
0000310764,SYK,1c8746ac-5a25-4456-95e1-970ae6ade43c,STRYKER CORP,NYSE,
0001976443,SYNX,f6dc5a14-071a-4558-8c4c-5dd44aea058e,Silynxcom Ltd.,AMEX,
0000864240,SYPR,aedab71c-f6d2-410c-ae34-f3b546593a38,SYPRIS SOLUTIONS INC,NASDAQ,
0001636282,SYRE,9b4616ca-3844-4c66-826b-694c6677c4ca,"Spyre Therapeutics, Inc.",NASDAQ,
0000096021,SYY,090b7913-4370-43eb-a42c-9af8400bc09d,SYSCO CORP,NYSE,
0002030663,SZZLU,8aad5696-1600-4edd-ad60-1b1cfe9f4700,Sizzle Acquisition Corp. II,NASDAQ,
0000732717,T,2d6ed211-6d9b-46d9-b9d5-d3f8b453fd9a,AT&T INC.,NYSE,
0001144800,TAC,1a9b6668-863b-46d4-806e-8d386dd1eaaf,TRANSALTA CORP,NYSE,
0002009183,TACHU,ab6ceee5-8dd9-4430-8879-39fff1fbc684,Titan Acquisition Corp.,NASDAQ,
0002033122,TACOU,8e2e3fb2-d90b-49c4-9ad5-aad687f887ff,Berto Acquisition Corp.,NASDAQ,
0001017303,TACT,62edb5a8-a76c-4447-84f6-7d97975e6081,TRANSACT TECHNOLOGIES INC,NASDAQ,
0001499620,TAL,0a52db3d-410d-47b6-afb9-7262821ad980,TAL Education Group,NYSE,
0001803901,TALK,b8307acc-1f0c-4482-8069-8eeb1ab1e71d,"Talkspace, Inc.",NASDAQ,
0001724965,TALO,8e44c7ab-183e-48ae-b5d5-8f3685209080,TALOS ENERGY INC.,NYSE,
0001552670,TAOP,c39c1834-5be6-42ca-8e98-7777a16ff91b,Taoping Inc.,NASDAQ,
0001571934,TAOX,2815a946-533f-464c-91ac-a2dffa1593aa,TAO Synergies Inc.,NASDAQ,
0000024545,TAP.A,3a60c013-5ccd-4f89-9acc-fd9f689493ed,MOLSON COORS BEVERAGE CO,NYSE,
0001359931,TARA,ec29676a-9e53-4f49-a2df-0a63428de50d,"Protara Therapeutics, Inc.",NASDAQ,
0001819790,TARS,972a5186-ecab-4167-b45d-a010d8eacd20,"Tarsus Pharmaceuticals, Inc.",NASDAQ,
0000808439,TATT,c9f4fd2c-bdb4-4df1-87a1-16657bf6485f,TAT TECHNOLOGIES LTD,NASDAQ,
0002020385,TAVIU,d968e7b8-e25f-4411-8aae-d1661dde6d9f,Tavia Acquisition Corp.,NASDAQ,
0000096536,TAYD,28aac1c6-29ce-469b-a99e-4360f162dce6,"TAYLOR DEVICES, INC.",NASDAQ,
0001978954,TBBB,61926e8f-4580-4d04-bbba-e14a22b7884c,BBB FOODS INC,NYSE,
0001493761,TBCH,c886adde-83a4-42a7-a17a-b6db4f304374,Turtle Beach Corp,NASDAQ,
0000768899,TBI,47c4b3c1-0c6d-4c71-97cf-088dcf04f534,"TrueBlue, Inc.",NYSE,
0001840502,TBLA,aa741953-8dea-4a21-a9a1-fdfa2a93f72c,Taboola.com Ltd.,NASDAQ,
0001820378,TBLD,1370c6aa-e0ab-49ea-80b7-56ada78403c1,Thornburg Income Builder Opportunities Trust,NASDAQ,
0001997652,TBN,09a1060f-3bcc-43ab-b311-9689130ffde3,Tamboran Resources Corp,NYSE,
0001583107,TBPH,3d817ac1-7a23-4c8c-b2f6-d2b8f3ccc185,"Theravance Biopharma, Inc.",NASDAQ,
0001077428,TCBI,4d14ddd5-2754-40ab-839b-fdbd25685c63,TEXAS CAPITAL BANCSHARES INC/TX,NASDAQ,
0000356171,TCBK,7268210c-2f76-496c-969e-11e9d1282bca,TRICO BANCSHARES /,NASDAQ,
0001849466,TCBS,bc97a8a5-3c6f-488a-b1d2-2119efdf1984,"Texas Community Bancshares, Inc.",NASDAQ,
0001781730,TCBX,43c88fd3-e807-4f71-a6e8-f825799fa3f2,"Third Coast Bancshares, Inc.",NYSE,
0000733590,TCI,782fd5fb-ddac-4c05-90ed-857ee15dcf4c,TRANSCONTINENTAL REALTY INVESTORS INC,NYSE,
0001027838,TCMD,a708ea95-a9be-42d0-8cec-08a970fdeaa0,TACTILE SYSTEMS TECHNOLOGY INC,NASDAQ,
0000099070,TCPA,dde9d34a-ab57-4259-a65a-7b294279fce9,TRANSCANADA PIPELINES LTD,NYSE,
0001370755,TCPC,8952d20e-2ab0-478c-9cf3-62a0b996f728,BlackRock TCP Capital Corp.,NASDAQ,
0001107421,TCRT,e2fc63ec-9db9-4e7b-b643-76995cb1f724,"Alaunos Therapeutics, Inc.",NASDAQ,
0001783328,TCRX,20c4c5bf-e1fd-4452-ab93-9f121bda8092,"TScan Therapeutics, Inc.",NASDAQ,
0000947263,TD,94feb9d0-bacc-4b3a-9fa7-d372b473c10f,TORONTO DOMINION BANK,NYSE,
0001926599,TDACU,4bd9ed74-87c9-4561-8572-77194451e6e5,Translational Development Acquisition Corp.,NASDAQ,
0001579684,TDAY,0786f19d-c708-48ae-a734-b3f032d541fb,"USA TODAY Co., Inc.",NYSE,
0000816761,TDC,bfd906ba-cc44-4f8d-bfee-aebc39383717,TERADATA CORP /DE/,NYSE,
0000919893,TDF,db7a0435-300e-4f47-bd37-35285d378443,TEMPLETON DRAGON FUND INC,NYSE,
0001260221,TDG,2e65dd16-9fd7-42c7-aa0f-bd7950f028be,TransDigm Group INC,NYSE,
0001477449,TDOC,d2eb2ae7-fb5e-47d8-a0bf-ff77f0f47f94,"Teladoc Health, Inc.",NYSE,
0002064314,TDOG,a546d4e5-ad4d-4f41-8f7f-d9121e42d19d,21Shares Dogecoin ETF,NASDAQ,
0001051512,TDS,65b13439-7b9e-4d6f-9238-aa5db0c1de56,TELEPHONE & DATA SYSTEMS INC /DE/,NYSE,
0001983550,TDTH,be3104fb-6e43-4264-a094-cfaf93b80f96,Trident Digital Tech Holdings Ltd,NASDAQ,
0000098222,TDW,7ee0ffa5-5832-4d0f-9652-add1825c1416,TIDEWATER INC,NYSE,
0002076616,TDWDU,ed4f3246-1fdd-4656-a847-4f05a2a821f0,Tailwind 2.0 Acquisition Corp.,NASDAQ,
0001094285,TDY,7e17b48e-68ff-483b-8968-2df4892b4ed4,TELEDYNE TECHNOLOGIES INC,NYSE,
0001992243,TE,c365ea70-8b53-4d9b-a08a-93b799b4cab6,T1 Energy Inc.,NYSE,
0000842023,TECH,8c7debd9-6b14-44e4-9052-bb2ab5690363,BIO-TECHNE Corp,NASDAQ,
0000886986,TECK,80d621e5-503a-49fa-a9aa-b833dc5976e8,TECK RESOURCES LTD,NYSE,
0001681087,TECX,e1235ba9-7974-433a-ba58-5a968f413ac0,"Tectonic Therapeutic, Inc.",NASDAQ,
0000909112,TEI,616b17f5-d9dd-4f24-a4e1-df6032016689,TEMPLETON EMERGING MARKETS INCOME FUND,NYSE,
0001385157,TEL,d32092d6-217b-422a-ba18-518f96a57d2a,TE Connectivity plc,NYSE,
0001561921,TELA,104e4790-7ae1-4595-a5d1-ef7cf322dca0,"TELA Bio, Inc.",NASDAQ,
0001971532,TELO,9bbcf21c-0ae8-4bf7-9f70-e31a3cf6c8c6,"Telomir Pharmaceuticals, Inc.",NASDAQ,
0001166663,TEN,3cb5a9a9-4443-4f17-8791-5706f5fb2565,TSAKOS ENERGY NAVIGATION LTD,NYSE,
0001660280,TENB,a11dd4a7-88d0-4f23-8dc5-921f01af0237,"Tenable Holdings, Inc.",NASDAQ,
0000034956,TENX,513ccf5f-8637-4f3b-894d-895e54c25acb,"TENAX THERAPEUTICS, INC.",NASDAQ,
0000932470,TEO,93995314-efed-4c6c-9420-2c6dda7e594b,TELECOM ARGENTINA SA,NYSE,
0000097210,TER,abb494ba-b24a-46bc-b050-2128e3303f60,"TERADYNE, INC",NASDAQ,
0000818686,TEVA,95e97b45-6a39-4c20-bf89-26618ddf8019,TEVA PHARMACEUTICAL INDUSTRIES LTD,NYSE,
0000097216,TEX,3b24f873-76a7-4a4f-8654-8ed5372b7dce,TEREX CORP,NYSE,
0000092230,TFC,0c90392a-7b74-440f-a0a1-125bee898a51,TRUIST FINANCIAL CORP,NYSE,
0001588823,TFII,b712aa89-4903-4851-b37a-add65c1f104b,TFI International Inc.,NYSE,
0001539638,TFIN,60f5bd8a-1cc4-4b68-9c89-33c130d8e102,"Triumph Financial, Inc.",NYSE,
0001829726,TFPM,853e8867-cca1-48f8-9a3a-8a4472fe76ff,Triple Flag Precious Metals Corp.,NYSE,
0001381668,TFSL,0ce1d066-b9a2-4973-b1db-82fe3e1045ee,TFS Financial CORP,NASDAQ,
0000096943,TFX,05c0c15b-5f26-435f-b4b7-18a2a5d3ad0a,TELEFLEX INC,NYSE,
0000850429,TG,689fff98-b1e3-4f5f-b0ce-9fafb5e15e84,TREDEGAR CORP,NYSE,
0000878518,TGB,1833bbb9-9dbe-4d83-a266-4ae1f09fd545,Trekor Metals Ltd,AMEX,
0002053456,TGE,ab60a68b-8dd8-48c4-b7f6-64bdbc2d13f8,Generation Essentials Group,NYSE,
0001537435,TGEN,92805744-a2f4-4211-9bdc-4d09426705f4,TECOGEN INC.,AMEX,
0001905956,TGL,31c5b3ee-1295-47d6-b1b7-b58a6d06a0f5,TREASURE GLOBAL INC,NASDAQ,
0001534675,TGLS,16ef0dc9-ea4a-46ee-b182-61c1384e5819,Tecnoglass Holdings Inc.,NYSE,
0000027419,TGT,b70be706-b47c-4dbd-a6a7-4e98ea48c42a,TARGET CORP,NYSE,
0001001316,TGTX,b19f159c-0fe9-4899-a7bc-01cc2f3424a5,"TG THERAPEUTICS, INC.",NASDAQ,
0001712189,TH,455176c0-f7a1-4a8c-aa58-60c4e99d63d1,Target Hospitality Corp.,NASDAQ,
0000070318,THC,9c2cabe4-38b6-4d88-820f-442b11864eeb,TENET HEALTHCARE CORP,NYSE,
0001877333,THCH,ab73f3f5-2c47-4271-aba2-574316507379,TH International Ltd,NASDAQ,
0000714562,THFF,529bb464-c7a1-4568-86a1-c75a5b2e8dc3,FIRST FINANCIAL CORP /IN/,NASDAQ,
0000944695,THG,51910aa3-d0c3-450f-8534-b1f5a7f49cf4,"HANOVER INSURANCE GROUP, INC.",NYSE,
0002044241,THH,f11f3105-c1ff-4c34-a549-1e6df60b13fa,TryHard Holdings Ltd,NASDAQ,
0001134115,THM,9382871e-ad2d-4073-83f4-af1970223e4b,INTERNATIONAL TOWER HILL MINES LTD,AMEX,
0000730263,THO,8c2f5c0a-bc8f-430d-a9b3-e9eb9ca74d82,THOR INDUSTRIES INC,NYSE,
0001604522,THQ,bca52fd4-8bc2-487d-a1d9-a7200da1ca22,abrdn Healthcare Opportunities Fund,NYSE,
0000903129,THRM,2ca02423-bc93-44e1-9465-a9cd7ac0ed67,Gentherm Inc,NASDAQ,
0001635977,THW,e400b624-f811-4936-bc5e-fe2733fd3ce7,abrdn World Healthcare Fund,NYSE,
0002090011,THYP,5d47c9f9-9ad6-48c2-855b-af4b60efcff6,21Shares Hyperliquid ETF,NASDAQ,
0002032966,TIC,e4b58c2d-2be6-41ee-9608-766840903aa6,"TIC Solutions, Inc.",NYSE,
0000912958,TIGO,32c33169-a79a-4aa3-b4e6-33c95b9b95d4,MILLICOM INTERNATIONAL CELLULAR SA,NASDAQ,
0001791703,TII,d39f772e-b8a9-4c47-9b6f-8a52159410f0,Titan Mining Corp,AMEX,
0001789769,TIL,1c9d3548-0ba1-454d-aad5-0c88f2b91139,"Instil Bio, Inc.",NASDAQ,
0000715787,TILE,42f3f177-ab84-4b9e-9a2a-f56f7f356e7d,INTERFACE INC,NASDAQ,
0001393726,TIPT,8da19db7-805f-4926-89d6-f8aa121e9c37,TIPTREE INC.,NASDAQ,
0000318833,TISI,1eac7b7f-d14a-46c7-875c-c885c9d051be,TEAM INC,NYSE,
0001409171,TITN,c30bbc9b-379d-4305-96b7-191d084505b6,Titan Machinery Inc.,NASDAQ,
0001969928,TJGC,53e62fe7-e2b0-4426-b2ad-b9ccc100bf9b,TJGC GROUP Ltd,NASDAQ,
0000109198,TJX,1168e42c-a598-4ed9-8371-2033a0f6af54,TJX COMPANIES INC /DE/,NYSE,
0000911971,TK,fba3b296-3656-4381-87dc-a232144224c7,TEEKAY CORP LTD,NYSE,
0001071321,TKC,2f71c329-9e6f-4463-b595-c1471cb9b995,TURKCELL ILETISIM HIZMETLERI A S,NYSE,
0001836242,TKLF,f8ab6d35-2599-481f-8c30-93fcf2d64acb,"Tokyo Lifestyle Co., Ltd.",NASDAQ,
0001850902,TKNO,e044c486-f84b-45e1-a8d7-9795c7cfe85c,"Alpha Teknova, Inc.",NASDAQ,
0002089855,TKNZ,7add0c2d-41f5-4a43-86ec-fccc6e0fa050,T. Rowe Price Active Crypto ETF,ARCA,
0001973266,TKO,f3bbbd29-523f-4675-9c7e-fd3a0a945029,"TKO Group Holdings, Inc.",NYSE,
0000098362,TKR,911769ca-6242-4a47-b6cc-02bf812d42cb,TIMKEN CO,NYSE,
0000909724,TLF,8dddbdfe-a5c3-4474-b39b-828d4961bae2,TANDY LEATHER FACTORY INC,NASDAQ,
0001982012,TLIH,d7acd7c3-1987-4ce9-8878-ad05cc5f2d40,Ten-League International Holdings Ltd,NASDAQ,
0001001807,TLK,54ce9aff-79b4-49c9-bda5-4b31cb55da0f,PERUSAHAAN PERSEROAN PERSERO PT TELEKOMUNIKASI INDONESIA TBK,NYSE,
0001622536,TLN,acc5d0de-08e1-48b3-9d3f-c96f6cc2264e,Talen Energy Corp,NASDAQ,
0002073340,TLNCU,d845dfce-539e-4950-bac1-ba76c4971dc0,Talon Capital Corp.,NASDAQ,
0001427925,TLPH,75b369c8-939a-46e3-a2a1-80aeeb65b824,"TALPHERA, INC.",NASDAQ,
0001731348,TLRY,297789e1-bacb-4d52-a9af-3702b382d28a,"Tilray Brands, Inc.",NASDAQ,
0001723069,TLSA,6d6dba62-71c3-40b7-93e2-a087038190c5,Tiziana Life Sciences Ltd,NASDAQ,
0001826667,TLSIW,902b4623-3a35-41f8-969e-8a0acb267fc0,"TriSalus Life Sciences, Inc.",NASDAQ,
0001524025,TLYS,e7c62660-02c8-47c7-8016-4919c71aff21,"TILLY'S, INC.",NYSE,
0001630627,TMCI,890fe34d-9597-465a-a521-bbaa25b367d7,"TREACE MEDICAL CONCEPTS, INC.",NASDAQ,
0002087398,TMCR,e1fd0964-67f7-4ad3-8c81-23c5aafbb42b,Metals Royalty Co Inc.,NASDAQ,
0001798562,TMCWW,9ec4f8f6-7b51-4efe-b815-db0f1f8648a8,TMC the metals Co Inc.,NASDAQ,
0002009714,TMDE,ea6edbc4-2f02-4d25-ac64-7edb81d6d1e0,TMD Energy Ltd,AMEX,
0001756262,TMDX,d98ff8ab-81d3-467a-8ed9-a379493c11e9,"TransMedics Group, Inc.",NASDAQ,
0001744676,TME,662a919f-1455-497c-90e7-f76248e6d3a6,Tencent Music Entertainment Group,NYSE,
0000097745,TMO,722b2e6d-2b85-4502-8f72-55f199fb3c47,THERMO FISHER SCIENTIFIC INC.,NYSE,
0001005817,TMP,84908056-883a-4859-adbc-cae5d845fcf4,TOMPKINS FINANCIAL CORP,AMEX,
0001543418,TMQ,7ec1be41-bec1-4467-9d4d-31d35bad38e2,Trilogy Metals Inc.,AMEX,
0002048951,TMSWW,4aa81f1f-617e-48dd-8c49-fd18f5f7a808,Teamshares Inc,NASDAQ,
0002097364,TMTSU,912b9122-393d-4879-be51-11f31bed6181,Spartacus Acquisition Corp. II,NASDAQ,
0001283699,TMUS,7f9df478-237c-45c8-bc80-c97a53478c37,"T-Mobile US, Inc.",NASDAQ,
0000097134,TNC,8256bd51-d662-45e9-a378-6a273794c5b6,TENNANT CO,NYSE,
0001438133,TNDM,bbf4a401-f1f6-45d2-95c5-2fc2b3d016fb,TANDEM DIABETES CARE INC,NASDAQ,
0000937098,TNET,6217ef0b-1b7d-435a-a3df-93b4172989f9,"TRINET GROUP, INC.",NYSE,
0001819133,TNGX,cd22e719-5821-4ade-92de-cbce689d8407,"Tango Therapeutics, Inc.",NASDAQ,
0001419945,TNK,c8b5c628-4f9f-41d2-bbb5-628d1f207623,TEEKAY TANKERS LTD.,NYSE,
0001361658,TNL,ae49ae06-4ec9-45f1-b600-b57d4361a669,Travel & Leisure Co.,NYSE,
0002013186,TNMG,7e7b54a3-6841-47b1-97b2-b5199fcfeff6,TNL Mediagene,NASDAQ,
0001560293,TNONW,550c2341-e150-4a27-af0f-49452c73ce6a,"Tenon Medical, Inc.",NASDAQ,
0001430306,TNXP,bc80f4f2-383b-4196-bb13-31df69ba738b,Tonix Pharmaceuticals Holding Corp.,NASDAQ,
0001858848,TNYA,c437328c-1a90-4670-8fcc-ca287a9f3899,"Tenaya Therapeutics, Inc.",NASDAQ,
0000794170,TOL,f4de2ddb-01ac-4a26-8e14-b27eaa3ed468,"Toll Brothers, Inc.",NYSE,
0000314227,TOMZ,fbbe47c8-bbcf-4409-8821-86700675877c,"TOMI Environmental Solutions, Inc.",NASDAQ,
0001897463,TONT,d5ab1dd8-e8b1-48e2-a0af-36f51677f797,Graf Global Corp.,AMEX,
0001566610,TONX,aecbbda1-eef1-4d7d-b35b-014e78baff4e,TON Strategy Co,NASDAQ,
0001355848,TOON,b6b53397-aaa6-4fc9-bc40-5b03cf03f89c,"Kartoon Studios, Inc.",AMEX,
0001848275,TOP,9311a01f-d484-4f27-9a54-ce561397e7f2,TOP Financial Group Ltd,NASDAQ,
0001960847,TOPP,47ff75ef-3738-41aa-9be6-8ec905b573c6,Toppoint Holdings Inc.,AMEX,
0001296484,TOPS,c26cdfcb-c15f-4d70-b19e-6b8242eb1c9f,TOP SHIPS INC.,AMEX,
0001650164,TOST,345fc677-4a38-4d2f-8efd-a86fea2a3903,"Toast, Inc.",NYSE,
0000894158,TOVX,71e7df5a-3b7e-4509-b9d7-8ac1d2099381,"Theriva Biologics, Inc.",AMEX,
0001290677,TPB,0ab07340-a83a-43b8-a2e3-6473c7e5ceff,"Turning Point Brands, Inc.",NYSE,
0000077543,TPC,24ed6e0c-7143-4501-b32e-d65fb715e007,TUTOR PERINI CORP,NYSE,
0001328792,TPCS,299ce4df-bd73-4b6b-bffb-a5d8cf93ead4,TECHPRECISION CORP,NASDAQ,
0001898766,TPET,607ef8f5-5abd-446a-bb5a-c11fe5b8bb9b,Trio Petroleum Corp,AMEX,
0001811074,TPL,02b051d5-7b50-4bb6-bad3-fa3087ced9af,Texas Pacific Land Corp,NYSE,
0001116132,TPR,b599b102-254e-4a5c-838d-8cf26857e562,"TAPESTRY, INC.",NYSE,
0001544227,TPST,69b7f782-08e9-4c57-a6e2-236f5a66c86a,"Tempest Therapeutics, Inc.",NASDAQ,
0001674356,TPTS,3c2413b1-9385-4591-9856-19ad18d096dd,"Terra Property Trust, Inc.",NYSE,
0001580345,TPVG,650117cf-c945-44a0-8bb2-776dab5bd9d7,TriplePoint Venture Growth BDC Corp.,NYSE,
0000098677,TR,7e114d07-2352-4b41-b1d7-96b49738a99c,TOOTSIE ROLL INDUSTRIES INC,NYSE,
0002085485,TRAD,8cad985c-9654-4fa5-90ac-f16f05d9785a,APEX Tech Acquisition Inc.,NYSE,
0000050471,TRAK,996c0340-b85c-498d-aad5-60912b123597,"ReposiTrak, Inc.",NYSE,
0001130598,TRAW,f35e6969-74fe-4df7-8b8b-06b2366ec4fc,"Traws Pharma, Inc.",NASDAQ,
0002091349,TRAX,edde2c03-e166-4a5f-aec9-8d14658085bb,"First Tracks Biotherapeutics, Inc.",NASDAQ,
0000096869,TRC,f8834993-8e2f-4904-8efa-f0d84041cb82,TEJON RANCH CO,NYSE,
0001689375,TRDA,a988ac56-a2c5-432d-a1cd-48c11d12b396,"Entrada Therapeutics, Inc.",NASDAQ,
0001434621,TREE,caa6bd02-518a-42c4-836b-2b453493184b,"LendingTree, Inc.",NASDAQ,
0001069878,TREX,687076b9-a1af-4ede-895f-7dad4133f542,TREX CO INC,NYSE,
0001389170,TRGP,f0f1e55c-fad1-4dcb-84d9-2d9f9e45d1f5,Targa Resources Corp.,NYSE,
0002098780,TRGSU,1e21e15f-45f5-4b7f-adb4-a839c27f8e40,TRG Latin America Acquisitions Corp.,NASDAQ,
0001075124,TRI,3a598790-2dfc-4746-9b0b-ede5f6a95079,THOMSON REUTERS CORP /CAN/,NASDAQ,
0000888721,TRIB,6cb7d40e-6498-4c07-836c-d0b125d46dc7,TRINITY BIOTECH PLC,NASDAQ,
0001786108,TRIN,d71713dc-87ab-4a0c-a1c8-5e95a0f511f6,Trinity Capital Inc.,NYSE,
0001526520,TRIP,3b0aab2a-1784-4bd6-8e90-f9e2a9e6c97b,"TripAdvisor, Inc.",NASDAQ,
0001754195,TRLV,d4bf7090-aee2-4441-b8a7-7e5849428ff0,Trulieve Cannabis Corp.,NYSE,
0000864749,TRMB,c71569f2-3812-4dff-8fca-779357edda8f,TRIMBLE INC.,NASDAQ,
0000036146,TRMK,fa5081c5-77b7-49a9-8c2e-b1794366175a,TRUSTMARK CORP,NASDAQ,
0000099780,TRN,3a61ad8e-e61b-41f8-98f6-557091270f58,TRINITY INDUSTRIES INC,NYSE,
0001476150,TRNO,0ed91a0e-0cc6-41bd-8419-0a1d3b2933ac,Terreno Realty Corp,NYSE,
0001785056,TRNR,e6db6c91-1dc1-4cb8-80df-1fe2c5b2d714,"Interactive Strength, Inc.",NASDAQ,
0000099302,TRNS,956ca151-136f-491c-8e93-aa78874a8d96,TRANSCAT INC,NASDAQ,
0001412095,TROO,33c2c652-df04-41ed-804e-8d1469860b5b,"Troops, Inc. /Cayman Islands/",NASDAQ,
0001113169,TROW,ed8a132b-6a31-4c24-859b-2415c6deea5a,PRICE T ROWE GROUP INC,NASDAQ,
0001232384,TRP,62464f14-9da2-4650-bc86-2551d41b0c22,TC ENERGY CORP,NYSE,
0000842633,TRS,096d40a7-774a-490f-90c7-34de92dbb0ed,TRIMAS CORP,NASDAQ,
0001943444,TRSG,af869c47-3c8d-48b2-9a12-2850ad4ace7c,Tungray Technologies Inc,NASDAQ,
0000357301,TRST,e735689b-4828-4ea4-a2d1-2da88ace89bb,TRUSTCO BANK CORP N Y,NASDAQ,
0000732026,TRT,09b06080-fad4-49f4-8bc5-7d19d6ad0312,TRIO-TECH INTERNATIONAL,AMEX,
0001630472,TRTX,dde0824e-4347-4386-8c8f-e409239b9847,"TPG RE Finance Trust, Inc.",NYSE,
0001552033,TRU,a5ba0176-0d98-4d0d-befd-7191e1b069bc,TransUnion,NYSE,
0001371285,TRUP,e19d1b19-fc22-41b4-84d5-561d525d3a88,"TRUPANION, INC.",NASDAQ,
0000086312,TRV,af898beb-7df0-4dea-8b02-d6c5f4f70137,"TRAVELERS COMPANIES, INC.",NYSE,
0001563880,TRVI,699cc55f-469b-410e-ba8b-2f2c5c22c7d0,"Trevi Therapeutics, Inc.",NASDAQ,
0001173643,TRX,19e433d3-cbb8-4bdc-939b-2e0c1ce675ae,TRX GOLD Corp,AMEX,
0001190723,TS,a063f65a-d621-489f-b678-50690cf4b4b8,TENARIS SA,NYSE,
0001046050,TSBK,dea98831-d6fe-4d1c-8ad7-49c88650faae,TIMBERLAND BANCORP INC,NASDAQ,
0000916365,TSCO,6c288372-d98d-496a-b32f-56b65e485246,TRACTOR SUPPLY CO /DE/,NASDAQ,
0000928876,TSEM,e470b824-6d0e-418d-a20e-ea9285ae550e,TOWER SEMICONDUCTOR LTD,NASDAQ,
0001806310,TSHA,9b9360e8-b31b-4c08-a253-284ed820426b,"Taysha Gene Therapies, Inc.",NASDAQ,
0000809559,TSI,810cda61-391f-4719-994a-0b5660517c19,TCW STRATEGIC INCOME FUND INC,NYSE,
0001508655,TSLX,5cada381-283b-4207-9483-8e0403b0912e,"Sixth Street Specialty Lending, Inc.",NYSE,
0001046179,TSM,626ce11f-1e10-488b-8d75-a3eff18d6d0f,TAIWAN SEMICONDUCTOR MANUFACTURING CO LTD,NYSE,
0000100493,TSN,73caedb2-6646-4666-8891-88b9718bd235,"TYSON FOODS, INC.",NYSE,
0001499832,TSQ,97daf445-018a-4eb6-ad3b-942adeb2533b,"Townsquare Media, Inc.",NYSE,
0001466258,TT,7744341f-5918-44c9-bc50-6a6fc423c9ff,Trane Technologies plc,NYSE,
0002035304,TTAM,b938f47e-2ca9-4d7b-8c28-514cf9b3c6fc,Titan America SA,NYSE,
0001638826,TTAN,bf0c04f3-a6c7-428f-bb15-fed6e170e90c,"ServiceTitan, Inc.",NASDAQ,
0000737758,TTC,8accb654-4596-43ef-a121-fddaf874642a,TORO CO,NYSE,
0000879764,TTE,18bb7754-1ba4-4e24-8466-459b58589874,TotalEnergies SE,NYSE,
0000831641,TTEK,1bc3c31d-0961-433f-a8fe-2b2a2edfe065,TETRA TECH INC,NASDAQ,
0002018064,TTGT,a51d55ed-c47d-4160-98a4-7becc635d735,"TechTarget, Inc.",NASDAQ,
0000844965,TTI,b54c7f1b-0f90-4ba0-aa1f-c1e6843f2428,TETRA TECHNOLOGIES INC,NYSE,
0001116942,TTMI,bbceaf87-e36a-4d90-a3d1-185d5142e690,TTM TECHNOLOGIES INC,NASDAQ,
0002023016,TTRX,1ee36267-0e2b-428d-831b-2cc4d715ec01,Turn Therapeutics Inc.,NASDAQ,
0000946581,TTWO,46502bdb-1f73-48cd-a9e7-e194d1d6938d,TAKE TWO INTERACTIVE SOFTWARE INC,NASDAQ,
0000868675,TU,780188d8-c325-46e2-92c8-0856a84b1c0d,TELUS CORP,NYSE,
0000875355,TULP,55d39100-352e-4421-9dbb-d610a6e96a7f,"BLOOMIA HOLDINGS, INC.",NASDAQ,
0001963439,TURB,bec0f4d3-ad2d-4c53-b302-262411c08656,"Turbo Energy, S.A.",NASDAQ,
0001679268,TUSK,1200d1bf-a0d4-4b5b-9cd6-84d3682596db,"MAMMOTH ENERGY SERVICES, INC.",NASDAQ,
0000912892,TV,2c739113-8708-4d23-be13-b2888a720752,"GRUPO TELEVISA, S.A.B.",NYSE,
0002033991,TVACU,2be2c0b3-c215-4cd6-be0a-673529bc2a7a,Texas Ventures Acquisition III Corp,NASDAQ,
0001872228,TVAIU,b4cf46c6-7a4f-48a1-8ac6-d84554b2d297,Thayer Ventures Acquisition Corp II,NASDAQ,
0001376986,TVE,a51ef370-0ae2-41e8-9f70-1aea8c81f323,Tennessee Valley Authority,NYSE,
0001860871,TVGNW,f32c2791-796c-4aee-a0a5-8792737874aa,Tevogen Bio Holdings Inc.,NASDAQ,
0002096755,TVIVU,491f8d5d-889e-436d-8587-0dbd477e2a77,Texas Ventures Acquisition IV Corp,NASDAQ,
0001346830,TVRD,fcdc1889-5003-42ba-afe5-5658cfadf05b,"Tvardi Therapeutics, Inc.",NASDAQ,
0001438533,TVTX,122ddaa1-2d2e-49ea-9e9b-1e660c0cf631,"Travere Therapeutics, Inc.",NASDAQ,
0001758730,TW,6094fce7-232d-4d3c-ba60-843d6e6970a1,Tradeweb Markets Inc.,NASDAQ,
0000746210,TWAV,7f01303d-37ac-4652-b803-7c6421de9f98,"TaoWeave, Inc.",NASDAQ,
0001978057,TWG,c68e65c4-85e3-4978-8d91-a0ee1080e207,Top Wealth Group Holding Ltd,NASDAQ,
0000899751,TWI,2d5e1b7f-17c9-4cca-85f3-fd5363e8aae4,TITAN INTERNATIONAL INC,NYSE,
0000100378,TWIN,54126689-4bc6-4c1d-a215-354ac452a8a2,TWIN DISC INC,NASDAQ,
0001447669,TWLO,4831318c-901a-4b29-b508-28ca8ccb2518,TWILIO INC,NYSE,
0002052243,TWLVU,64d0f911-0387-4cf3-b003-4545c43b2b65,Twelve Seas Investment Co III/Cayman,NASDAQ,
0000804123,TWN,4b085d2b-47e9-4c00-bcaf-14e1ecbc93ef,TAIWAN FUND INC,NYSE,
0001465740,TWO,218a17d3-2001-4238-a61a-bc674644b699,TWO HARBORS INVESTMENT CORP.,NYSE,
0001581280,TWST,8e4ee6e8-4031-44af-a923-ff871868a45c,Twist Bioscience Corp,NASDAQ,
0001770787,TXG,10fdd677-ec53-4f7e-b719-713b7917a8ff,"10x Genomics, Inc.",NASDAQ,
0000025743,TXMD,b8755c54-6962-49c2-8199-85d1e355f27b,"TherapeuticsMD, Inc.",NASDAQ,
0000097476,TXN,440efabf-b53c-4d70-b6e5-abb4f53e7104,TEXAS INSTRUMENTS INC,NASDAQ,
0001108426,TXNM,18769343-f6f6-4ab0-aa4f-2f7ba8977a0b,TXNM ENERGY INC,NYSE,
0001559432,TXO,c4f36b53-f3ba-4867-816b-fba3867a3929,"TXO Partners, L.P.",NYSE,
0001289460,TXRH,5e141c15-f1b5-41bd-93aa-d0d9852f6436,"Texas Roadhouse, Inc.",NASDAQ,
0000217346,TXT,a23cd286-242d-4ee3-b3b7-042a4fa187ce,TEXTRON INC,NYSE,
0000099614,TY,168f3f6c-3bdc-4110-b0eb-2c4f1024d23d,TRI-CONTINENTAL Corp,NYSE,
0001268533,TYG,0ab6ce65-4fc8-452b-a1c3-46ab5d7fe91e,TORTOISE ENERGY INFRASTRUCTURE CORP,NYSE,
0001855447,TYGO,0cfc78e8-3e8f-460a-8ff7-bb8d8305fb23,"TIGO ENERGY, INC.",NASDAQ,
0000860731,TYL,7552c82a-3b95-4f4d-afb5-98c024a5c9ca,TYLER TECHNOLOGIES INC,NYSE,
0001863127,TYRA,863ad43e-0bfb-46c0-9b5c-8be0580cfba3,"Tyra Biosciences, Inc.",NASDAQ,
0001133311,TZOO,3a66981e-103f-459d-8c23-6d1d2dbcb7cd,TRAVELZOO,NASDAQ,
0001810806,U,914dfaf2-1ddc-4b87-9695-8001a7beed9e,Unity Software Inc.,NYSE,
0001336917,UAA,0b3b63d1-09bb-410c-b2ff-e413d3c4f4e6,"Under Armour, Inc.",NYSE,
0002098669,UAC,f1451a11-22b6-459c-908f-f7d307beb925,United Acquisition Corp. I,AMEX,
0000100517,UAL,98dbc012-8ca2-4e68-b2f7-464fdc9bbf3c,"United Airlines Holdings, Inc.",NASDAQ,
0000101538,UAMY,bb4c3079-8259-41c2-b6d7-10bb96b10c25,UNITED STATES ANTIMONY CORP,NYSE,
0001425292,UAN,3e729a7f-ad17-4ff7-bdf1-8f21fb5d6f61,"CVR PARTNERS, LP",NYSE,
0000008504,UAVS,5ac1a056-3202-401e-aa5b-22cd54ba8be8,AgEagle Aerial Systems Inc.,AMEX,
0000731653,UBCP,fba3bebb-f73b-4b6a-bc4c-d592ffcd98a0,UNITED BANCORP INC /OH/,NASDAQ,
0001543151,UBER,bea0f181-afd8-4bd2-9486-85d3fc2f10d7,"Uber Technologies, Inc",NYSE,
0001610520,UBS,136c5a67-9124-4e3c-9e6c-06381181cd5e,UBS Group AG,NYSE,
0000729986,UBSI,7ae5cb3f-537a-4cf1-bff3-a83fdce48073,UNITED BANKSHARES INC/WV,NASDAQ,
0000857855,UCB,532e531c-7abb-4a99-8e36-5f6f57a50019,UNITED COMMUNITY BANKS INC,NYSE,
0001901203,UCFIW,9b285062-6597-43cd-9c9f-13d3c3d4fd1f,CN Healthy Food Tech Group Corp.,NASDAQ,
0001775898,UCL,68ed9c55-948a-4379-9b88-6f612cb17a1f,uCloudlink Group Inc.,NASDAQ,
0001275014,UCTT,c240dec2-5828-4f19-8cbd-1d65bef478f8,"Ultra Clean Holdings, Inc.",NASDAQ,
0001383149,UDN,072f97c1-3cf6-4292-a82f-20fb3e17ae10,INVESCO DB US DOLLAR INDEX BEARISH FUND,ARCA,
0000074208,UDR,1ddc7d72-9114-4d94-a1ea-ee530c12b163,"UDR, Inc.",NYSE,
0001611547,UE,aec99aeb-00d9-4977-9343-1e21956c6ede,Urban Edge Properties,NYSE,
0001334933,UEC,7580c7db-4277-43c8-8c2f-d856181afadb,URANIUM ENERGY CORP,AMEX,
0000101984,UEIC,a5bea7aa-bec3-47f2-badd-db2466fa5930,UNIVERSAL ELECTRONICS INC,NASDAQ,
0000101199,UFCS,0267d309-e2c9-40c4-87da-31171bc28eaf,UNITED FIRE GROUP INC,NASDAQ,
0000100726,UFI,1590b7d1-4381-4ec2-9838-8c3f42d5c341,UNIFI INC,NYSE,
0000912767,UFPI,aada0990-b32c-4938-8359-02304e8e37fc,UFP INDUSTRIES INC,NASDAQ,
0000914156,UFPT,ada6da71-c78a-46f9-befd-70da63a743a5,UFP TECHNOLOGIES INC,NASDAQ,
0000101295,UG,491c97c0-d908-4bb9-a726-528609375306,UNITED GUARDIAN INC,NASDAQ,
0001396878,UGA,cac25811-feb1-4aa4-adc9-9fbaf0404239,"United States Gasoline Fund, LP",ARCA,
0000884614,UGI,6430abdf-81d7-467d-90cc-bb47b5667e8f,UGI CORP /PA/,NYSE,
0001094972,UGP,863fa6f0-59d5-4d6e-abcc-72a925af143c,ULTRAPAR HOLDINGS INC,NYSE,
0000004457,UHAL,efba1ae6-17bd-41b2-9eac-dee0b4e288b2,U-Haul Holding Co /NV/,NYSE,
0000352915,UHS,0bab489e-f374-4a62-afe4-8301dbb231e3,UNIVERSAL HEALTH SERVICES INC,NYSE,
0000798783,UHT,192840c5-efb8-4f07-a4a3-ab58bc0fb05f,UNIVERSAL HEALTH REALTY INCOME TRUST,NYSE,
0001511737,UI,2a8a3cb9-0b1b-485f-b6a3-81bf8a9ab6f1,Ubiquiti Inc.,NYSE,
0000746838,UIS,84ef488f-8d72-423a-bc46-e12ff6ef7dc2,UNISYS CORP,NYSE,
0001821424,UK,99aa9e20-9ce4-4f58-aa6f-a84c23fca91b,Ucommune International Ltd,NASDAQ,
0000217410,UL,65964f6f-23ea-4513-9983-4f68aa58bdf0,UNILEVER PLC,NYSE,
0000875657,ULBI,ae05bc11-5f0a-4285-98dc-2ceaea44a4c1,ULTRALIFE CORP,NASDAQ,
0001670076,ULCC,b3f534ad-5c17-4128-8cdf-19c488048b79,"Frontier Group Holdings, Inc.",NASDAQ,
0001308208,ULH,eebd1380-b699-45b3-8017-a2dda16c3960,"UNIVERSAL LOGISTICS HOLDINGS, INC.",NASDAQ,
0001901440,ULS,9ec67920-21e3-4ea3-aaa6-c50b0c0a73b7,UL Solutions Inc.,NYSE,
0001403568,ULTA,2e3d3b75-58cc-40f5-bf12-b73da8aac3d3,"Ulta Beauty, Inc.",NASDAQ,
0001956955,UMAC,65603a0a-55d7-4dd3-8ace-f454ed37e7af,"Unusual Machines, Inc.",AMEX,
0000101382,UMBF,036819d7-5356-4235-b1bb-ad3b41a8a901,UMB FINANCIAL CORP,NASDAQ,
0001033767,UMC,b27c9c18-8f41-44ef-abec-d5bbd444217a,UNITED MICROELECTRONICS CORP,NYSE,
0000752642,UMH,1c92ca9b-0a5c-415f-93e3-8f962257751b,"UMH PROPERTIES, INC.",NYSE,
0000706863,UNB,b086c4fb-e72e-4dec-8657-a51cfae6800d,UNION BANKSHARES INC,NASDAQ,
0001766140,UNCY,bdfe5bef-2a24-4ea8-b1d6-74e172396b91,"Unicycive Therapeutics, Inc.",NASDAQ,
0000717954,UNF,1ba33a88-2573-4ab4-92c8-9af3ca3583b0,UNIFIRST CORP,NYSE,
0001020859,UNFI,26cdae87-b02a-4741-8501-82bfc32f57e2,UNITED NATURAL FOODS INC,NYSE,
0001376227,UNG,cd6ac394-bfce-4759-b6f5-36bbb2967b9f,"United States Natural Gas Fund, LP",ARCA,
0000731766,UNH,943bb7c3-0fb0-4088-9a37-62549b5dc528,UNITEDHEALTH GROUP INC,NYSE,
0002020795,UNIT,2dd4a99b-6729-4766-a044-49223d8ec80e,Uniti Group Inc.,NASDAQ,
0001405513,UNL,94a5c74b-036d-4619-aada-a2b3f2ce7c7f,"United States 12 Month Natural Gas Fund, LP",ARCA,
0000005513,UNM,6dc0a72f-8db7-41e5-b564-89137653e367,Unum Group,NYSE,
0000100885,UNP,e28f2c45-0bb1-45c1-84e0-f8d1a98c4088,UNION PACIFIC CORP,NYSE,
0000920427,UNTY,3da3da08-7f1b-4f6d-9e3c-d80065859743,UNITY BANCORP INC /NJ/,NASDAQ,
0001819516,UP,29e929c4-1703-42bd-b774-6faeac5efd61,Wheels Up Experience Inc.,NYSE,
0002022626,UPB,f0d514c4-731e-4452-b9a5-07d1f331261d,"Upstream Bio, Inc.",NASDAQ,
0000933036,UPBD,3a735b55-d864-4e95-bbb6-a021033f67ec,"UPBOUND GROUP, INC.",NASDAQ,
0001809616,UPC,92bab771-cf8b-4b96-8ddd-6413e88ad516,Universe Pharmaceuticals INC,NASDAQ,
0001505155,UPLD,9f0b5e89-2bbd-4535-b841-e0d3f1178374,"Upland Software, Inc.",NASDAQ,
0001090727,UPS,b14caeab-f212-40ee-975a-38b9317e46b1,UNITED PARCEL SERVICE INC,NYSE,
0001647639,UPST,ec3bfcb3-751f-4957-9cfa-859100f09248,"Upstart Holdings, Inc.",NASDAQ,
0001627475,UPWK,73335fe0-337e-49bc-bae8-1a2cee333ea4,"UPWORK, INC",NASDAQ,
0000912615,URBN,57bc4cef-2006-4511-8ffe-be69770f0565,URBAN OUTFITTERS INC,NASDAQ,
0001375205,URG,1108fd1b-29d7-4fdc-89f0-27d0311b1759,UR-ENERGY INC,AMEX,
0001668243,URGN,ceac1323-ffae-4c5d-866e-fb4c03fea254,UroGen Pharma Ltd.,NASDAQ,
0001067701,URI,4f34a08c-9bdd-484a-8601-f9c583fee6a0,"UNITED RENTALS, INC.",NYSE,
0002143673,UROY,8f3f3868-9514-4cf6-a24e-758734bcd4f2,Uranium Royalty Corp.,NASDAQ,
0000799195,USA,e7d05e19-6de1-479d-9e1e-c9a4d32c2741,LIBERTY ALL STAR EQUITY FUND,NYSE,
0001522727,USAC,7bdd4a33-9d76-4c72-827a-eab8c5333713,"USA Compression Partners, LP",NYSE,
0001970622,USAR,d7491755-1190-4220-bbd2-47e431833af9,"USA Rare Earth, Inc.",NASDAQ,
0001286973,USAS,ceef0b8c-82b1-43d0-967e-b2769d5fd2a5,Americas Gold & Silver Corp,AMEX,
0000027093,USAU,f2a6d843-aabf-4523-a8d1-4d19b52e7f03,U.S. GOLD CORP.,NASDAQ,
0000036104,USB,5553e8c9-004d-479d-a18c-83a42a87ed10,US BANCORP DE,NYSE,
0001074828,USBC,94c1d80b-ca58-4195-af4c-dd67e5056fd0,"USBC, Inc.",AMEX,
0001901637,USCB,f627e999-5017-4954-9f8d-4f0adaaf3143,"USCB FINANCIAL HOLDINGS, INC.",NASDAQ,
0002080215,USDEW,a52519a4-88a2-4b5a-b241-85716f40bdc0,StableCoinX Inc.,NASDAQ,
0001912847,USEA,4613c94c-6cfc-4c9b-9652-32f6c37603a3,United Maritime Corp,NASDAQ,
0001665918,USFD,1ce62851-10a6-48f3-8dc5-15e85fe9d691,US Foods Holding Corp.,NYSE,
0001947244,USGO,4fc032a5-b26b-45a3-8778-1dcdf6a6493f,U.S. GoldMining Inc.,NASDAQ,
0001405528,USL,e6fc73f0-a5be-4335-abb4-803273e14d23,"United States 12 Month Oil Fund, LP",ARCA,
0000082020,USLM,ed01d48a-8d4f-4b3c-b12f-211a73c2fedb,UNITED STATES LIME & MINERALS INC,NASDAQ,
0000896264,USNA,64cca983-7ab3-408b-ab44-2491f08c4f00,USANA HEALTH SCIENCES INC,NYSE,
0001327068,USO,adf623fb-f91a-4e45-aa66-6fb8f3677b23,"United States Oil Fund, LP",ARCA,
0000885978,USPH,da677de1-0048-45eb-958a-6f596f86384b,U S PHYSICAL THERAPY INC /NV,NYSE,
0001275617,UTF,3b206368-296a-4ce5-aac2-e88b57ec34ec,COHEN & STEERS INFRASTRUCTURE FUND INC,NYSE,
0001263994,UTG,fde7a8bf-782e-407a-a33f-6a6461cf59b0,REAVES UTILITY INCOME FUND,AMEX,
0001082554,UTHR,3b64ccc6-1346-4920-a98a-313cd9dd0311,UNITED THERAPEUTICS Corp,NASDAQ,
0001261654,UTI,1d144e0d-5116-462f-845d-779abaf80ee1,UNIVERSAL TECHNICAL INSTITUTE INC,NYSE,
0000755001,UTL,ed75910e-faae-4cc1-8ed2-300504c5ef70,UNITIL CORP,NYSE,
0000706698,UTMD,c606f1ee-cf0e-42ab-be42-2ac837169176,UTAH MEDICAL PRODUCTS INC,NASDAQ,
0001030471,UTSI,1b26a718-c872-4004-a452-7f2eee892afb,UTSTARCOM HOLDINGS CORP.,NASDAQ,
0001739566,UTZ,960fbd93-0ab2-4c1e-95a0-77404be8e090,"Utz Brands, Inc.",NYSE,
0000102109,UUU,3783e13c-cb7b-4618-9869-d0fb60b0c0fc,"UNIVERSAL SAFETY PRODUCTS, INC.",AMEX,
0001385849,UUUU,8261e004-7659-46c9-b863-4dd8aa87d9fe,ENERGY FUELS INC,AMEX,
0000891166,UVE,60a3d516-c584-4bc1-ab50-a9ed3dd7e367,"UNIVERSAL INSURANCE HOLDINGS, INC.",NYSE,
0000102212,UVSP,b5efa46d-748e-4846-8d09-d40411e427fb,UNIVEST FINANCIAL Corp,NASDAQ,
0000102037,UVV,ca48cb81-afae-4f41-8e6c-d752cda13445,UNIVERSAL CORP /VA/,NYSE,
0001783398,UWMC,d2a3cbbd-d432-4f17-96e6-bb6f288b8387,UWM Holdings Corp,NYSE,
0001729173,UXIN,f325992b-9252-46d0-a333-872430dc7ee3,Uxin Ltd,NASDAQ,
0002036973,UYSCU,ba67a5c9-faac-4d3d-85e5-a05649303b72,UY Scuti Acquisition Corp.,NASDAQ,
0001969401,UZX,6b262d07-0066-47ff-aae9-1f34d25ab849,Linkage Global Inc,NASDAQ,
0001403161,V,4f5baf1e-0e9b-4d85-b88a-d874dc4a3c42,VISA INC.,NYSE,
0001572334,VABK,b75b9d90-fe27-49e9-b6f7-82e90a8a21f7,Virginia National Bankshares Corp,NASDAQ,
0001524358,VAC,bc79be44-24e9-4544-9cf7-cb8518ef6c03,MARRIOTT VACATIONS WORLDWIDE Corp,NYSE,
0002080023,VACI,41a12c96-8acc-4e8d-b134-730f8423f622,Viking Acquisition Corp I,NYSE,
0000314808,VAL,ebf8f613-356c-4833-b4c9-b5bcb4c57b34,Valaris Ltd,NYSE,
0000917851,VALE,fd03066c-16d8-4eff-8c72-16ce1c44e38d,Vale S.A.,NYSE,
0000717720,VALU,28a4c6ea-439a-4359-bd3a-da1bd3ed67ac,VALUE LINE INC,NASDAQ,
0001266806,VANI,06e14066-9093-4630-a607-a5822812f6a5,"Vivani Medical, Inc.",NASDAQ,
0001006837,VATE,aff152f1-217a-4f09-b933-c7a04975908a,INNOVATE Corp.,NYSE,
0002060717,VAVX,29ceb4cd-1bc2-47e1-bf61-93d496b303ce,VanEck Avalanche ETF,NASDAQ,
0000005094,VBF,c00ad41e-1261-4159-9ae5-2b7bffd2ad0c,Invesco Bond Fund,NYSE,
0001787740,VBIO,47093b40-7e1a-435c-8efd-b60871b0b936,"Valion Bio, Inc.",NASDAQ,
0001690639,VBNK,ada8000e-16cb-406b-b9ca-e5744f1337fc,VersaBank,NASDAQ,
0001111335,VC,f0efde5b-5276-4db9-ace0-6d9b0c3251ed,VISTEON CORP,NASDAQ,
0000887359,VCEL,ebc24025-b6ad-4f89-874d-471dde83936c,Vericel Corp,NASDAQ,
0001930510,VCIG,85c56936-a4db-4d1c-8302-7117b8a0e690,VCI Global Ltd,NASDAQ,
0002124403,VCRE,7117178a-4db7-4c08-8af2-999477d23db6,Vicore Pharma Holding AB,NASDAQ,
0001570827,VCTR,5eebddf1-ef55-45ff-b7d4-3399126c1dc7,"Victory Capital Holdings, Inc.",NASDAQ,
0000895531,VCV,c22a75d2-dee3-449a-92cd-78aceb8a0e41,Invesco California Value Municipal Income Trust,NYSE,
0001867090,VCX,5f3fd5a1-f0de-4caf-a25d-65c095d8c044,"Fundrise Innovation Fund, LLC",NYSE,
0001384101,VCYT,e281541b-3e3b-4023-bc3b-57f93090fdd5,"VERACYTE, INC.",NASDAQ,
0002081690,VECA,475bced5-6eae-45c4-958c-82df432c13f5,Vernal Capital Acquisition Corp.,NYSE,
0000103145,VECO,1031bc9c-5e36-4a39-8207-6fc07c811ae8,VEECO INSTRUMENTS INC,NASDAQ,
0001840317,VEEAW,0367ad60-70ba-47e6-a725-d8a3acd2e809,VEEA INC.,NASDAQ,
0001855509,VEEE,1df8b9a3-29d1-43db-9272-eb3b1bb8ee34,"Twin Vee PowerCats, Co.",NASDAQ,
0001393052,VEEV,bdc58c3a-9c7e-4ef9-b2ec-d61f14c84bd0,VEEVA SYSTEMS INC,NYSE,
0001692376,VEL,3b9998aa-a6bf-47b9-9d22-d4e55fc48da2,"Velocity Financial, Inc.",NYSE,
0001825079,VELO,4f84d1d8-3230-41f3-8af1-2050d09f826b,"Velo3D, Inc.",NASDAQ,
0001770501,VENU,4a4d452a-aeeb-465f-90fe-2eeb5c4e499b,Venu Holding Corp,AMEX,
0001468091,VEON,70c516fc-4ef4-4d56-b76c-44934a638dac,VEON Ltd.,NASDAQ,
0001831828,VERA,b9e440f6-87f6-4775-aed6-005933144d47,"Vera Therapeutics, Inc.",NASDAQ,
0001615165,VERI,b4c257fe-e690-47ae-9565-0c7368934ac7,"Veritone, Inc.",NASDAQ,
0001293135,VET,d5e5b9c8-2a4b-401f-aae4-703ce035cb02,VERMILION ENERGY INC.,NYSE,
0000103379,VFC,74dc527d-cc0f-4fb5-b672-db5e71197434,V F CORP,NYSE,
0001584549,VFF,237c5f81-adec-4c4c-8a0f-fcf9f4cebf24,"Village Farms International, Inc.",NASDAQ,
0001913510,VFSWW,aa73c72e-6a66-493b-bcac-1731d5550c61,VinFast Auto Ltd.,NASDAQ,
0002007855,VG,1787e915-a920-46c9-a2c3-71cf784d02a2,"Venture Global, Inc.",NYSE,
0001841425,VGASW,9088b83c-6ddd-4b3a-a343-4e1f9b8305aa,"Verde Clean Fuels, Inc.",NASDAQ,
0001528811,VGI,66c6c445-b587-4184-b1f2-6d41c774e5fe,Virtus Global Multi-Sector Income Fund,NYSE,
0000880892,VGM,083dca7c-2fb1-47fd-806b-a742e9c16204,Invesco Trust for Investment Grade Municipals,NYSE,
0002078008,VGNT,f975dd25-63b9-497f-afff-fb68a1c5bd80,Versigent PLC,NYSE,
0000783324,VGZ,75b63506-949e-4ccd-b19d-b2c85ab84a20,VISTA GOLD CORP,AMEX,
0001082324,VHC,518712fd-8044-41c1-86d8-19b9bdb18596,VirnetX Holding Corp,NASDAQ,
0002086264,VHCPU,21a0615a-a3dc-4432-8f6d-65c7da9bc603,Vine Hill Capital Investment Corp. II,NASDAQ,
0000059255,VHI,00d69a1a-49ee-4a91-9fdd-9e43fd565b90,VALHI INC /DE/,NYSE,
0001972234,VHUB,1e979891-5393-413a-846e-aeedcc8ddef8,"VenHub Global, Inc.",NASDAQ,
0001603015,VIA,46be2215-a19d-4527-b6f1-b7126571d6a8,"Via Transportation, Inc.",NYSE,
0000912093,VIAV,f90aadf5-2930-4cc5-a8ab-49a4b0974813,VIAVI SOLUTIONS INC.,NASDAQ,
0001705696,VICI,bfcbfab2-0716-4847-b7f3-a7bed178e479,VICI PROPERTIES INC.,NYSE,
0001973062,VIDA,6793aa37-2611-4579-aa2c-c29a08a38d37,VIDA Global Inc.,AMEX,
0002139246,VII,4cf2b2ed-7ab0-472a-a5a5-4c7e1c46fbe8,Viking Acquisition Corp. II,NYSE,
0001745201,VIK,11e2e2fe-0065-4508-913d-6af1b43fb9d9,Viking Holdings Ltd,NYSE,
0001826286,VINP,9fa01458-5372-4313-b78c-49f26adb3ac5,Vinci Compass Investments Ltd.,NASDAQ,
0001742770,VIOT,a0a34c67-a184-408d-a30d-7aabb4a36823,"Viomi Technology Co., Ltd",NASDAQ,
0001844971,VIP,ed77bed0-5f81-4292-8631-a47dce4e0e4f,Vulcan Infrastructure & Power Inc.,NASDAQ,
0001529192,VIPS,6ea88185-b4f3-4b33-be73-a78e37dae30a,Vipshop Holdings Ltd,NYSE,
0001706431,VIR,dc2892fa-ba87-4939-bff5-23a745939393,"Vir Biotechnology, Inc.",NASDAQ,
0001592386,VIRT,0ca3bc00-c00d-4962-b9f5-ce2f2b81d692,"Virtu Financial, Inc.",NYSE,
0001517228,VISN,b4344ff5-3ab3-4c75-b7a0-be67746efc97,"Vistance Networks, Inc.",NASDAQ,
0001762506,VIST,1e680aae-9076-40d8-ad28-9f770474040d,"Vista Energy, S.A.B. de C.V.",NYSE,
0001579733,VITL,8cc40b7d-dc6f-4f0b-878d-919ec005222e,"Vital Farms, Inc.",NASDAQ,
0001450704,VIVK,d7c358ef-835e-4195-ae46-0b394c81788f,"Vivakor, Inc.",NASDAQ,
0001497253,VIVS,a373dd1a-830a-4681-8c05-5e791fc5b8ce,"VivoSim Labs, INC.",NASDAQ,
0000908993,VKI,4dd635ef-2788-42f3-834f-4a3b1824d447,Invesco Advantage Municipal Income Trust II,AMEX,
0000877463,VKQ,4d5dbaec-9df9-4180-9d97-5bd2231ecfda,Invesco Municipal Trust,NYSE,
0001607678,VKTX,75cd8059-f067-4e29-9882-b061fe6f532f,"Viking Therapeutics, Inc.",NASDAQ,
0000103595,VLGEA,aa6a7f16-d313-438d-b890-072d532f655b,VILLAGE SUPER MARKET INC,NASDAQ,
0001863006,VLN,f2c9b853-bb0b-4225-8d65-dc818b660eff,Valens Semiconductor Ltd.,NYSE,
0001035002,VLO,767ee8af-6479-44f5-8106-799120134246,VALERO ENERGY CORP/TX,NYSE,
0002016072,VLOSU,09cdeed4-f208-4bf8-b9b9-f8f8ebde433d,Velos Acquisition I Corp.,NASDAQ,
0001520504,VLRS,6dc5a8f0-0d9d-4a06-b217-b095da527031,"Controladora Vuela Compania de Aviacion, S.A.B. de C.V.",NYSE,
0000846671,VLT,11ce9c75-8c83-4ca1-93ba-9849899f3bda,Invesco High Income Trust II,NYSE,
0001967680,VLTO,e1b5b393-7c48-43f3-ac78-89755fbb4552,Veralto Corp,NYSE,
0000714310,VLY,d85ddcb9-82b2-44cc-b859-b39669036aee,VALLEY NATIONAL BANCORP,NASDAQ,
0001813783,VMAR,e4183f04-f059-46c1-9bed-969f56b3a4e3,Vision Marine Technologies Inc.,NASDAQ,
0001396009,VMC,fc9c62fa-c635-41c8-8b58-9695c01d146d,Vulcan Materials CO,NYSE,
0001729149,VMD,d188e440-b2fc-4889-9c8f-ff6377622732,"VIEMED HEALTHCARE, INC.",NASDAQ,
0002080073,VMET,7d9cba23-530d-4705-bc0e-fe611b1c39e9,Versamet Royalties Corp,NASDAQ,
0000102729,VMI,afabbed1-e566-449b-b736-9f939bbd0982,VALMONT INDUSTRIES INC,NYSE,
0000884152,VMO,b0faf3a6-bce6-4deb-8bd0-c0c172a4b7dd,Invesco Municipal Opportunity Trust,NYSE,
0001347178,VNDA,32f1d9c9-a610-4010-ae70-c4577c3c919d,Vanda Pharmaceuticals Inc.,NASDAQ,
0002055879,VNMEU,e5809127-8725-4eb7-9c87-fafd550363e9,Vendome Acquisition Corp I,NASDAQ,
0000899689,VNO,fdf74952-9df8-48f7-88b3-311be34b7802,VORNADO REALTY TRUST,NYSE,
0002074176,VNOM,16b20982-0ab3-450b-86a7-6b0dfa3500ce,"Viper Energy, Inc.",NASDAQ,
0000093314,VNRX,39eb9d31-9338-44c0-9431-fc3c3c6350bc,VOLITIONRX LTD,AMEX,
0001786842,VNT,4fa20cca-6324-4fe6-b85c-ad15184ad374,Vontier Corp,NYSE,
0002027160,VNTG,fafbc525-fbb4-4653-a53e-0a0f63366548,Vantage Corp (Singapore),AMEX,
0001505413,VOC,7308b818-ab82-4796-93fd-0a3f405fdb90,VOC Energy Trust,NYSE,
0001817229,VOR,f7318c71-fa9e-4144-b23d-546d77559e62,Vor Biopharma Inc.,NASDAQ,
0001907909,VOXR,3e49452c-79d6-407b-ace1-b104fbc190ca,VOX ROYALTY CORP.,NASDAQ,
0001535929,VOYA,c4f9000e-01ad-4de5-baa5-1814a68fe26a,"Voya Financial, Inc.",NYSE,
0001788060,VOYG,acad32d2-67a0-4979-a8fe-02b1ae1cfc73,"Voyager Technologies, Inc./TX",NYSE,
0001487952,VPG,c7673e99-f4ed-4f64-bb65-bef2e70fb2bd,"Vishay Precision Group, Inc.",NYSE,
0000895528,VPV,9313707e-0512-4958-b745-4b083786c5d3,Invesco Pennsylvania Value Municipal Income Trust,NYSE,
0001495320,VRA,1856a4fa-2dc6-493e-bcbe-631022d80961,"Vera Bradley, Inc.",NASDAQ,
0001885827,VRAX,f0a3b7b4-ab0a-48dc-b8bb-5c623b84e50d,Virax Biolabs Group Ltd,NASDAQ,
0001660334,VRCA,f66b2374-86ae-446f-a1fc-b1d17d040e70,Verrica Pharmaceuticals Inc.,NASDAQ,
0001590750,VRDN,b3239776-f24d-4b5a-914a-6c95cd8bb931,"Viridian Therapeutics, Inc.\DE",NASDAQ,
0001681622,VREX,53bd4654-aebe-4e47-ab3c-3f680c7c1ba6,Varex Imaging Corp,NASDAQ,
0001104038,VRME,1039ebcd-f1f7-40ab-9afc-0b6a5c897901,"VerifyMe, Inc.",NASDAQ,
0001361113,VRNS,417af9bf-c09c-4b76-9121-514390ac7d5e,VARONIS SYSTEMS INC,NASDAQ,
0001682745,VRRM,d0b0834d-3bd8-4bd5-9462-03454636c42c,VERRA MOBILITY Corp,NASDAQ,
0001442145,VRSK,b297eda9-133d-4f92-80ff-9e55f7c8ee8b,"Verisk Analytics, Inc.",NASDAQ,
0001014473,VRSN,bf0fbed9-3c4a-4235-8ab0-05f880d93115,VERISIGN INC/CA,NASDAQ,
0000883237,VRTS,3e539fb2-655a-4605-b819-84bd1ebc2714,"VIRTUS INVESTMENT PARTNERS, INC.",NYSE,
0000875320,VRTX,357a8404-f368-40a1-9356-3eb500f4f08a,VERTEX PHARMACEUTICALS INC / MA,NASDAQ,
0002079109,VRXAW,f04d161d-1571-49f5-9888-e14b4420b037,Veraxa Biotech Holding AG,NASDAQ,
0001701963,VS,75cccd12-9023-4d8b-9857-e5d35e72694e,Versus Systems Inc.,NASDAQ,
0001592560,VSA,fefbe16c-9693-4c95-8137-9823d6ed8082,VisionSys AI Inc,NASDAQ,
0000797721,VSAT,10a57523-d6de-4c36-a167-a22daf5d711d,VIASAT INC,NASDAQ,
0001864531,VSEEW,a2f87471-bd54-4759-a05b-14364b9ca76a,"VSEE HEALTH, INC.",NASDAQ,
0000103730,VSH,98d833d8-2c47-4c76-938e-2cf546e8debe,VISHAY INTERTECHNOLOGY INC,NYSE,
0002067876,VSNT,7852b8eb-c4b1-4c37-806f-299553e85924,"Versant Media Group, Inc.",NASDAQ,
0002028541,VSOL,0e0b6c92-dab6-4c4a-b73f-ab88922026db,VanEck Solana ETF,NASDAQ,
0001692819,VST,d88f5f2c-e621-4d4a-9817-8677af2fd066,Vistra Corp.,NYSE,
0001526119,VSTM,b8f29e42-92a1-46f4-8546-296579e7fc20,"Verastem, Inc.",NASDAQ,
0001967649,VSTS,4bc22f13-f475-43a9-a87f-87f8d38fcdf2,Vestis Corp,NYSE,
0001856437,VSXY,023adfc6-b60e-473d-94dc-15a3015a7a1e,Victoria's Secret & Co.,NYSE,
0001716621,VTAK,15c8fd09-b8da-4889-96ba-07b3c1ad701c,"Catheter Precision, Inc.",AMEX,
0001793663,VTEX,f16bae2a-25c9-460c-aa9b-24df37481576,VTEX,NYSE,
0001411685,VTGN,e36d9b30-4ec0-4d6c-a50d-3b79bf155f92,"Vistagen Therapeutics, Inc.",NASDAQ,
0000883265,VTN,e9ed031b-7eb6-4a6a-b8fc-0912d5ad9f54,Invesco Trust for Investment Grade New York Municipals,NYSE,
0001525221,VTOL,6d2dd061-3ee1-45bd-8dce-31631f57f190,Bristow Group Inc.,NYSE,
0000740260,VTR,a760766c-8c49-4886-85af-990e47f9d78a,"Ventas, Inc.",NYSE,
0001792044,VTRS,7cafa08c-242c-49a3-882d-6a410c49969e,Viatris Inc,NASDAQ,
0001944558,VTS,076b5d12-c67f-44e2-92c2-e90e5ba02d57,"Vitesse Energy, Inc.",NYSE,
0001085243,VTSI,57e04a81-6afc-4594-b8b0-0a654ddcb11f,"VirTra, Inc",NASDAQ,
0001641489,VTVT,4b8d7456-f622-426b-b0e6-b42abdf6e095,vTv Therapeutics Inc.,NASDAQ,
0001716166,VVOS,8a2a3b79-ebcf-4e32-a606-96418f63643b,"Vivos Therapeutics, Inc.",NASDAQ,
0001059386,VVR,8d0c327a-5290-46ef-bdb8-f4aa4f759424,Invesco Senior Income Trust,NYSE,
0001674910,VVV,c800cfc1-617a-43ff-bcbd-ccebbfdc638d,VALVOLINE INC,NYSE,
0001601548,VVX,9d4f1cfc-a685-4b71-baf8-f750a0adead7,"V2X, Inc.",NYSE,
0002038439,VWAVW,5c265c3a-a3d2-4f65-a9bb-9b0ac2529af2,"VisionWave Holdings, Inc.",NASDAQ,
0001640266,VYGR,d81d81d1-8e5f-4c2e-8ae0-01e91389285b,"Voyager Therapeutics, Inc.",NASDAQ,
0000070866,VYX,0ac9cc03-e982-449a-925c-55229ce8c57e,NCR Voyix Corp,NYSE,
0000732712,VZ,a54066ec-ebb0-4d1e-b7cf-cd84298515ec,VERIZON COMMUNICATIONS INC,NYSE,
0001796073,VZLA,d5c6106f-0dfb-4dd7-af80-42f8f6658a5b,Vizsla Silver Corp.,AMEX,
0001616707,W,322ddf50-6705-413e-99a3-b97af39d5a14,Wayfair Inc.,NYSE,
0000311094,WABC,4caf7d5f-b3a4-4d77-ada6-838605168ac2,WESTAMERICA BANCORPORATION,NASDAQ,
0001716770,WAFU,d32ea6ed-22e5-49ed-88d6-05303de5a35b,Wah Fu Education Group Ltd,NASDAQ,
0001212545,WAL,106fe45c-e07e-4685-99f3-329384ad3c6d,WESTERN ALLIANCE BANCORPORATION,NYSE,
0001840199,WALDW,caf1c729-8884-4eb9-81f7-684ceb50699e,Waldencast plc,NASDAQ,
0000737468,WASH,ef8e9b7f-6d85-4ec7-b6d8-053b2fa16bfb,WASHINGTON TRUST BANCORP INC,NASDAQ,
0001000697,WAT,4373b822-84c5-4a0b-87f8-428c6e982a1b,WATERS CORP /DE/,NYSE,
0001575793,WATT,1f8e6a39-0d10-4223-8c71-fae5fa767708,Energous Corp,NASDAQ,
0001846715,WAVE,8cd01e8d-d6e4-4357-a906-7348b8573559,Eco Wave Power Global AB (publ),NASDAQ,
0001990354,WAY,31885bf7-4126-4f8f-9dbb-a690970a17b9,Waystar Holding Corp.,NASDAQ,
0001437107,WBD,c8899fc1-c3b2-411c-a940-4b9380a09b84,"Warner Bros. Discovery, Inc.",NASDAQ,
0002064947,WBI,980b0325-fb42-4b3d-96dd-a4e4c99cbfdf,WaterBridge Infrastructure LLC,NYSE,
0000801337,WBS,bd478897-431e-49f2-be59-e586b75fcaba,WEBSTER FINANCIAL CORP,NYSE,
0001997859,WBTN,206678de-0a5f-4a1c-9979-488acc7dfa72,WEBTOON Entertainment Inc.,NASDAQ,
0001946703,WBUY,d6221f34-dbd7-4ac1-8c92-4cb513b53ac2,WEBUY GLOBAL LTD,NASDAQ,
0001866501,WBX,59e0d535-4448-402a-8bb2-fcaa4bd38861,Wallbox N.V.,NYSE,
0000929008,WCC,ed5f5e16-049a-4d94-b536-5b255f59fe9f,WESCO INTERNATIONAL INC,NYSE,
0001318220,WCN,fd6bb024-f31b-47df-a53a-49e8e8e3a37f,"Waste Connections, Inc.",NYSE,
0001497770,WD,9d7d91d8-5ed4-4dfc-8620-04ef0f62afa5,"Walker & Dunlop, Inc.",NYSE,
0000106040,WDC,70cb03f3-2184-4a3a-b04c-ad5ff9524612,WESTERN DIGITAL CORP,NASDAQ,
0001819559,WDI,bc42c0b5-51e6-4a8b-9ad1-07cca828e3e7,Western Asset Diversified Income Fund (WDI),NYSE,
0001163792,WEA,4d3605c4-34d3-48b9-98d1-8eff3f3e403e,WESTERN ASSET PREMIER BOND FUND,NYSE,
0001609151,WEAV,1188fa69-603d-4fbc-978a-b773da578b2c,"Weave Communications, Inc.",NYSE,
0000783325,WEC,3fc48ca4-397a-48d0-aae0-908c807f7159,"WEC ENERGY GROUP, INC.",NYSE,
0000766704,WELL,b94a7925-39e6-4a74-9db6-44888cb57d40,WELLTOWER INC.,NYSE,
0002104260,WENC,1fc6bf5d-e4f4-427f-aa4c-038d1540cf04,West Enclave Merger Corp.,NYSE,
0002057043,WENNU,13ac061a-a09c-45bc-a2b6-48167c4613c8,WEN Acquisition Corp,NASDAQ,
0000793074,WERN,ee2168db-f0a4-4b15-9a6b-bf5f171db41e,WERNER ENTERPRISES INC,NASDAQ,
0001423902,WES,64b1ce67-9c84-4a31-babf-cf27c1d88829,"Western Midstream Partners, LP",NYSE,
0001806347,WEST,e0b5bcfc-fc96-4997-9eb2-7e0da7dfe601,Westrock Coffee Co,NASDAQ,
0001826660,WETH,1f1d1867-a373-424b-9666-dc906bc74457,Wetouch Technology Inc.,NASDAQ,
0001941158,WETO,0d3c6aac-f394-42b6-a15a-b0a509bfe243,Wetour Robotics Ltd,NASDAQ,
0001309108,WEX,bd64a706-7e82-440a-ae2a-d740f7d1cbcc,WEX Inc.,NYSE,
0000106532,WEYS,68368bd9-dbb4-4ae1-aacb-82224dd01d12,WEYCO GROUP INC,NASDAQ,
0000072971,WFC,f9700a20-b0fe-4516-87c5-9d7b096d5539,WELLS FARGO & COMPANY/MN,NYSE,
0001360565,WFCF,9b50f052-d432-498a-9931-25d82f1ba156,"Where Food Comes From, Inc.",NASDAQ,
0001402388,WFG,96069290-ed14-4aaa-ac47-010c7c4cc05e,"WEST FRASER TIMBER CO., LTD",NYSE,
0001603923,WFRD,c34cea27-2f64-4b21-9059-b2e0433abd62,Weatherford International plc,NASDAQ,
0000107687,WGO,2ef3f074-a9dc-4eab-b0c6-d5a97b70c359,WINNEBAGO INDUSTRIES INC,NYSE,
0001722684,WH,b730cd2f-3288-44fa-8166-ec9ea28528c5,"WYNDHAM HOTELS & RESORTS, INC.",NYSE,
0001699136,WHD,674aca71-b301-49c3-ba96-47f7b1cff38a,"Cactus, Inc.",NYSE,
0001552198,WHF,caeb5763-6366-4a6a-982c-b1c441693675,"WhiteHorse Finance, Inc.",NASDAQ,
0001165002,WHG,52912975-d2de-4294-b1a9-a7af1037e3eb,WESTWOOD HOLDINGS GROUP INC,NYSE,
0001921603,WHK,eb6e8445-2218-4b80-9342-c857cf7e713d,WhiteHawk Minerals Corp.,NYSE,
0001527541,WHLR,c4c6495e-e558-4346-a30e-8d4b358e2dfb,"Wheeler Real Estate Investment Trust, Inc.",NASDAQ,
0000106640,WHR,a7a9edc6-1d8b-4c37-9497-c0bcba62939b,WHIRLPOOL CORP /DE/,NYSE,
0001422142,WHWK,200566e8-cd65-46a0-ad98-d2b2fedc1fa3,"Whitehawk Therapeutics, Inc.",NASDAQ,
0001254370,WIA,84db37a2-d331-4a66-bf04-322f6c85c7ea,WESTERN ASSET INFLATION-LINKED INCOME FUND,NYSE,
0001030997,WILC,cc3b9c70-915c-47ac-8b66-8ae9c17c0ab1,G WILLI FOOD INTERNATIONAL LTD,NASDAQ,
0001770088,WIMI,448aeb30-eaad-40a2-96ad-33836d7e0ad6,WiMi Hologram Cloud Inc.,NASDAQ,
0000908315,WINA,50d387c3-2d1e-4ad7-9698-ec797fd8d047,WINMARK CORP,NASDAQ,
0001636222,WING,50408328-fa0d-4eed-bac5-dae4dc55d50a,Wingstop Inc.,NASDAQ,
0001123799,WIT,6504b97c-ce65-418d-a704-dddc8ba1d0df,WIPRO LTD,NYSE,
0001267902,WIW,fda925e3-c46c-452c-88c4-c16a0703060d,WESTERN ASSET INFLATION-LINKED OPPORTUNITIES & INCOME FUND,NYSE,
0001576789,WIX,4aebf6c4-84fa-4808-81b3-8f83abbb4e6e,Wix.com Ltd.,NASDAQ,
0001445305,WK,7839822d-f612-4e8a-9020-7ad829f05436,WORKIVA INC,NYSE,
0000789460,WKC,097ec520-94aa-4c62-af9c-590439869d35,WORLD KINECT CORP,NYSE,
0001738699,WKEY,01fc96e4-07cc-4d1b-983f-1ea3900732c0,Wisekey International Holding S.A.,NASDAQ,
0001425287,WKHS,5ca9e882-1f12-4938-a6a4-9909b8ff26f2,Workhorse Group Inc.,NASDAQ,
0001096275,WKSP,9aef042d-9604-48b5-b687-3409b96d36dd,Worksport Ltd,NASDAQ,
0002101470,WLCOU,f438f868-24d9-4a60-ac1b-71f3b63b57bd,Wilco 63 Corp,NASDAQ,
0001370450,WLDN,89100e20-0b4c-4c88-b864-75afd55f614c,"Willdan Group, Inc.",NASDAQ,
0001887673,WLDSW,06d7ef6f-a6e7-4fe6-a14e-f8a74a8fa09e,Wearable Devices Ltd.,NASDAQ,
0001018164,WLFC,9816ad43-c6e6-4a99-8a05-dc49eca103ba,WILLIS LEASE FINANCE CORP,NASDAQ,
0002083946,WLIIU,9c2817d3-62b6-4407-b4ee-3e7fa4e61fc1,Willow Lane Acquisition Corp. II,NASDAQ,
0001262823,WLK,135e3e5b-a7b5-48aa-a123-17fdf89c328d,WESTLAKE CORP,NYSE,
0001604665,WLKP,7cadfce2-887c-4d6b-860d-2e456113e8d3,Westlake Chemical Partners LP,NYSE,
0001524566,WLTH,8bb31424-3cd3-44a4-b6ad-6f334af48292,WEALTHFRONT CORP,NASDAQ,
0000107140,WLY,90835529-1e91-499b-8bf4-8cf1131433f1,"JOHN WILEY & SONS, INC.",NYSE,
0000823768,WM,15110ac1-3d55-4832-bb54-f59ed4abeed1,WASTE MANAGEMENT INC,NYSE,
0000107263,WMB,b60af993-7490-471e-9926-1cbedb46fcef,"WILLIAMS COMPANIES, INC.",NYSE,
0001319161,WMG,e71c37b8-196f-4cec-a8d4-1cb4bf0f32f8,Warner Music Group Corp.,NASDAQ,
0000105418,WMK,b69753bc-c8d7-44b3-bdae-e33dc51bc8e2,WEIS MARKETS INC,NYSE,
0001604028,WMS,1525143e-c107-4c3c-87b3-f8fc907d83a2,"ADVANCED DRAINAGE SYSTEMS, INC.",NYSE,
0000104169,WMT,3f3e0ff9-599f-4fec-8842-6bc53f5129a1,Walmart Inc.,NASDAQ,
0000879526,WNC,136ea14c-1812-4af9-9b21-ba58f91a9fd3,WABASH NATIONAL Corp,NYSE,
0001157647,WNEB,2106a1a6-7c07-4255-b70a-149fad5d3578,"Western New England Bancorp, Inc.",NASDAQ,
0001787803,WNW,c7a7cf32-a86c-4098-b444-60d8927a3ae3,Meiwu Technology Co Ltd,NASDAQ,
0001929783,WOK,7d74ca19-78dd-4f33-9145-f7a813564f8d,WORK Medical Technology Group LTD,NASDAQ,
0000895419,WOLF,8b3960f5-bd17-4410-bf1e-396add3463b7,"WOLFSPEED, INC.",NYSE,
0001826470,WOOF,247c6a3e-c941-471d-9d7c-42c8d8cc9020,"Petco Health & Wellness Company, Inc.",NASDAQ,
0000108516,WOR,158765ed-1010-414d-b0df-faf8564e96b2,"WORTHINGTON ENTERPRISES, INC.",NYSE,
0002081536,WPAC,6ed605ed-82fc-4c3c-8ca1-a8fa31e823c5,White Pearl Acquisition Corp.,NYSE,
0001025378,WPC,017b3dd0-dd92-41f7-9937-a23341fc1d3b,W. P. Carey Inc.,NYSE,
0001323404,WPM,e1df637f-a75f-4bf3-bc52-d7f8084c7ccd,Wheaton Precious Metals Corp.,NYSE,
0000806968,WPP,cac2ea8c-f82b-406e-8bb5-975ce5209462,WPP plc,NYSE,
0001370416,WPRT,0da4866b-63ed-4579-a18c-d2e5595ae1d1,WESTPORT FUEL SYSTEMS INC.,NASDAQ,
0001702924,WRAP,d0ccaec0-9543-404f-aaed-182995fe9484,"WRAP TECHNOLOGIES, INC.",NASDAQ,
0000011544,WRB,a64399d5-f09d-469d-8cdc-291ef91235f7,BERKLEY W R CORP,NYSE,
0001504776,WRBY,5dfe04e1-328f-43db-b6ec-100c7f0dda2a,Warby Parker Inc.,NYSE,
0000108385,WRLD,9a1f9bbd-038e-4926-a6d9-dbff73259d62,WORLD ACCEPTANCE CORP,NASDAQ,
0001364125,WRN,a7937e28-38d3-43d3-a55e-1c5b110e0615,Western Copper & Gold Corp,AMEX,
0001968487,WS,e89dcdfe-ffa3-4bf2-bf90-0485fa78991f,"Worthington Steel, Inc.",NYSE,
0000203596,WSBC,99f94f11-dd88-4076-84c3-84ad2e4dd52b,WESBANCO INC,NASDAQ,
0001569994,WSBF,88b363cf-2206-45d7-8985-87f8fcb2ae39,"Waterstone Financial, Inc.",NASDAQ,
0002047235,WSBK,9ce9b968-633c-41f0-9977-dd115ff7f131,"Winchester Bancorp, Inc./MD/",NASDAQ,
0000828944,WSFS,eeb7a7b4-1a59-4424-98b0-0c0c066da5db,WSFS FINANCIAL CORP,NASDAQ,
0000719955,WSM,2820b0fc-1249-44d4-b749-18378cec217c,WILLIAMS SONOMA INC,NYSE,
0000105016,WSO,6dd2f957-3a4b-4872-8656-43b664ec37cd,WATSCO INC,NYSE,
0000105770,WST,b20d6720-9f3a-4999-b04b-2df846ebd64a,WEST PHARMACEUTICAL SERVICES INC,NYSE,
0002076192,WSTNR,c1fc41ee-f8e8-4e4e-8651-10f190e2e7f9,Westin Acquisition Corp,NASDAQ,
0000880631,WT,cbd8de9f-6071-4b53-b75c-0d0aa88f5be7,"WisdomTree, Inc.",NYSE,
0001166928,WTBA,2b309e74-5c24-4ca9-8357-4bfebe9f6706,WEST BANCORPORATION INC,NASDAQ,
0001987363,WTF,1d8f687f-8e03-44cb-8215-4291036d75fd,Waton Financial Ltd,NASDAQ,
0001015328,WTFC,3a91ce10-460a-4639-87ea-51b2f19dd9cc,WINTRUST FINANCIAL CORP,NASDAQ,
0002053927,WTGUU,b3d689a5-1142-44cf-a814-75ef37192186,Wintergreen Acquisition Corp.,NASDAQ,
0001288403,WTI,6354637c-943f-4fad-a3b6-de93c160ea20,W&T OFFSHORE INC,NYSE,
0000776867,WTM,bc24668d-18b0-41b1-828c-3b57604b1ab2,WHITE MOUNTAINS INSURANCE GROUP LTD,NYSE,
0000078128,WTRG,2819dadb-fa9a-4802-bdae-189234b5c49c,"Essential Utilities, Inc.",NYSE,
0000795403,WTS,21cc1090-6283-48e4-b03d-6e70dd39d1d4,WATTS WATER TECHNOLOGIES INC,NYSE,
0001693256,WTTR,d8c8e4c9-2aad-4ecd-bd1c-430731d81f0a,"Select Water Solutions, Inc.",NYSE,
0001140536,WTW,2f1bca3b-ed44-4246-ade0-f90c9ad52790,WILLIS TOWERS WATSON PLC,NASDAQ,
0001365135,WU,0e0c0862-4cca-4f81-b954-12b51e86090b,Western Union CO,NYSE,
0001083301,WULF,6f0fdddd-2cb5-4a92-821f-c460192ca19d,TERAWULF INC.,NASDAQ,
0001631574,WVE,5741302d-d231-4b36-9cc0-50b51fc239ca,Wave Life Sciences Ltd.,NASDAQ,
0000838875,WVVI,54e7466b-338d-4c29-9255-3c5c60a04b47,WILLAMETTE VALLEY VINEYARDS INC,NASDAQ,
0000105319,WW,a939231a-8834-48ef-833d-ba92b96badc3,"WW INTERNATIONAL, INC.",NASDAQ,
0000108312,WWD,c1f33411-cce6-496a-a6bf-4022abecfa8a,"Woodward, Inc.",NASDAQ,
0000839470,WWR,a34d19ed-5729-46e7-b2bf-a658743218de,"WESTWATER RESOURCES, INC.",AMEX,
0000110471,WWW,4b525725-a297-4fb2-94c3-7ced9a8e7bdb,WOLVERINE WORLD WIDE INC /DE/,NYSE,
0001979610,WXM,1cddad7e-fe28-4fb5-a879-d9215e6c307a,WF International Ltd.,NASDAQ,
0000106535,WY,4c3e17f6-0d5a-44ec-b05f-c0f7b973d7db,WEYERHAEUSER CO,NYSE,
0002042022,WYFI,c9b0b5c7-7383-41ee-a479-725d4c5168e3,"WhiteFiber, Inc.",NASDAQ,
0001999860,WYHG,02c158c7-b366-44ac-b9c5-aaf180947dd9,Wing Yip Food Holdings Group Ltd,NASDAQ,
0001174922,WYNN,762eca63-f335-4d9c-bfc5-83607ad4d8e9,WYNN RESORTS LTD,NASDAQ,
0001034760,WYY,ff778bae-7f43-4250-b192-c961c48e8945,WIDEPOINT CORP,AMEX,
0001641631,XAIR,24e97303-b8ad-4685-bcd6-da66ab65b846,"Beyond Air, Inc.",NASDAQ,
0001534525,XBIO,76208dfa-1955-48db-b05e-3add5f903cf3,"Xenetic Biosciences, Inc.",NASDAQ,
0001626878,XBIT,82f7bc91-3f07-4f2b-b79e-b68204531ca6,XBiotech Inc.,NASDAQ,
0001839530,XBP,fd581758-8ae3-4971-861a-56f0b4e718b3,"XBP Global Holdings, Inc.",NASDAQ,
0002083493,XCBEU,25908305-6501-4d13-a57b-e4403b41e516,X3 Acquisition Corp. Ltd.,NASDAQ,
0001698530,XCUR,e4d28eb4-5b84-4d8c-899b-2987fb76e529,"EXICURE, INC.",NASDAQ,
0000072903,XEL,152daa56-fc67-4627-b283-89405b4360fb,XCEL ENERGY INC,NASDAQ,
0001083220,XELB,fcc0e0c0-2d8e-4bd2-8c43-a84788fbbe26,"XCel Brands, Inc.",NASDAQ,
0001582313,XENE,b3b5b5e1-eb1e-4a75-97d7-ae57cdb5d446,Xenon Pharmaceuticals Inc.,NASDAQ,
0001867096,XERS,22978e9d-4b1c-478d-9845-8159f368ffc4,"Xeris Biopharma Holdings, Inc.",NASDAQ,
0002088103,XFLH,3dd34282-1074-4e30-9a13-3d116068a9cd,XFLH Capital Corp,NYSE,
0001703079,XFLT,843aed48-e14c-451b-8d5c-62d2cf95098c,XAI Floating Rate & Alternative Income Trust,NYSE,
0001501697,XFOR,58ee33d4-1f26-45b0-becf-89d4fdad198b,"X4 Pharmaceuticals, Inc",NASDAQ,
0001274737,XGN,4cd7581d-e6c5-47bd-a87c-a110ae73d226,EXAGEN INC.,NASDAQ,
0001616000,XHR,39b83d46-b444-4841-a799-1ac86120727b,"Xenia Hotels & Resorts, Inc.",NYSE,
0001603145,XIFR,d82dc1d8-5009-4e9f-a178-bd60e4180c00,"XPLR Infrastructure, LP",NYSE,
0002114229,XIIIU,cbfe0d2f-6c21-4181-96a6-8a7e694ed54e,Churchill Capital Corp XIII,NASDAQ,
0001840233,XLO,d62b5b98-99c6-46fd-a6f7-fc1f98acb095,"Xilio Therapeutics, Inc.",NASDAQ,
0001326732,XNCR,a573a26d-6955-4ae5-bf19-b25d2994ec39,Xencor Inc,NASDAQ,
0002097163,XNDU,6a8a0883-2cfd-4c6c-bda3-7be58ef1fd29,Xanadu Quantum Technologies Ltd,NASDAQ,
0002115436,XOM,0dd35bf7-a49c-4068-bce0-8e40b700454d,ExxonMobil Holdings Corp,NYSE,
0001788999,XPER,9e82300d-316b-4dd2-ae60-e99848141d5b,Xperi Inc.,NYSE,
0000917225,XPL,bec623fc-bbba-40d1-8386-e699afdfe558,SOLITARIO RESOURCES CORP.,AMEX,
0001166003,XPO,f9d55f85-5125-43a6-8cb6-7c8b3c49bbc4,"XPO, Inc.",NYSE,
0001802156,XPOF,22858a81-a0db-42cc-8731-8d623cd92934,"Xponential Fitness, Inc.",NYSE,
0001894954,XPON,63827a99-0d30-409c-9a7c-ea23ff90b0a8,Expion360 Inc.,NASDAQ,
0002126198,XPRO,d8030624-bccf-49d2-979e-ac13e2afba81,Expro Ltd,NYSE,
0000818479,XRAY,3f91e8a7-22c0-49b5-aefc-1b46182bc308,DENTSPLY SIRONA Inc.,NASDAQ,
0001533615,XRN,e65f6a8c-0400-4e2f-919b-3d64b2d9d550,Chiron Real Estate Inc.,NYSE,
0002039525,XRP,f161fb6b-ae15-4b17-972d-23183d11f528,Bitwise XRP ETF,ARCA,
0002044009,XRPNU,269e5311-e9a1-4909-a557-8bf01f38f038,Armada Acquisition Corp. II,NASDAQ,
0002059438,XRPZ,50c26728-1f0b-4e6c-a09a-ecf0369c1df2,Franklin XRP Trust,ARCA,
0001729214,XRTX,707288f1-3a26-4eb9-aebe-f28af0d3c970,XORTX Therapeutics Inc.,NASDAQ,
0001770450,XRXDW,c3e24041-9b7d-4f51-908a-c28c4f570d49,Xerox Holdings Corp,NASDAQ,
0002088807,XSLLU,37203d7b-1780-4e60-bd36-d3511d2b1beb,Xsolla SPAC 1,NASDAQ,
0001529113,XTIA,b9c4e0f1-7e82-437e-bb00-1fb0478e85c7,"XTI Aerospace, Inc.",NASDAQ,
0001023549,XTLB,2f5f6857-5f97-4482-9e4c-f1e30e3608bb,XTL BIOPHARMACEUTICALS LTD,NASDAQ,
0001453593,XTNT,dab31879-cc49-49dc-937d-15ae9eac9ca1,"Xtant Medical Holdings, Inc.",AMEX,
0002070457,XXI,aa881ed3-4560-4d10-9e00-eb109d3ec129,"Twenty One Capital, Inc.",NYSE,
0001347858,XXII,e762a3e2-a102-4272-95d9-d4aa363d4f0e,"22nd Century Group, Inc.",NASDAQ,
0001524472,XYL,2f9e8a74-914c-4b63-90f0-577fd772da6f,Xylem Inc.,NYSE,
0001512673,XYZ,3bd2f8c7-ceb9-4916-8a1e-4bcf3654efd9,"Block, Inc.",NYSE,
0001873951,XZO,ca6a470f-12e1-4688-92c9-e2574951afc6,"Exzeo Group, Inc.",NYSE,
0001964946,YAAS,a4c61975-b85b-42ce-a0e2-87518899d253,Youxin Technology Ltd,NASDAQ,
0001566044,YARW,ec5dd84e-2dbb-4c6f-9789-ac5e8c2f08bd,"Yarrow Bioscience, Inc.",NASDAQ,
0001415311,YCS,ef259c7c-a61f-4c18-8ae6-f66e69ee37e7,ProShares Trust II,ARCA,
0002075336,YCY,55982d8b-f0ff-42ef-affc-f4ad9be122a4,AA Mission Acquisition Corp. II,NYSE,
0002034723,YDDL,14327bd5-0e20-45f2-99b6-734c1913e9b1,One & one Green Technologies. INC,NASDAQ,
0002011674,YDESW,a52ca245-cf32-42f0-ba93-21d663bb3e18,YD Bio Ltd,NASDAQ,
0001413745,YDKG,bd52a498-07d1-431b-8ba2-cca6ade5423d,Yueda Digital Holding,NASDAQ,
0001345016,YELP,312a6087-18d9-4e9f-b8f0-c8a94ba05868,YELP INC,NYSE,
0001614178,YEXT,796b0273-30a2-4bfe-b48c-268d241a04ae,"Yext, Inc.",NYSE,
0001843165,YHC,341715c8-c335-48a1-8bbf-70c20a0329fb,LQR House Inc.,NASDAQ,
0001042187,YHGJ,bfd43c98-4e53-472c-b36b-65c8d030dba5,YUNHONG GREEN CTI LTD.,NASDAQ,
0002020987,YHNAU,73c5bf11-c6e0-4535-85d6-626ac4bf3b8d,YHN Acquisition I Ltd,NASDAQ,
0001868395,YIBO,689ae583-235b-4bbf-ac5a-b654b3ad82eb,Planet Image International Ltd,NASDAQ,
0002130386,YICCU,e80c6064-e3f1-4da9-ad09-a624b89ab0bc,Yorkville International Capital Corp.,NASDAQ,
0000108985,YORW,894b1a07-6b03-4d8a-81e1-67c1e64b4009,YORK WATER CO,NASDAQ,
0001856314,YOU,dbe48fd8-a5ed-4256-b1ee-4b08397edd36,"Clear Secure, Inc.",NYSE,
0002028177,YOUL,0e5b5a1b-2b9c-49f9-bdaa-cf88384b4702,Youlife Group Inc.,NASDAQ,
0001821468,YQ,139eca33-4599-4c64-9bca-c4967174cb5b,17 Education & Technology Group Inc.,NASDAQ,
0001631761,YRD,80ab4c59-100f-4e06-afcf-08c0eb5b6cfa,Yiren Digital Ltd.,NYSE,
0002087989,YSAU,8eeb13b3-22f8-4683-bbb3-b96e20935517,Texas Precious Metals Trust,NASDAQ,
0002086587,YSS,6caa93c3-18d2-4bf7-9a11-5318f461780c,York Space Systems Inc.,NYSE,
0001516899,YTRA,e34cf711-dacb-4066-9be9-211fe04288e6,"Yatra Online, Inc.",NASDAQ,
0001041061,YUM,932a2ac2-9eba-47f1-932a-0ce1408c3683,YUM BRANDS INC,NYSE,
0001673358,YUMC,b622314b-646e-467f-bd1f-18a11cb94531,"Yum China Holdings, Inc.",NYSE,
0001872090,YXT,336d89a3-0a69-457d-9a6c-0a78b32e2e79,YXT.COM GROUP HOLDING Ltd,NASDAQ,
0001966750,ZBAO,c155c246-393e-423f-8a79-77ec7aeff73d,Zhibao Technology Inc.,NASDAQ,
0001136869,ZBH,fc12f337-b4be-4805-9206-2f67ec0a0057,"ZIMMER BIOMET HOLDINGS, INC.",NYSE,
0001953926,ZBIO,adcf2678-e09e-45e3-96b5-9873a58a57de,"Zenas BioPharma, Inc.",NASDAQ,
0000877212,ZBRA,3c6eaa3f-d12a-4e72-aab5-b0e005ba631a,ZEBRA TECHNOLOGIES CORP,NASDAQ,
0001084048,ZD,4c771f3e-2dcc-4990-894a-afb94d38e285,"ZIFF DAVIS, INC.",NASDAQ,
0001966678,ZDAI,7638b23f-c43d-4064-86f4-cca74b7bde04,"DirectBooking Technology Co., Ltd.",NASDAQ,
0001667313,ZDGE,3885e7ce-ecfa-4416-b993-82cdf90b5d13,"Zedge, Inc.",AMEX,
0001997403,ZENA,0fccdbbd-95f2-4903-af3a-a236647aca59,"ZenaTech, Inc.",NASDAQ,
0001865506,ZEOWW,8b1aa167-a499-433d-a761-96e76891f998,Zeo Energy Corp.,NASDAQ,
0001851003,ZETA,fe4f3a29-a7f9-4904-a1f8-14b6917bbe02,Zeta Global Holdings Corp.,NYSE,
0001617640,ZG,1a95d5d2-ebb4-42c8-a408-9636a8bb3904,"ZILLOW GROUP, INC.",NASDAQ,
0001877787,ZGN,5ddcdefe-1eed-4a9a-8c11-5e4862577bc8,Ermenegildo Zegna N.V.,NYSE,
0001654126,ZIM,2315d972-1110-454f-bc7f-82b36f3861d2,ZIM Integrated Shipping Services Ltd.,NYSE,
0000109380,ZION,48cbc81a-1c23-4356-92b0-207871c6f6a3,"ZIONS BANCORPORATION, NATIONAL ASSOCIATION /UT/",NASDAQ,
0001617553,ZIP,1c206777-976f-42d2-b33e-81386f3d6e7b,"ZIPRECRUITER, INC.",NYSE,
0001941506,ZJK,b64a774c-60f4-4602-98ae-cd2beddb8117,"ZJK Industrial Co., Ltd.",NASDAQ,
0001837821,ZJYL,dff391bb-980c-4e40-a6d6-e5a54a202c1d,Jin Medical International Ltd.,NASDAQ,
0001687451,ZKIN,2bd12b7c-064e-48be-8042-7ddb859b64b1,"ZK International Group Co., Ltd.",NASDAQ,
0002087447,ZKPU,5a68ce77-bba1-4feb-a941-c9415ca5acdf,Lafayette Digital Acquisition Corp. I,NASDAQ,
0001585521,ZM,c2963936-2b0f-4eae-a0cc-dc28d3b33885,"Zoom Communications, Inc.",NASDAQ,
0001747661,ZNB,955320f0-04e9-47ac-aa6b-51af38cb66bf,Zeta Network Group,NASDAQ,
0001725160,ZNTL,a2bbc790-eeeb-442d-a3f2-3b1e2a92be1b,"Zentalis Pharmaceuticals, Inc.",NASDAQ,
0001956741,ZONE,d51fbc97-4d34-42ac-962c-304fed5cbc9b,"CleanCore Solutions, Inc.",AMEX,
0001992818,ZOOZW,c9756459-c8bd-41ab-adb0-026d7fca3fd0,ZOOZ Strategy Ltd.,NASDAQ,
0001713683,ZS,8b059378-e1d0-422c-b80e-157b34700dd6,"Zscaler, Inc.",NASDAQ,
0001759186,ZSQR,b50f34d4-dc5b-4a7f-ae2f-c62bd098a211,Z Squared Inc.,NASDAQ,
0001790169,ZSTK,e51e13e4-052e-4949-ac1c-463e3af34f4e,ZeroStack Corp.,NASDAQ,
0001904501,ZTEK,3610c232-676d-41cf-8061-58b734cb8493,Zentek Ltd.,NASDAQ,
0002011458,ZTG,dd52f652-933a-4079-a7db-1f667734ab62,Zenta Group Co Ltd,NASDAQ,
0000836412,ZTR,26aad05d-9a3a-4aa2-9090-03b12fdd2622,Virtus Total Return Fund Inc.,NYSE,
0001555280,ZTS,5344140c-ca01-4435-8a4a-217d4496bd35,Zoetis Inc.,NYSE,
0001318008,ZUMZ,bd960cb2-83a3-4618-aa09-fc7b6d88e4b2,Zumiez Inc,NASDAQ,
0001854139,ZVIA,38063a4f-c285-459e-b671-c3605d46da45,Zevia PBC,NYSE,
0001434647,ZVRA,6f0b4ff5-1a47-4629-94fb-bae8671fa435,"ZEVRA THERAPEUTICS, INC.",NASDAQ,
0001439288,ZWS,608fe967-e866-494c-b7e8-df618346dbf7,Zurn Elkay Water Solutions Corp,NYSE,
0001975641,ZYBT,8cd8cf1d-2d81-4055-95c9-ed9798459c47,Zhengye Biotechnology Holding Ltd,NASDAQ,
0001937653,ZYME,f5e26ca5-9e87-4dd8-8d10-9bb9312da876,Zymeworks Inc.,NASDAQ,
